country,date,restrictions_index
Brazil,2019-12-30,0.0
Brazil,2020-01-06,0.0
Brazil,2020-01-13,0.0
Brazil,2020-01-20,0.0
Brazil,2020-01-27,3.971428571428571
Brazil,2020-02-03,5.56
Brazil,2020-02-10,5.56
Brazil,2020-02-17,5.56
Brazil,2020-02-24,5.56
Brazil,2020-03-02,11.11
Brazil,2020-03-09,26.321428571428573
Brazil,2020-03-16,62.36714285714286
Brazil,2020-03-23,72.95142857142858
Brazil,2020-03-30,74.54
Brazil,2020-04-06,74.54
Brazil,2020-04-13,74.54
Brazil,2020-04-20,74.9357142857143
Brazil,2020-04-27,77.31000000000002
Brazil,2020-05-04,80.49
Brazil,2020-05-11,81.02
Brazil,2020-05-18,81.02
Brazil,2020-05-25,81.02
Brazil,2020-06-01,77.31000000000002
Brazil,2020-06-08,77.31000000000002
Brazil,2020-06-15,77.31000000000002
Brazil,2020-06-22,77.31000000000002
Brazil,2020-06-29,78.89999999999999
Brazil,2020-07-06,81.02
Brazil,2020-07-13,81.02
Brazil,2020-07-20,81.02
Brazil,2020-07-27,75.07000000000001
Brazil,2020-08-03,72.69
Brazil,2020-08-10,71.89571428571428
Brazil,2020-08-17,69.91
Brazil,2020-08-24,73.61
Brazil,2020-08-31,69.91
Brazil,2020-09-07,69.91
Brazil,2020-09-14,69.91
Brazil,2020-09-21,67.92428571428572
Brazil,2020-09-28,67.13
Brazil,2020-10-05,65.01571428571428
Brazil,2020-10-12,63.43
Brazil,2020-10-19,61.04714285714285
Brazil,2020-10-26,57.87
Brazil,2020-11-02,57.87
Brazil,2020-11-09,57.87
Brazil,2020-11-16,57.87
Brazil,2020-11-23,57.87
Brazil,2020-11-30,62.23857142857143
Brazil,2020-12-07,63.029999999999994
Brazil,2020-12-14,63.952857142857134
Brazil,2020-12-21,64.35
Brazil,2020-12-28,64.35
Brazil,2021-01-04,62.76142857142857
Brazil,2021-01-11,68.32142857142857
Brazil,2021-01-18,72.69
Brazil,2021-01-25,70.30714285714285
Brazil,2021-02-01,69.91
Brazil,2021-02-08,69.91
Brazil,2021-02-15,73.61
Brazil,2021-02-22,73.21285714285715
Brazil,2021-03-01,67.13
Brazil,2021-03-08,67.13
Brazil,2021-03-15,69.77285714285713
Brazil,2021-03-22,70.83
Brazil,2021-03-29,70.83
Brazil,2021-04-05,70.83
Brazil,2021-04-12,70.83
Brazil,2021-04-19,61.04714285714285
Brazil,2021-04-26,60.65
Brazil,2021-05-03,56.94
Brazil,2021-05-10,58.0
Brazil,2021-05-17,60.65
Brazil,2021-05-24,63.82142857142857
Brazil,2021-05-31,66.2
Brazil,2021-06-07,60.65
Brazil,2021-06-14,60.65
Brazil,2021-06-21,60.65
Brazil,2021-06-28,60.65
Brazil,2021-07-05,58.0
Brazil,2021-07-12,56.94
Brazil,2021-07-19,56.94
Brazil,2021-07-26,56.94
Brazil,2021-08-02,52.18285714285714
Brazil,2021-08-09,51.39
Brazil,2021-08-16,51.39
Brazil,2021-08-23,51.39
Brazil,2021-08-30,55.32285714285714
Brazil,2021-09-06,56.68571428571429
Brazil,2021-09-13,56.37
Brazil,2021-09-20,56.08142857142857
Brazil,2021-09-27,55.79714285714285
Brazil,2021-10-04,55.54
Brazil,2021-10-11,55.32142857142857
Brazil,2021-10-18,45.815714285714286
Brazil,2021-10-25,45.54571428571428
Brazil,2021-11-01,45.38142857142857
Brazil,2021-11-08,45.15571428571428
Brazil,2021-11-15,44.97571428571428
Brazil,2021-11-22,44.80142857142857
Brazil,2021-11-29,50.201428571428565
Brazil,2021-12-06,53.355714285714285
Brazil,2021-12-13,61.57
Brazil,2021-12-20,61.57
Brazil,2021-12-27,57.42714285714286
Brazil,2022-01-03,47.050000000000004
Brazil,2022-01-10,43.40428571428571
Brazil,2022-01-17,38.458571428571425
Brazil,2022-01-24,35.05714285714286
Brazil,2022-01-31,34.42285714285715
Brazil,2022-02-07,38.128571428571426
Brazil,2022-02-14,38.707142857142856
Brazil,2022-02-21,35.4
Brazil,2022-02-28,34.892857142857146
Brazil,2022-03-07,34.864285714285714
Brazil,2022-03-14,34.74142857142857
Brazil,2022-03-21,34.651428571428575
Brazil,2022-03-28,33.96857142857143
Brazil,2022-04-04,33.09142857142857
Brazil,2022-04-11,31.527142857142856
Brazil,2022-04-18,29.46
Brazil,2022-04-25,29.395714285714288
Brazil,2022-05-02,29.327142857142857
Brazil,2022-05-09,29.264285714285712
Brazil,2022-05-16,29.224285714285713
Brazil,2022-05-23,29.185714285714287
Brazil,2022-05-30,29.135714285714283
Brazil,2022-06-06,29.02
Brazil,2022-06-13,27.49142857142857
Brazil,2022-06-20,27.457142857142856
Brazil,2022-06-27,27.40857142857143
Brazil,2022-07-04,27.364285714285717
Brazil,2022-07-11,27.334285714285716
Brazil,2022-07-18,27.312857142857144
Brazil,2022-07-25,25.72
Brazil,2022-08-01,24.97
Brazil,2022-08-08,23.935714285714287
Brazil,2022-08-15,23.92571428571429
Brazil,2022-08-22,23.919999999999998
Brazil,2022-08-29,22.22
Brazil,2022-09-05,22.22
Brazil,2022-09-12,22.22
Brazil,2022-09-19,22.22
Brazil,2022-09-26,22.22
Brazil,2022-10-03,22.22
Brazil,2022-10-10,22.22
Brazil,2022-10-17,22.22
Brazil,2022-10-24,22.22
Brazil,2022-10-31,22.22
Brazil,2022-11-07,22.22
Brazil,2022-11-14,22.22
Brazil,2022-11-21,22.22
Brazil,2022-11-28,22.22
Brazil,2022-12-05,22.22
Brazil,2022-12-12,22.22
Brazil,2022-12-19,22.22
Brazil,2022-12-26,22.22
Chile,2019-12-30,0.0
Chile,2020-01-06,0.0
Chile,2020-01-13,0.0
Chile,2020-01-20,0.0
Chile,2020-01-27,0.0
Chile,2020-02-03,0.0
Chile,2020-02-10,0.0
Chile,2020-02-17,0.0
Chile,2020-02-24,0.0
Chile,2020-03-02,0.0
Chile,2020-03-09,4.761428571428572
Chile,2020-03-16,54.098571428571425
Chile,2020-03-23,69.84428571428572
Chile,2020-03-30,75.92999999999999
Chile,2020-04-06,75.92999999999999
Chile,2020-04-13,75.92999999999999
Chile,2020-04-20,75.92999999999999
Chile,2020-04-27,75.92999999999999
Chile,2020-05-04,76.72285714285715
Chile,2020-05-11,79.16857142857143
Chile,2020-05-18,81.02
Chile,2020-05-25,81.02
Chile,2020-06-01,81.02
Chile,2020-06-08,81.02
Chile,2020-06-15,81.02
Chile,2020-06-22,81.02
Chile,2020-06-29,84.46000000000001
Chile,2020-07-06,90.28
Chile,2020-07-13,90.28
Chile,2020-07-20,90.28
Chile,2020-07-27,90.28
Chile,2020-08-03,89.88285714285715
Chile,2020-08-10,87.5
Chile,2020-08-17,87.5
Chile,2020-08-24,87.5
Chile,2020-08-31,87.5
Chile,2020-09-07,87.5
Chile,2020-09-14,87.5
Chile,2020-09-21,87.5
Chile,2020-09-28,87.5
Chile,2020-10-05,87.5
Chile,2020-10-12,87.5
Chile,2020-10-19,87.5
Chile,2020-10-26,87.5
Chile,2020-11-02,83.52857142857144
Chile,2020-11-09,81.93999999999998
Chile,2020-11-16,81.93999999999998
Chile,2020-11-23,76.39
Chile,2020-11-30,76.39
Chile,2020-12-07,74.00714285714285
Chile,2020-12-14,73.61
Chile,2020-12-21,78.37571428571428
Chile,2020-12-28,79.17
Chile,2021-01-04,79.17
Chile,2021-01-11,79.17
Chile,2021-01-18,79.17
Chile,2021-01-25,79.17
Chile,2021-02-01,79.17
Chile,2021-02-08,79.17
Chile,2021-02-15,79.17
Chile,2021-02-22,79.17
Chile,2021-03-01,79.17
Chile,2021-03-08,79.17
Chile,2021-03-15,79.17
Chile,2021-03-22,79.17
Chile,2021-03-29,79.17
Chile,2021-04-05,81.93999999999998
Chile,2021-04-12,81.93999999999998
Chile,2021-04-19,81.93999999999998
Chile,2021-04-26,84.72
Chile,2021-05-03,78.24
Chile,2021-05-10,78.50428571428571
Chile,2021-05-17,80.09
Chile,2021-05-24,84.05857142857143
Chile,2021-05-31,84.72
Chile,2021-06-07,84.72
Chile,2021-06-14,84.72
Chile,2021-06-21,84.72
Chile,2021-06-28,84.72
Chile,2021-07-05,84.72
Chile,2021-07-12,77.91142857142857
Chile,2021-07-19,65.55714285714285
Chile,2021-07-26,58.715714285714284
Chile,2021-08-02,58.63142857142857
Chile,2021-08-09,58.537142857142854
Chile,2021-08-16,58.44
Chile,2021-08-23,58.357142857142854
Chile,2021-08-30,58.24857142857143
Chile,2021-09-06,58.17857142857143
Chile,2021-09-13,58.13428571428572
Chile,2021-09-20,58.104285714285716
Chile,2021-09-27,49.76142857142857
Chile,2021-10-04,38.629999999999995
Chile,2021-10-11,38.51428571428572
Chile,2021-10-18,38.300000000000004
Chile,2021-10-25,35.152857142857144
Chile,2021-11-01,32.64857142857143
Chile,2021-11-08,32.33
Chile,2021-11-15,32.08857142857143
Chile,2021-11-22,31.915714285714284
Chile,2021-11-29,31.77857142857143
Chile,2021-12-06,31.67142857142857
Chile,2021-12-13,31.57
Chile,2021-12-20,31.49857142857143
Chile,2021-12-27,31.06714285714286
Chile,2022-01-03,30.054285714285715
Chile,2022-01-10,29.898571428571426
Chile,2022-01-17,29.775714285714287
Chile,2022-01-24,29.68285714285714
Chile,2022-01-31,29.58857142857143
Chile,2022-02-07,29.497142857142855
Chile,2022-02-14,29.419999999999998
Chile,2022-02-21,29.337142857142855
Chile,2022-02-28,29.262857142857143
Chile,2022-03-07,29.03142857142857
Chile,2022-03-14,28.857142857142858
Chile,2022-03-21,28.82428571428571
Chile,2022-03-28,28.79
Chile,2022-04-04,28.76571428571429
Chile,2022-04-11,27.00857142857143
Chile,2022-04-18,25.68285714285714
Chile,2022-04-25,25.87857142857143
Chile,2022-05-02,27.18
Chile,2022-05-09,27.15857142857143
Chile,2022-05-16,27.135714285714283
Chile,2022-05-23,27.10571428571429
Chile,2022-05-30,27.07857142857143
Chile,2022-06-06,27.055714285714284
Chile,2022-06-13,27.034285714285716
Chile,2022-06-20,27.020000000000003
Chile,2022-06-27,27.004285714285714
Chile,2022-07-04,26.98428571428571
Chile,2022-07-11,26.964285714285715
Chile,2022-07-18,26.947142857142858
Chile,2022-07-25,26.928571428571427
Chile,2022-08-01,26.914285714285715
Chile,2022-08-08,26.90285714285714
Chile,2022-08-15,26.892857142857142
Chile,2022-08-22,26.875714285714285
Chile,2022-08-29,26.864285714285717
Chile,2022-09-05,26.854285714285716
Chile,2022-09-12,26.85
Chile,2022-09-19,26.84142857142857
Chile,2022-09-26,23.254285714285714
Chile,2022-10-03,14.3
Chile,2022-10-10,14.3
Chile,2022-10-17,14.3
Chile,2022-10-24,14.3
Chile,2022-10-31,14.3
Chile,2022-11-07,13.89
Chile,2022-11-14,13.89
Chile,2022-11-21,13.89
Chile,2022-11-28,13.89
Chile,2022-12-05,13.89
Chile,2022-12-12,13.89
Chile,2022-12-19,13.89
Chile,2022-12-26,13.89
Colombia,2019-12-30,0.0
Colombia,2020-01-06,0.0
Colombia,2020-01-13,0.0
Colombia,2020-01-20,7.140000000000001
Colombia,2020-01-27,8.33
Colombia,2020-02-03,8.33
Colombia,2020-02-10,8.33
Colombia,2020-02-17,8.33
Colombia,2020-02-24,12.040000000000001
Colombia,2020-03-02,12.040000000000001
Colombia,2020-03-09,25.924285714285713
Colombia,2020-03-16,50.135714285714286
Colombia,2020-03-23,78.17142857142856
Colombia,2020-03-30,87.96
Colombia,2020-04-06,87.96
Colombia,2020-04-13,84.78857142857143
Colombia,2020-04-20,85.45142857142858
Colombia,2020-04-27,90.74
Colombia,2020-05-04,88.09714285714287
Colombia,2020-05-11,87.04
Colombia,2020-05-18,87.04
Colombia,2020-05-25,87.04
Colombia,2020-06-01,87.04
Colombia,2020-06-08,87.04
Colombia,2020-06-15,87.04
Colombia,2020-06-22,87.04
Colombia,2020-06-29,87.04
Colombia,2020-07-06,87.04
Colombia,2020-07-13,87.04
Colombia,2020-07-20,87.04
Colombia,2020-07-27,87.04
Colombia,2020-08-03,87.04
Colombia,2020-08-10,87.04
Colombia,2020-08-17,87.04
Colombia,2020-08-24,87.04
Colombia,2020-08-31,73.54857142857144
Colombia,2020-09-07,71.3
Colombia,2020-09-14,71.3
Colombia,2020-09-21,71.3
Colombia,2020-09-28,71.3
Colombia,2020-10-05,71.3
Colombia,2020-10-12,71.3
Colombia,2020-10-19,65.74
Colombia,2020-10-26,65.74
Colombia,2020-11-02,65.74
Colombia,2020-11-09,65.74
Colombia,2020-11-16,65.74
Colombia,2020-11-23,62.568571428571424
Colombia,2020-11-30,60.19
Colombia,2020-12-07,60.19
Colombia,2020-12-14,60.19
Colombia,2020-12-21,60.19
Colombia,2020-12-28,60.19
Colombia,2021-01-04,72.09285714285714
Colombia,2021-01-11,81.02
Colombia,2021-01-18,81.02
Colombia,2021-01-25,81.02
Colombia,2021-02-01,81.02
Colombia,2021-02-08,81.02
Colombia,2021-02-15,81.02
Colombia,2021-02-22,81.02
Colombia,2021-03-01,81.02
Colombia,2021-03-08,81.02
Colombia,2021-03-15,81.02
Colombia,2021-03-22,81.02
Colombia,2021-03-29,81.02
Colombia,2021-04-05,79.63
Colombia,2021-04-12,79.63
Colombia,2021-04-19,79.63
Colombia,2021-04-26,78.0442857142857
Colombia,2021-05-03,69.44
Colombia,2021-05-10,63.885714285714286
Colombia,2021-05-17,62.96
Colombia,2021-05-24,62.96
Colombia,2021-05-31,62.96
Colombia,2021-06-07,60.317142857142855
Colombia,2021-06-14,59.26
Colombia,2021-06-21,59.26
Colombia,2021-06-28,59.26
Colombia,2021-07-05,57.67142857142857
Colombia,2021-07-12,53.7
Colombia,2021-07-19,53.7
Colombia,2021-07-26,46.3
Colombia,2021-08-02,46.3
Colombia,2021-08-09,46.3
Colombia,2021-08-16,46.3
Colombia,2021-08-23,46.3
Colombia,2021-08-30,46.3
Colombia,2021-09-06,46.3
Colombia,2021-09-13,46.3
Colombia,2021-09-20,46.3
Colombia,2021-09-27,46.3
Colombia,2021-10-04,46.3
Colombia,2021-10-11,46.3
Colombia,2021-10-18,46.3
Colombia,2021-10-25,46.3
Colombia,2021-11-01,46.3
Colombia,2021-11-08,46.3
Colombia,2021-11-15,50.65
Colombia,2021-11-22,49.965714285714284
Colombia,2021-11-29,46.55714285714286
Colombia,2021-12-06,46.31428571428571
Colombia,2021-12-13,49.46999999999999
Colombia,2021-12-20,49.699999999999996
Colombia,2021-12-27,49.449999999999996
Colombia,2022-01-03,49.16285714285714
Colombia,2022-01-10,48.80428571428571
Colombia,2022-01-17,48.43714285714286
Colombia,2022-01-24,48.08571428571429
Colombia,2022-01-31,47.771428571428565
Colombia,2022-02-07,47.50142857142857
Colombia,2022-02-14,47.300000000000004
Colombia,2022-02-21,45.628571428571426
Colombia,2022-02-28,40.37285714285714
Colombia,2022-03-07,39.50714285714286
Colombia,2022-03-14,39.36857142857143
Colombia,2022-03-21,39.21142857142858
Colombia,2022-03-28,41.478571428571435
Colombia,2022-04-04,41.80285714285714
Colombia,2022-04-11,41.75857142857143
Colombia,2022-04-18,41.73
Colombia,2022-04-25,34.932857142857145
Colombia,2022-05-02,22.08142857142857
Colombia,2022-05-09,21.68285714285714
Colombia,2022-05-16,17.59
Colombia,2022-05-23,17.59
Colombia,2022-05-30,19.44
Colombia,2022-06-06,19.44
Colombia,2022-06-13,19.44
Colombia,2022-06-20,19.44
Colombia,2022-06-27,19.44
Colombia,2022-07-04,19.44
Colombia,2022-07-11,24.82
Colombia,2022-07-18,24.82
Colombia,2022-07-25,20.208571428571428
Colombia,2022-08-01,19.44
Colombia,2022-08-08,19.44
Colombia,2022-08-15,19.44
Colombia,2022-08-22,19.44
Colombia,2022-08-29,19.44
Colombia,2022-09-05,19.44
Colombia,2022-09-12,19.44
Colombia,2022-09-19,19.44
Colombia,2022-09-26,19.44
Colombia,2022-10-03,19.44
Colombia,2022-10-10,19.44
Colombia,2022-10-17,19.44
Colombia,2022-10-24,19.44
Colombia,2022-10-31,19.44
Colombia,2022-11-07,19.44
Colombia,2022-11-14,19.44
Colombia,2022-11-21,19.44
Colombia,2022-11-28,19.44
Colombia,2022-12-05,19.44
Colombia,2022-12-12,19.44
Colombia,2022-12-19,19.44
Colombia,2022-12-26,19.44
Dominican Republic,2019-12-30,0.0
Dominican Republic,2020-01-06,0.0
Dominican Republic,2020-01-13,0.0
Dominican Republic,2020-01-20,0.0
Dominican Republic,2020-01-27,0.0
Dominican Republic,2020-02-03,0.0
Dominican Republic,2020-02-10,0.0
Dominican Republic,2020-02-17,0.0
Dominican Republic,2020-02-24,0.0
Dominican Republic,2020-03-02,11.11
Dominican Republic,2020-03-09,11.11
Dominican Republic,2020-03-16,63.88714285714286
Dominican Republic,2020-03-23,92.59
Dominican Republic,2020-03-30,92.59
Dominican Republic,2020-04-06,92.59
Dominican Republic,2020-04-13,93.64999999999999
Dominican Republic,2020-04-20,96.3
Dominican Republic,2020-04-27,99.47142857142856
Dominican Republic,2020-05-04,100.0
Dominican Republic,2020-05-11,100.0
Dominican Republic,2020-05-18,89.6857142857143
Dominican Republic,2020-05-25,87.04
Dominican Republic,2020-06-01,87.04
Dominican Republic,2020-06-08,87.04
Dominican Republic,2020-06-15,87.04
Dominican Republic,2020-06-22,86.51
Dominican Republic,2020-06-29,77.38
Dominican Republic,2020-07-06,75.0
Dominican Republic,2020-07-13,75.0
Dominican Republic,2020-07-20,78.7
Dominican Republic,2020-07-27,78.7
Dominican Republic,2020-08-03,78.7
Dominican Republic,2020-08-10,78.7
Dominican Republic,2020-08-17,78.7
Dominican Republic,2020-08-24,78.7
Dominican Republic,2020-08-31,78.7
Dominican Republic,2020-09-07,78.7
Dominican Republic,2020-09-14,78.7
Dominican Republic,2020-09-21,78.7
Dominican Republic,2020-09-28,78.7
Dominican Republic,2020-10-05,70.76428571428572
Dominican Republic,2020-10-12,67.59
Dominican Republic,2020-10-19,67.59
Dominican Republic,2020-10-26,67.59
Dominican Republic,2020-11-02,67.59
Dominican Republic,2020-11-09,65.20714285714287
Dominican Republic,2020-11-16,64.81
Dominican Republic,2020-11-23,64.81
Dominican Republic,2020-11-30,64.81
Dominican Republic,2020-12-07,64.81
Dominican Republic,2020-12-14,63.22428571428571
Dominican Republic,2020-12-21,67.72571428571429
Dominican Republic,2020-12-28,69.97571428571429
Dominican Republic,2021-01-04,71.3
Dominican Republic,2021-01-11,67.59
Dominican Republic,2021-01-18,67.59
Dominican Republic,2021-01-25,62.832857142857144
Dominican Republic,2021-02-01,62.04
Dominican Republic,2021-02-08,62.04
Dominican Republic,2021-02-15,62.04
Dominican Republic,2021-02-22,62.04
Dominican Republic,2021-03-01,62.04
Dominican Republic,2021-03-08,62.04
Dominican Republic,2021-03-15,62.04
Dominican Republic,2021-03-22,62.04
Dominican Republic,2021-03-29,62.04
Dominican Republic,2021-04-05,59.65714285714285
Dominican Republic,2021-04-12,69.17857142857143
Dominican Republic,2021-04-19,70.37
Dominican Republic,2021-04-26,70.37
Dominican Republic,2021-05-03,70.37
Dominican Republic,2021-05-10,67.19857142857143
Dominican Republic,2021-05-17,67.85714285714286
Dominican Republic,2021-05-24,66.67
Dominican Republic,2021-05-31,63.49
Dominican Republic,2021-06-07,62.96
Dominican Republic,2021-06-14,62.96
Dominican Republic,2021-06-21,62.96
Dominican Republic,2021-06-28,62.96
Dominican Republic,2021-07-05,62.96
Dominican Republic,2021-07-12,60.58571428571428
Dominican Republic,2021-07-19,60.19
Dominican Republic,2021-07-26,60.19
Dominican Republic,2021-08-02,60.19
Dominican Republic,2021-08-09,59.39
Dominican Republic,2021-08-16,58.33
Dominican Republic,2021-08-23,56.347142857142856
Dominican Republic,2021-08-30,51.91857142857143
Dominican Republic,2021-09-06,53.24
Dominican Republic,2021-09-13,63.95428571428571
Dominican Republic,2021-09-20,65.74
Dominican Republic,2021-09-27,65.74
Dominican Republic,2021-10-04,65.74
Dominican Republic,2021-10-11,52.78000000000001
Dominican Republic,2021-10-18,59.00428571428571
Dominican Republic,2021-10-25,58.84142857142857
Dominican Republic,2021-11-01,57.151428571428575
Dominican Republic,2021-11-08,47.50142857142857
Dominican Republic,2021-11-15,47.38428571428572
Dominican Republic,2021-11-22,47.292857142857144
Dominican Republic,2021-11-29,47.22714285714285
Dominican Republic,2021-12-06,47.175714285714285
Dominican Republic,2021-12-13,47.12714285714286
Dominican Republic,2021-12-20,47.10285714285715
Dominican Republic,2021-12-27,47.082857142857144
Dominican Republic,2022-01-03,47.05142857142857
Dominican Republic,2022-01-10,47.021428571428565
Dominican Republic,2022-01-17,46.98571428571428
Dominican Republic,2022-01-24,46.94857142857143
Dominican Republic,2022-01-31,46.89714285714286
Dominican Republic,2022-02-07,46.86
Dominican Republic,2022-02-14,24.83571428571429
Dominican Republic,2022-02-21,8.33
Dominican Republic,2022-02-28,8.33
Dominican Republic,2022-03-07,8.33
Dominican Republic,2022-03-14,8.33
Dominican Republic,2022-03-21,8.33
Dominican Republic,2022-03-28,8.33
Dominican Republic,2022-04-04,8.33
Dominican Republic,2022-04-11,8.33
Dominican Republic,2022-04-18,7.538571428571428
Dominican Republic,2022-04-25,5.56
Dominican Republic,2022-05-02,5.56
Dominican Republic,2022-05-09,5.56
Dominican Republic,2022-05-16,5.56
Dominican Republic,2022-05-23,5.56
Dominican Republic,2022-05-30,5.56
Dominican Republic,2022-06-06,5.56
Dominican Republic,2022-06-13,5.56
Dominican Republic,2022-06-20,5.56
Dominican Republic,2022-06-27,5.56
Dominican Republic,2022-07-04,5.56
Dominican Republic,2022-07-11,5.56
Dominican Republic,2022-07-18,5.56
Dominican Republic,2022-07-25,5.56
Dominican Republic,2022-08-01,5.56
Dominican Republic,2022-08-08,5.56
Dominican Republic,2022-08-15,5.56
Dominican Republic,2022-08-22,5.56
Dominican Republic,2022-08-29,5.56
Dominican Republic,2022-09-05,5.56
Dominican Republic,2022-09-12,5.56
Dominican Republic,2022-09-19,5.56
Dominican Republic,2022-09-26,5.56
Dominican Republic,2022-10-03,5.56
Dominican Republic,2022-10-10,5.56
Dominican Republic,2022-10-17,5.56
Dominican Republic,2022-10-24,5.56
Dominican Republic,2022-10-31,5.56
Dominican Republic,2022-11-07,5.56
Dominican Republic,2022-11-14,5.56
Dominican Republic,2022-11-21,5.56
Dominican Republic,2022-11-28,5.56
Dominican Republic,2022-12-05,5.56
Dominican Republic,2022-12-12,5.56
Dominican Republic,2022-12-19,5.56
Dominican Republic,2022-12-26,5.56
Germany,2019-12-30,0.0
Germany,2020-01-06,0.0
Germany,2020-01-13,0.0
Germany,2020-01-20,2.382857142857143
Germany,2020-01-27,5.56
Germany,2020-02-03,5.56
Germany,2020-02-10,9.524285714285714
Germany,2020-02-17,11.11
Germany,2020-02-24,17.857142857142858
Germany,2020-03-02,25.0
Germany,2020-03-09,32.27428571428571
Germany,2020-03-16,56.348571428571425
Germany,2020-03-23,76.85
Germany,2020-03-30,76.85
Germany,2020-04-06,76.85
Germany,2020-04-13,76.85
Germany,2020-04-20,76.85
Germany,2020-04-27,76.65142857142857
Germany,2020-05-04,66.73142857142857
Germany,2020-05-11,63.55571428571428
Germany,2020-05-18,59.98428571428571
Germany,2020-05-25,59.71999999999999
Germany,2020-06-01,59.71999999999999
Germany,2020-06-08,59.71999999999999
Germany,2020-06-15,61.839999999999996
Germany,2020-06-22,63.43
Germany,2020-06-29,63.43
Germany,2020-07-06,56.28142857142858
Germany,2020-07-13,55.089999999999996
Germany,2020-07-20,55.089999999999996
Germany,2020-07-27,56.28142857142858
Germany,2020-08-03,57.86857142857143
Germany,2020-08-10,56.94
Germany,2020-08-17,56.94
Germany,2020-08-24,59.71999999999999
Germany,2020-08-31,55.09285714285714
Germany,2020-09-07,49.54
Germany,2020-09-14,49.54
Germany,2020-09-21,49.54
Germany,2020-09-28,49.54
Germany,2020-10-05,49.54
Germany,2020-10-12,54.83142857142857
Germany,2020-10-19,59.857142857142854
Germany,2020-10-26,60.65
Germany,2020-11-02,62.04
Germany,2020-11-09,62.04
Germany,2020-11-16,62.04
Germany,2020-11-23,62.04
Germany,2020-11-30,67.59
Germany,2020-12-07,67.59
Germany,2020-12-14,79.23428571428572
Germany,2020-12-21,82.41
Germany,2020-12-28,82.41
Germany,2021-01-04,84.52714285714285
Germany,2021-01-11,83.33
Germany,2021-01-18,83.33
Germany,2021-01-25,83.33
Germany,2021-02-01,83.33
Germany,2021-02-08,83.33
Germany,2021-02-15,83.33
Germany,2021-02-22,81.48
Germany,2021-03-01,77.78
Germany,2021-03-08,77.78
Germany,2021-03-15,76.98571428571428
Germany,2021-03-22,75.0
Germany,2021-03-29,75.0
Germany,2021-04-05,75.0
Germany,2021-04-12,75.0
Germany,2021-04-19,75.0
Germany,2021-04-26,75.0
Germany,2021-05-03,75.0
Germany,2021-05-10,75.0
Germany,2021-05-17,75.0
Germany,2021-05-24,75.0
Germany,2021-05-31,69.44
Germany,2021-06-07,69.44
Germany,2021-06-14,69.44
Germany,2021-06-21,69.44
Germany,2021-06-28,69.44
Germany,2021-07-05,69.44
Germany,2021-07-12,69.44
Germany,2021-07-19,69.44
Germany,2021-07-26,69.04428571428572
Germany,2021-08-02,61.90428571428571
Germany,2021-08-09,61.11
Germany,2021-08-16,59.91857142857143
Germany,2021-08-23,42.878571428571426
Germany,2021-08-30,42.10857142857143
Germany,2021-09-06,40.324285714285715
Germany,2021-09-13,36.15428571428571
Germany,2021-09-20,35.51428571428571
Germany,2021-09-27,34.848571428571425
Germany,2021-10-04,33.37428571428571
Germany,2021-10-11,28.509999999999998
Germany,2021-10-18,28.414285714285715
Germany,2021-10-25,29.38714285714286
Germany,2021-11-01,30.09142857142857
Germany,2021-11-08,31.305714285714288
Germany,2021-11-15,43.35
Germany,2021-11-22,43.262857142857136
Germany,2021-11-29,43.15571428571428
Germany,2021-12-06,43.050000000000004
Germany,2021-12-13,42.91285714285714
Germany,2021-12-20,42.771428571428565
Germany,2021-12-27,42.701428571428565
Germany,2022-01-03,42.598571428571425
Germany,2022-01-10,42.44
Germany,2022-01-17,42.300000000000004
Germany,2022-01-24,38.69428571428572
Germany,2022-01-31,38.68285714285714
Germany,2022-02-07,38.67
Germany,2022-02-14,38.660000000000004
Germany,2022-02-21,38.651428571428575
Germany,2022-02-28,37.455714285714286
Germany,2022-03-07,36.55428571428571
Germany,2022-03-14,36.55
Germany,2022-03-21,36.54285714285714
Germany,2022-03-28,33.401428571428575
Germany,2022-04-04,14.56
Germany,2022-04-11,14.56
Germany,2022-04-18,14.56
Germany,2022-04-25,14.56
Germany,2022-05-02,14.56
Germany,2022-05-09,14.56
Germany,2022-05-16,14.56
Germany,2022-05-23,14.56
Germany,2022-05-30,14.56
Germany,2022-06-06,14.56
Germany,2022-06-13,14.56
Germany,2022-06-20,14.56
Germany,2022-06-27,14.56
Germany,2022-07-04,14.56
Germany,2022-07-11,11.11
Germany,2022-07-18,11.11
Germany,2022-07-25,11.11
Germany,2022-08-01,11.11
Germany,2022-08-08,11.11
Germany,2022-08-15,11.11
Germany,2022-08-22,11.11
Germany,2022-08-29,11.11
Germany,2022-09-05,11.11
Germany,2022-09-12,11.11
Germany,2022-09-19,11.11
Germany,2022-09-26,11.11
Germany,2022-10-03,11.11
Germany,2022-10-10,11.11
Germany,2022-10-17,11.11
Germany,2022-10-24,11.11
Germany,2022-10-31,11.11
Germany,2022-11-07,11.11
Germany,2022-11-14,11.11
Germany,2022-11-21,11.11
Germany,2022-11-28,11.11
Germany,2022-12-05,11.11
Germany,2022-12-12,11.11
Germany,2022-12-19,11.11
Germany,2022-12-26,11.11
Italy,2019-12-30,0.0
Italy,2020-01-06,0.0
Italy,2020-01-13,0.0
Italy,2020-01-20,1.5885714285714285
Italy,2020-01-27,10.712857142857144
Italy,2020-02-03,19.44
Italy,2020-02-10,19.44
Italy,2020-02-17,29.56142857142857
Italy,2020-02-24,64.35
Italy,2020-03-02,72.95285714285714
Italy,2020-03-09,80.88857142857144
Italy,2020-03-16,83.60142857142857
Italy,2020-03-23,85.18999999999998
Italy,2020-03-30,85.18999999999998
Italy,2020-04-06,87.17142857142856
Italy,2020-04-13,93.52
Italy,2020-04-20,93.52
Italy,2020-04-27,93.52
Italy,2020-05-04,75.0
Italy,2020-05-11,76.05714285714285
Italy,2020-05-18,67.59
Italy,2020-05-25,67.59
Italy,2020-06-01,67.59
Italy,2020-06-08,67.59
Italy,2020-06-15,67.59
Italy,2020-06-22,67.59
Italy,2020-06-29,67.59
Italy,2020-07-06,67.59
Italy,2020-07-13,67.59
Italy,2020-07-20,67.59
Italy,2020-07-27,64.15285714285714
Italy,2020-08-03,64.81
Italy,2020-08-10,64.81
Italy,2020-08-17,68.52
Italy,2020-08-24,68.52
Italy,2020-08-31,68.52
Italy,2020-09-07,66.67
Italy,2020-09-14,66.67
Italy,2020-09-21,62.96
Italy,2020-09-28,61.902857142857144
Italy,2020-10-05,63.49285714285714
Italy,2020-10-12,65.21142857142857
Italy,2020-10-19,70.10714285714286
Italy,2020-10-26,78.7
Italy,2020-11-02,80.28999999999999
Italy,2020-11-09,82.41
Italy,2020-11-16,82.41
Italy,2020-11-23,82.41
Italy,2020-11-30,81.61714285714285
Italy,2020-12-07,80.56000000000002
Italy,2020-12-14,80.56000000000002
Italy,2020-12-21,81.61714285714285
Italy,2020-12-28,80.82000000000001
Italy,2021-01-04,80.28999999999999
Italy,2021-01-11,75.26142857142857
Italy,2021-01-18,74.07000000000001
Italy,2021-01-25,74.07000000000001
Italy,2021-02-01,74.07000000000001
Italy,2021-02-08,74.07000000000001
Italy,2021-02-15,77.78
Italy,2021-02-22,77.78
Italy,2021-03-01,78.30857142857143
Italy,2021-03-08,79.63
Italy,2021-03-15,79.63
Italy,2021-03-22,79.63
Italy,2021-03-29,80.68714285714285
Italy,2021-04-05,78.96571428571428
Italy,2021-04-12,78.7
Italy,2021-04-19,78.7
Italy,2021-04-26,75.13571428571429
Italy,2021-05-03,73.15
Italy,2021-05-10,69.44
Italy,2021-05-17,69.44
Italy,2021-05-24,69.31571428571428
Italy,2021-05-31,71.3
Italy,2021-06-07,71.3
Italy,2021-06-14,71.3
Italy,2021-06-21,69.91
Italy,2021-06-28,56.410000000000004
Italy,2021-07-05,46.18571428571429
Italy,2021-07-12,66.20857142857143
Italy,2021-07-19,74.13142857142857
Italy,2021-07-26,66.02285714285715
Italy,2021-08-02,53.152857142857144
Italy,2021-08-09,54.191428571428574
Italy,2021-08-16,53.98142857142857
Italy,2021-08-23,53.72714285714286
Italy,2021-08-30,57.24142857142857
Italy,2021-09-06,57.74571428571428
Italy,2021-09-13,57.27571428571429
Italy,2021-09-20,56.855714285714285
Italy,2021-09-27,56.519999999999996
Italy,2021-10-04,55.89142857142857
Italy,2021-10-11,52.971428571428575
Italy,2021-10-18,48.85
Italy,2021-10-25,50.23142857142857
Italy,2021-11-01,50.058571428571426
Italy,2021-11-08,49.894285714285715
Italy,2021-11-15,49.779999999999994
Italy,2021-11-22,49.70285714285715
Italy,2021-11-29,49.629999999999995
Italy,2021-12-06,49.55714285714286
Italy,2021-12-13,49.47714285714286
Italy,2021-12-20,51.791428571428575
Italy,2021-12-27,53.51714285714286
Italy,2022-01-03,53.42714285714286
Italy,2022-01-10,53.28285714285715
Italy,2022-01-17,52.980000000000004
Italy,2022-01-24,52.39142857142857
Italy,2022-01-31,52.17285714285715
Italy,2022-02-07,50.04714285714285
Italy,2022-02-14,47.31714285714286
Italy,2022-02-21,47.15
Italy,2022-02-28,44.16428571428571
Italy,2022-03-07,43.720000000000006
Italy,2022-03-14,43.68714285714286
Italy,2022-03-21,43.66571428571428
Italy,2022-03-28,40.56857142857143
Italy,2022-04-04,36.45428571428572
Italy,2022-04-11,36.44571428571429
Italy,2022-04-18,36.44
Italy,2022-04-25,34.45285714285714
Italy,2022-05-02,22.52
Italy,2022-05-09,22.52
Italy,2022-05-16,22.52
Italy,2022-05-23,22.52
Italy,2022-05-30,20.162857142857142
Italy,2022-06-06,19.22
Italy,2022-06-13,19.22
Italy,2022-06-20,19.22
Italy,2022-06-27,19.22
Italy,2022-07-04,19.22
Italy,2022-07-11,19.22
Italy,2022-07-18,19.22
Italy,2022-07-25,19.22
Italy,2022-08-01,19.22
Italy,2022-08-08,19.22
Italy,2022-08-15,19.22
Italy,2022-08-22,19.22
Italy,2022-08-29,17.099999999999998
Italy,2022-09-05,15.51
Italy,2022-09-12,15.51
Italy,2022-09-19,15.51
Italy,2022-09-26,15.51
Italy,2022-10-03,15.51
Italy,2022-10-10,15.51
Italy,2022-10-17,15.51
Italy,2022-10-24,15.51
Italy,2022-10-31,15.51
Italy,2022-11-07,18.681428571428572
Italy,2022-11-14,19.21
Italy,2022-11-21,19.21
Italy,2022-11-28,19.21
Italy,2022-12-05,19.21
Italy,2022-12-12,19.21
Italy,2022-12-19,19.21
Italy,2022-12-26,21.063333333333333
Mexico,2019-12-30,0.0
Mexico,2020-01-06,0.0
Mexico,2020-01-13,0.0
Mexico,2020-01-20,0.0
Mexico,2020-01-27,0.0
Mexico,2020-02-03,0.0
Mexico,2020-02-10,0.0
Mexico,2020-02-17,0.0
Mexico,2020-02-24,1.1914285714285715
Mexico,2020-03-02,2.78
Mexico,2020-03-09,2.78
Mexico,2020-03-16,4.365714285714286
Mexico,2020-03-23,54.36571428571428
Mexico,2020-03-30,82.41
Mexico,2020-04-06,82.41
Mexico,2020-04-13,82.41
Mexico,2020-04-20,82.41
Mexico,2020-04-27,82.41
Mexico,2020-05-04,82.41
Mexico,2020-05-11,82.41
Mexico,2020-05-18,82.41
Mexico,2020-05-25,82.41
Mexico,2020-06-01,72.69
Mexico,2020-06-08,71.89285714285714
Mexico,2020-06-15,70.83
Mexico,2020-06-22,70.83
Mexico,2020-06-29,70.83
Mexico,2020-07-06,70.83
Mexico,2020-07-13,70.83
Mexico,2020-07-20,70.83
Mexico,2020-07-27,70.83
Mexico,2020-08-03,70.83
Mexico,2020-08-10,70.83
Mexico,2020-08-17,72.95
Mexico,2020-08-24,74.54
Mexico,2020-08-31,74.54
Mexico,2020-09-07,71.36428571428571
Mexico,2020-09-14,68.32142857142857
Mexico,2020-09-21,73.08142857142857
Mexico,2020-09-28,73.61
Mexico,2020-10-05,72.81714285714285
Mexico,2020-10-12,71.76
Mexico,2020-10-19,71.76
Mexico,2020-10-26,71.76
Mexico,2020-11-02,71.76
Mexico,2020-11-09,71.76
Mexico,2020-11-16,71.76
Mexico,2020-11-23,71.76
Mexico,2020-11-30,71.76
Mexico,2020-12-07,71.76
Mexico,2020-12-14,71.76
Mexico,2020-12-21,71.76
Mexico,2020-12-28,71.76
Mexico,2021-01-04,71.76
Mexico,2021-01-11,71.76
Mexico,2021-01-18,71.76
Mexico,2021-01-25,71.76
Mexico,2021-02-01,71.76
Mexico,2021-02-08,69.37714285714286
Mexico,2021-02-15,64.35
Mexico,2021-02-22,61.17857142857143
Mexico,2021-03-01,49.138571428571424
Mexico,2021-03-08,47.21999999999999
Mexico,2021-03-15,47.21999999999999
Mexico,2021-03-22,47.21999999999999
Mexico,2021-03-29,47.21999999999999
Mexico,2021-04-05,47.21999999999999
Mexico,2021-04-12,44.44
Mexico,2021-04-19,44.44
Mexico,2021-04-26,44.44
Mexico,2021-05-03,44.44
Mexico,2021-05-10,44.44
Mexico,2021-05-17,44.44
Mexico,2021-05-24,44.44
Mexico,2021-05-31,44.44
Mexico,2021-06-07,44.44
Mexico,2021-06-14,44.44
Mexico,2021-06-21,44.44
Mexico,2021-06-28,44.44
Mexico,2021-07-05,44.44
Mexico,2021-07-12,44.44
Mexico,2021-07-19,44.44
Mexico,2021-07-26,67.13
Mexico,2021-08-02,67.13
Mexico,2021-08-09,67.13
Mexico,2021-08-16,67.13
Mexico,2021-08-23,67.13
Mexico,2021-08-30,61.57
Mexico,2021-09-06,38.89
Mexico,2021-09-13,38.89
Mexico,2021-09-20,38.89
Mexico,2021-09-27,38.89
Mexico,2021-10-04,38.89
Mexico,2021-10-11,38.89
Mexico,2021-10-18,38.89
Mexico,2021-10-25,38.89
Mexico,2021-11-01,38.89
Mexico,2021-11-08,38.89
Mexico,2021-11-15,38.89
Mexico,2021-11-22,38.89
Mexico,2021-11-29,35.19
Mexico,2021-12-06,30.424285714285713
Mexico,2021-12-13,35.19
Mexico,2021-12-20,35.19
Mexico,2021-12-27,35.19
Mexico,2022-01-03,37.988571428571426
Mexico,2022-01-10,39.01285714285715
Mexico,2022-01-17,38.917142857142856
Mexico,2022-01-24,48.50571428571429
Mexico,2022-01-31,48.48285714285714
Mexico,2022-02-07,36.635714285714286
Mexico,2022-02-14,36.612857142857145
Mexico,2022-02-21,36.60285714285715
Mexico,2022-02-28,36.598571428571425
Mexico,2022-03-07,38.69
Mexico,2022-03-14,38.675714285714285
Mexico,2022-03-21,25.697142857142858
Mexico,2022-03-28,25.69
Mexico,2022-04-04,25.69
Mexico,2022-04-11,25.681428571428572
Mexico,2022-04-18,25.669999999999998
Mexico,2022-04-25,25.669999999999998
Mexico,2022-05-02,25.669999999999998
Mexico,2022-05-09,25.669999999999998
Mexico,2022-05-16,25.669999999999998
Mexico,2022-05-23,25.669999999999998
Mexico,2022-05-30,25.669999999999998
Mexico,2022-06-06,25.669999999999998
Mexico,2022-06-13,25.669999999999998
Mexico,2022-06-20,18.744285714285716
Mexico,2022-06-27,19.44
Mexico,2022-07-04,22.617142857142856
Mexico,2022-07-11,31.34857142857143
Mexico,2022-07-18,33.33
Mexico,2022-07-25,33.33
Mexico,2022-08-01,33.33
Mexico,2022-08-08,33.33
Mexico,2022-08-15,33.33
Mexico,2022-08-22,33.33
Mexico,2022-08-29,16.93
Mexico,2022-09-05,15.74
Mexico,2022-09-12,13.89
Mexico,2022-09-19,13.89
Mexico,2022-09-26,13.89
Mexico,2022-10-03,13.89
Mexico,2022-10-10,13.89
Mexico,2022-10-17,13.89
Mexico,2022-10-24,13.89
Mexico,2022-10-31,13.89
Mexico,2022-11-07,13.89
Mexico,2022-11-14,13.89
Mexico,2022-11-21,13.89
Mexico,2022-11-28,13.89
Mexico,2022-12-05,13.89
Mexico,2022-12-12,13.89
Mexico,2022-12-19,13.89
Mexico,2022-12-26,13.89
Panama,2019-12-30,0.0
Panama,2020-01-06,0.0
Panama,2020-01-13,0.0
Panama,2020-01-20,6.744285714285715
Panama,2020-01-27,8.33
Panama,2020-02-03,8.33
Panama,2020-02-10,8.33
Panama,2020-02-17,8.33
Panama,2020-02-24,8.33
Panama,2020-03-02,8.33
Panama,2020-03-09,25.392857142857142
Panama,2020-03-16,54.49714285714286
Panama,2020-03-23,77.77857142857144
Panama,2020-03-30,84.39142857142858
Panama,2020-04-06,90.74
Panama,2020-04-13,91.53428571428572
Panama,2020-04-20,93.52
Panama,2020-04-27,93.52
Panama,2020-05-04,93.52
Panama,2020-05-11,90.87
Panama,2020-05-18,89.81000000000002
Panama,2020-05-25,89.81000000000002
Panama,2020-06-01,89.14999999999999
Panama,2020-06-08,83.33
Panama,2020-06-15,83.33
Panama,2020-06-22,83.33
Panama,2020-06-29,83.33
Panama,2020-07-06,83.33
Panama,2020-07-13,83.33
Panama,2020-07-20,81.48
Panama,2020-07-27,77.78
Panama,2020-08-03,77.78
Panama,2020-08-10,82.53714285714285
Panama,2020-08-17,82.53714285714285
Panama,2020-08-24,81.48
Panama,2020-08-31,81.48
Panama,2020-09-07,81.48
Panama,2020-09-14,87.04
Panama,2020-09-21,87.04
Panama,2020-09-28,87.04
Panama,2020-10-05,87.04
Panama,2020-10-12,59.26
Panama,2020-10-19,61.11285714285714
Panama,2020-10-26,58.33
Panama,2020-11-02,58.33
Panama,2020-11-09,58.33
Panama,2020-11-16,58.33
Panama,2020-11-23,58.33
Panama,2020-11-30,68.12142857142858
Panama,2020-12-07,70.37
Panama,2020-12-14,63.230000000000004
Panama,2020-12-21,62.04
Panama,2020-12-28,72.88142857142857
Panama,2021-01-04,76.85
Panama,2021-01-11,74.46714285714286
Panama,2021-01-18,75.26142857142857
Panama,2021-01-25,76.85
Panama,2021-02-01,74.07000000000001
Panama,2021-02-08,74.07000000000001
Panama,2021-02-15,74.07000000000001
Panama,2021-02-22,74.07000000000001
Panama,2021-03-01,74.07000000000001
Panama,2021-03-08,74.86428571428571
Panama,2021-03-15,76.85
Panama,2021-03-22,76.85
Panama,2021-03-29,69.71
Panama,2021-04-05,68.52
Panama,2021-04-12,68.52
Panama,2021-04-19,65.74
Panama,2021-04-26,65.74
Panama,2021-05-03,63.357142857142854
Panama,2021-05-10,61.37428571428571
Panama,2021-05-17,61.11
Panama,2021-05-24,61.11
Panama,2021-05-31,61.11
Panama,2021-06-07,61.11
Panama,2021-06-14,61.11
Panama,2021-06-21,61.11
Panama,2021-06-28,62.69857142857143
Panama,2021-07-05,66.67
Panama,2021-07-12,70.37
Panama,2021-07-19,70.37
Panama,2021-07-26,70.37
Panama,2021-08-02,67.98714285714286
Panama,2021-08-09,67.59
Panama,2021-08-16,67.59
Panama,2021-08-23,88.2242857142857
Panama,2021-08-30,74.9357142857143
Panama,2021-09-06,74.54
Panama,2021-09-13,74.54
Panama,2021-09-20,74.54
Panama,2021-09-27,74.54
Panama,2021-10-04,62.63428571428572
Panama,2021-10-11,55.56
Panama,2021-10-18,55.56
Panama,2021-10-25,55.56
Panama,2021-11-01,55.955714285714286
Panama,2021-11-08,57.00857142857143
Panama,2021-11-15,56.48
Panama,2021-11-22,51.722857142857144
Panama,2021-11-29,59.65714285714285
Panama,2021-12-06,53.43571428571429
Panama,2021-12-13,43.721428571428575
Panama,2021-12-20,42.36571428571428
Panama,2021-12-27,40.75142857142857
Panama,2022-01-03,36.76571428571429
Panama,2022-01-10,31.185714285714287
Panama,2022-01-17,31.154285714285717
Panama,2022-01-24,31.115714285714287
Panama,2022-01-31,31.080000000000002
Panama,2022-02-07,31.015714285714285
Panama,2022-02-14,29.734285714285715
Panama,2022-02-21,29.117142857142856
Panama,2022-02-28,28.018571428571427
Panama,2022-03-07,20.302857142857142
Panama,2022-03-14,20.19857142857143
Panama,2022-03-21,20.071428571428573
Panama,2022-03-28,19.96857142857143
Panama,2022-04-04,19.927142857142858
Panama,2022-04-11,19.897142857142857
Panama,2022-04-18,19.867142857142856
Panama,2022-04-25,19.815714285714286
Panama,2022-05-02,19.76142857142857
Panama,2022-05-09,19.017142857142858
Panama,2022-05-16,18.865714285714287
Panama,2022-05-23,18.84714285714286
Panama,2022-05-30,18.825714285714287
Panama,2022-06-06,18.812857142857144
Panama,2022-06-13,20.568571428571428
Panama,2022-06-20,20.852857142857143
Panama,2022-06-27,19.91714285714286
Panama,2022-07-04,17.59
Panama,2022-07-11,17.59
Panama,2022-07-18,17.59
Panama,2022-07-25,17.59
Panama,2022-08-01,17.59
Panama,2022-08-08,17.59
Panama,2022-08-15,17.59
Panama,2022-08-22,17.59
Panama,2022-08-29,17.59
Panama,2022-09-05,17.59
Panama,2022-09-12,15.604285714285714
Panama,2022-09-19,10.052857142857144
Panama,2022-09-26,9.26
Panama,2022-10-03,9.26
Panama,2022-10-10,9.26
Panama,2022-10-17,14.017142857142858
Panama,2022-10-24,14.81
Panama,2022-10-31,14.81
Panama,2022-11-07,14.81
Panama,2022-11-14,14.81
Panama,2022-11-21,16.39857142857143
Panama,2022-11-28,20.37
Panama,2022-12-05,20.37
Panama,2022-12-12,20.37
Panama,2022-12-19,20.37
Panama,2022-12-26,20.37
United States,2019-12-30,0.0
United States,2020-01-06,0.0
United States,2020-01-13,0.0
United States,2020-01-20,0.0
United States,2020-01-27,0.7942857142857143
United States,2020-02-03,5.56
United States,2020-02-10,7.934285714285714
United States,2020-02-17,8.33
United States,2020-02-24,8.727142857142857
United States,2020-03-02,16.40142857142857
United States,2020-03-09,28.504285714285714
United States,2020-03-16,63.16142857142857
United States,2020-03-23,72.69
United States,2020-03-30,72.69
United States,2020-04-06,72.69
United States,2020-04-13,72.69
United States,2020-04-20,72.69
United States,2020-04-27,72.69
United States,2020-05-04,72.69
United States,2020-05-11,72.69
United States,2020-05-18,72.69
United States,2020-05-25,72.69
United States,2020-06-01,72.69
United States,2020-06-08,72.69
United States,2020-06-15,68.98
United States,2020-06-22,68.98
United States,2020-06-29,68.98
United States,2020-07-06,68.98
United States,2020-07-13,68.98
United States,2020-07-20,68.98
United States,2020-07-27,68.98
United States,2020-08-03,68.98
United States,2020-08-10,68.98
United States,2020-08-17,68.98
United States,2020-08-24,68.98
United States,2020-08-31,68.98
United States,2020-09-07,68.18571428571428
United States,2020-09-14,66.2
United States,2020-09-21,66.2
United States,2020-09-28,66.2
United States,2020-10-05,66.2
United States,2020-10-12,66.2
United States,2020-10-19,66.2
United States,2020-10-26,66.2
United States,2020-11-02,66.2
United States,2020-11-09,68.98
United States,2020-11-16,75.46
United States,2020-11-23,75.46
United States,2020-11-30,72.81714285714285
United States,2020-12-07,71.76
United States,2020-12-14,71.76
United States,2020-12-21,71.76
United States,2020-12-28,71.76
United States,2021-01-04,71.76
United States,2021-01-11,71.76
United States,2021-01-18,71.76
United States,2021-01-25,71.76
United States,2021-02-01,69.11714285714287
United States,2021-02-08,68.06
United States,2021-02-15,68.06
United States,2021-02-22,68.06
United States,2021-03-01,65.94
United States,2021-03-08,64.35
United States,2021-03-15,64.35
United States,2021-03-22,59.59285714285714
United States,2021-03-29,55.519999999999996
United States,2021-04-05,54.70428571428572
United States,2021-04-12,54.49714285714286
United States,2021-04-19,54.31
United States,2021-04-26,54.129999999999995
United States,2021-05-03,54.220000000000006
United States,2021-05-10,59.94571428571429
United States,2021-05-17,59.98857142857143
United States,2021-05-24,56.02
United States,2021-05-31,56.02
United States,2021-06-07,52.94285714285714
United States,2021-06-14,58.91142857142857
United States,2021-06-21,58.86571428571428
United States,2021-06-28,58.82857142857143
United States,2021-07-05,51.92
United States,2021-07-12,46.73285714285714
United States,2021-07-19,46.705714285714286
United States,2021-07-26,46.67857142857143
United States,2021-08-02,46.652857142857144
United States,2021-08-09,50.129999999999995
United States,2021-08-16,53.69571428571429
United States,2021-08-23,56.14714285714285
United States,2021-08-30,53.62285714285714
United States,2021-09-06,52.42285714285714
United States,2021-09-13,52.37285714285714
United States,2021-09-20,52.32857142857143
United States,2021-09-27,52.291428571428575
United States,2021-10-04,52.25714285714286
United States,2021-10-11,52.22714285714285
United States,2021-10-18,52.19857142857143
United States,2021-10-25,52.175714285714285
United States,2021-11-01,52.15
United States,2021-11-08,49.902857142857144
United States,2021-11-15,51.29571428571428
United States,2021-11-22,52.462857142857146
United States,2021-11-29,49.52571428571429
United States,2021-12-06,48.55428571428571
United States,2021-12-13,48.48714285714285
United States,2021-12-20,48.43857142857143
United States,2021-12-27,49.67
United States,2022-01-03,47.598571428571425
United States,2022-01-10,47.53142857142858
United States,2022-01-17,46.20142857142857
United States,2022-01-24,45.63142857142857
United States,2022-01-31,45.57
United States,2022-02-07,45.51142857142857
United States,2022-02-14,45.462857142857146
United States,2022-02-21,45.42142857142857
United States,2022-02-28,35.69428571428572
United States,2022-03-07,34.61714285714286
United States,2022-03-14,37.24714285714286
United States,2022-03-21,38.28285714285715
United States,2022-03-28,32.26857142857143
United States,2022-04-04,29.84857142857143
United States,2022-04-11,29.827142857142857
United States,2022-04-18,28.75
United States,2022-04-25,27.934285714285714
United States,2022-05-02,27.914285714285715
United States,2022-05-09,26.907142857142855
United States,2022-05-16,26.494285714285713
United States,2022-05-23,26.48
United States,2022-05-30,27.259999999999998
United States,2022-06-06,32.01285714285714
United States,2022-06-13,32.0
United States,2022-06-20,31.99
United States,2022-06-27,31.98
United States,2022-07-04,31.452857142857145
United States,2022-07-11,30.754285714285714
United States,2022-07-18,30.744285714285713
United States,2022-07-25,30.732857142857142
United States,2022-08-01,32.308571428571426
United States,2022-08-08,32.56285714285714
United States,2022-08-15,26.602857142857143
United States,2022-08-22,24.21
United States,2022-08-29,24.201428571428572
United States,2022-09-05,24.195714285714285
United States,2022-09-12,24.18285714285714
United States,2022-09-19,24.165714285714284
United States,2022-09-26,24.15285714285714
United States,2022-10-03,24.13714285714286
United States,2022-10-10,24.122857142857146
United States,2022-10-17,24.10571428571429
United States,2022-10-24,24.092857142857145
United States,2022-10-31,28.101428571428574
United States,2022-11-07,28.76
United States,2022-11-14,28.75142857142857
United States,2022-11-21,28.74285714285714
United States,2022-11-28,28.74
United States,2022-12-05,28.73
United States,2022-12-12,28.725714285714282
United States,2022-12-19,28.72
United States,2022-12-26,28.71666666666667
Uruguay,2019-12-30,0.0
Uruguay,2020-01-06,0.0
Uruguay,2020-01-13,0.0
Uruguay,2020-01-20,0.0
Uruguay,2020-01-27,0.0
Uruguay,2020-02-03,0.0
Uruguay,2020-02-10,0.0
Uruguay,2020-02-17,0.0
Uruguay,2020-02-24,0.0
Uruguay,2020-03-02,0.0
Uruguay,2020-03-09,17.990000000000002
Uruguay,2020-03-16,54.63
Uruguay,2020-03-23,59.39142857142857
Uruguay,2020-03-30,69.04571428571428
Uruguay,2020-04-06,72.22
Uruguay,2020-04-13,62.96
Uruguay,2020-04-20,61.63857142857143
Uruguay,2020-04-27,61.11
Uruguay,2020-05-04,61.11
Uruguay,2020-05-11,61.11
Uruguay,2020-05-18,61.11
Uruguay,2020-05-25,61.11
Uruguay,2020-06-01,61.11
Uruguay,2020-06-08,61.11
Uruguay,2020-06-15,57.410000000000004
Uruguay,2020-06-22,57.410000000000004
Uruguay,2020-06-29,56.61571428571428
Uruguay,2020-07-06,47.75
Uruguay,2020-07-13,37.96
Uruguay,2020-07-20,37.96
Uruguay,2020-07-27,37.96
Uruguay,2020-08-03,37.96
Uruguay,2020-08-10,37.96
Uruguay,2020-08-17,32.41
Uruguay,2020-08-24,32.93857142857143
Uruguay,2020-08-31,32.41
Uruguay,2020-09-07,32.41
Uruguay,2020-09-14,40.34571428571429
Uruguay,2020-09-21,43.52
Uruguay,2020-09-28,43.52
Uruguay,2020-10-05,43.52
Uruguay,2020-10-12,43.52
Uruguay,2020-10-19,43.52
Uruguay,2020-10-26,43.52
Uruguay,2020-11-02,43.52
Uruguay,2020-11-09,43.52
Uruguay,2020-11-16,43.52
Uruguay,2020-11-23,43.52
Uruguay,2020-11-30,48.14857142857143
Uruguay,2020-12-07,50.0
Uruguay,2020-12-14,52.642857142857146
Uruguay,2020-12-21,70.37
Uruguay,2020-12-28,70.37
Uruguay,2021-01-04,70.37
Uruguay,2021-01-11,64.81
Uruguay,2021-01-18,64.81
Uruguay,2021-01-25,64.81
Uruguay,2021-02-01,64.81
Uruguay,2021-02-08,64.81
Uruguay,2021-02-15,65.34
Uruguay,2021-02-22,68.52
Uruguay,2021-03-01,68.52
Uruguay,2021-03-08,68.52
Uruguay,2021-03-15,71.16285714285713
Uruguay,2021-03-22,75.4
Uruguay,2021-03-29,75.92999999999999
Uruguay,2021-04-05,75.92999999999999
Uruguay,2021-04-12,75.92999999999999
Uruguay,2021-04-19,75.92999999999999
Uruguay,2021-04-26,75.92999999999999
Uruguay,2021-05-03,70.37
Uruguay,2021-05-10,70.37
Uruguay,2021-05-17,70.37
Uruguay,2021-05-24,64.81
Uruguay,2021-05-31,62.43571428571429
Uruguay,2021-06-07,57.27428571428571
Uruguay,2021-06-14,56.48
Uruguay,2021-06-21,56.48
Uruguay,2021-06-28,56.48
Uruguay,2021-07-05,59.26
Uruguay,2021-07-12,61.11
Uruguay,2021-07-19,59.26
Uruguay,2021-07-26,55.56
Uruguay,2021-08-02,55.56
Uruguay,2021-08-09,55.56
Uruguay,2021-08-16,55.56
Uruguay,2021-08-23,53.17714285714286
Uruguay,2021-08-30,54.76571428571429
Uruguay,2021-09-06,55.56
Uruguay,2021-09-13,55.56
Uruguay,2021-09-20,55.56
Uruguay,2021-09-27,55.56
Uruguay,2021-10-04,55.56
Uruguay,2021-10-11,55.56
Uruguay,2021-10-18,37.04
Uruguay,2021-10-25,37.04
Uruguay,2021-11-01,35.45142857142857
Uruguay,2021-11-08,31.48
Uruguay,2021-11-15,31.48
Uruguay,2021-11-22,30.685714285714287
Uruguay,2021-11-29,28.7
Uruguay,2021-12-06,28.7
Uruguay,2021-12-13,28.7
Uruguay,2021-12-20,28.7
Uruguay,2021-12-27,27.908571428571427
Uruguay,2022-01-03,25.93
Uruguay,2022-01-10,25.93
Uruguay,2022-01-17,25.072857142857142
Uruguay,2022-01-24,24.919999999999998
Uruguay,2022-01-31,24.91142857142857
Uruguay,2022-02-07,20.928571428571427
Uruguay,2022-02-14,19.330000000000002
Uruguay,2022-02-21,19.282857142857146
Uruguay,2022-02-28,19.207142857142856
Uruguay,2022-03-07,11.184285714285712
Uruguay,2022-03-14,9.797142857142857
Uruguay,2022-03-21,9.75
Uruguay,2022-03-28,12.110000000000001
Uruguay,2022-04-04,13.89
Uruguay,2022-04-11,13.89
Uruguay,2022-04-18,13.89
Uruguay,2022-04-25,13.89
Uruguay,2022-05-02,13.89
Uruguay,2022-05-09,13.89
Uruguay,2022-05-16,13.89
Uruguay,2022-05-23,13.89
Uruguay,2022-05-30,13.89
Uruguay,2022-06-06,13.89
Uruguay,2022-06-13,13.89
Uruguay,2022-06-20,13.89
Uruguay,2022-06-27,13.89
Uruguay,2022-07-04,13.89
Uruguay,2022-07-11,13.89
Uruguay,2022-07-18,13.89
Uruguay,2022-07-25,13.89
Uruguay,2022-08-01,13.89
Uruguay,2022-08-08,13.89
Uruguay,2022-08-15,13.89
Uruguay,2022-08-22,13.89
Uruguay,2022-08-29,13.89
Uruguay,2022-09-05,13.89
Uruguay,2022-09-12,13.89
Uruguay,2022-09-19,13.89
Uruguay,2022-09-26,13.89
Uruguay,2022-10-03,13.89
Uruguay,2022-10-10,13.89
Uruguay,2022-10-17,13.89
Uruguay,2022-10-24,13.89
Uruguay,2022-10-31,13.89
Uruguay,2022-11-07,13.89
Uruguay,2022-11-14,13.89
Uruguay,2022-11-21,13.89
Uruguay,2022-11-28,13.89
Uruguay,2022-12-05,13.89
Uruguay,2022-12-12,13.89
Uruguay,2022-12-19,13.89
Uruguay,2022-12-26,13.89
