week,google_physician,google_hospital,google_pharmacy,google_symptom,country
2019-12-23,17,9,11,20,BRA
2019-12-30,26,11,11,21,BRA
2020-01-06,25,11,11,21,BRA
2020-01-13,23,12,11,22,BRA
2020-01-20,24,13,11,31,BRA
2020-01-27,24,13,11,24,BRA
2020-02-03,23,11,11,23,BRA
2020-02-10,23,11,11,23,BRA
2020-02-17,19,11,11,35,BRA
2020-02-24,23,11,11,31,BRA
2020-03-02,23,13,12,51,BRA
2020-03-09,26,18,23,100,BRA
2020-03-16,23,18,21,63,BRA
2020-03-23,19,15,15,36,BRA
2020-03-30,19,13,13,32,BRA
2020-04-06,20,13,14,32,BRA
2020-04-13,20,12,13,35,BRA
2020-04-20,19,13,14,37,BRA
2020-04-27,18,12,15,35,BRA
2020-05-04,20,12,14,35,BRA
2020-05-11,20,13,14,35,BRA
2020-05-18,19,11,13,34,BRA
2020-05-25,20,12,14,33,BRA
2020-06-01,19,11,13,32,BRA
2020-06-08,20,11,13,34,BRA
2020-06-15,20,12,13,37,BRA
2020-06-22,20,10,14,33,BRA
2020-06-29,20,10,14,35,BRA
2020-07-06,21,11,14,33,BRA
2020-07-13,21,11,13,31,BRA
2020-07-20,22,11,12,31,BRA
2020-07-27,20,10,13,28,BRA
2020-08-03,22,10,12,29,BRA
2020-08-10,21,11,11,25,BRA
2020-08-17,20,11,12,26,BRA
2020-08-24,21,10,11,26,BRA
2020-08-31,22,10,12,26,BRA
2020-09-07,25,11,12,26,BRA
2020-09-14,22,11,12,26,BRA
2020-09-21,22,11,12,26,BRA
2020-09-28,21,11,11,25,BRA
2020-10-05,22,10,11,25,BRA
2020-10-12,29,11,11,25,BRA
2020-10-19,23,11,11,25,BRA
2020-10-26,20,10,11,26,BRA
2020-11-02,24,11,11,28,BRA
2020-11-09,22,10,11,28,BRA
2020-11-16,21,11,12,31,BRA
2020-11-23,22,11,13,33,BRA
2020-11-30,22,10,12,35,BRA
2020-12-07,21,11,12,33,BRA
2020-12-14,16,9,13,35,BRA
2020-12-21,16,9,14,35,BRA
2020-12-28,26,12,14,34,BRA
2021-01-04,23,12,14,33,BRA
2021-01-11,24,12,13,30,BRA
2021-01-18,23,11,12,29,BRA
2021-01-25,21,11,13,28,BRA
2021-02-01,21,10,12,28,BRA
2021-02-08,19,10,12,31,BRA
2021-02-15,21,11,12,32,BRA
2021-02-22,22,12,14,36,BRA
2021-03-01,21,13,14,36,BRA
2021-03-08,23,13,14,37,BRA
2021-03-15,21,14,14,36,BRA
2021-03-22,19,11,13,33,BRA
2021-03-29,18,11,13,31,BRA
2021-04-05,16,12,12,31,BRA
2021-04-12,15,11,12,29,BRA
2021-04-19,15,11,12,28,BRA
2021-04-26,14,11,11,29,BRA
2021-05-03,15,11,12,28,BRA
2021-05-10,16,11,12,30,BRA
2021-05-17,19,12,13,34,BRA
2021-05-24,20,11,13,32,BRA
2021-05-31,18,11,12,31,BRA
2021-06-07,14,11,12,28,BRA
2021-06-14,13,10,11,27,BRA
2021-06-21,12,10,11,24,BRA
2021-06-28,12,10,12,25,BRA
2021-07-05,13,11,12,26,BRA
2021-07-12,13,11,11,25,BRA
2021-07-19,12,10,11,24,BRA
2021-07-26,12,10,11,24,BRA
2021-08-02,13,10,11,25,BRA
2021-08-09,17,11,12,27,BRA
2021-08-16,13,10,12,26,BRA
2021-08-23,13,10,12,24,BRA
2021-08-30,12,10,12,24,BRA
2021-09-06,13,10,12,24,BRA
2021-09-13,13,10,11,23,BRA
2021-09-20,13,10,11,23,BRA
2021-09-27,12,10,11,22,BRA
2021-10-04,12,9,11,22,BRA
2021-10-11,15,10,11,22,BRA
2021-10-18,5,10,13,22,BRA
2021-10-25,4,9,13,21,BRA
2021-11-01,5,10,12,22,BRA
2021-11-08,5,9,13,21,BRA
2021-11-15,5,9,12,21,BRA
2021-11-22,5,10,12,25,BRA
2021-11-29,5,9,11,24,BRA
2021-12-06,5,10,12,25,BRA
2021-12-13,4,9,14,30,BRA
2021-12-20,4,9,17,36,BRA
2021-12-27,6,12,19,44,BRA
2022-01-03,6,11,19,48,BRA
2022-01-10,6,11,18,44,BRA
2022-01-17,5,10,16,39,BRA
2022-01-24,5,11,14,35,BRA
2022-01-31,5,11,12,28,BRA
2022-02-07,5,11,12,26,BRA
2022-02-14,5,11,12,26,BRA
2022-02-21,5,10,12,25,BRA
2022-02-28,6,11,12,24,BRA
2022-03-07,7,11,11,24,BRA
2022-03-14,8,11,12,25,BRA
2022-03-21,7,11,12,26,BRA
2022-03-28,7,11,12,27,BRA
2022-04-04,7,10,12,27,BRA
2022-04-11,7,11,13,29,BRA
2022-04-18,8,12,12,29,BRA
2022-04-25,7,12,12,27,BRA
2022-05-02,6,11,13,29,BRA
2022-05-09,6,11,12,28,BRA
2022-05-16,7,11,13,31,BRA
2022-05-23,7,12,14,32,BRA
2022-05-30,7,11,14,30,BRA
2022-06-06,6,10,14,31,BRA
2022-06-13,7,11,14,32,BRA
2022-06-20,7,11,13,31,BRA
2022-06-27,6,11,13,30,BRA
2022-07-04,11,11,13,29,BRA
2022-07-11,7,11,12,28,BRA
2022-07-18,7,10,11,29,BRA
2022-07-25,8,11,12,29,BRA
2022-08-01,6,10,11,25,BRA
2022-08-08,7,11,12,27,BRA
2022-08-15,6,11,12,27,BRA
2022-08-22,8,11,11,26,BRA
2022-08-29,7,10,11,25,BRA
2022-09-05,8,11,12,26,BRA
2022-09-12,8,11,12,27,BRA
2022-09-19,9,11,11,26,BRA
2022-09-26,9,10,10,23,BRA
2022-10-03,7,10,12,25,BRA
2022-10-10,9,11,12,25,BRA
2022-10-17,9,11,11,26,BRA
2022-10-24,5,10,10,22,BRA
2022-10-31,9,11,12,26,BRA
2022-11-07,10,11,12,30,BRA
2022-11-14,10,10,11,28,BRA
2022-11-21,10,10,11,27,BRA
2022-11-28,9,10,12,27,BRA
2022-12-05,9,17,12,28,BRA
2022-12-12,8,16,12,25,BRA
2022-12-19,9,18,12,26,BRA
2022-12-26,11,21,12,25,BRA
2023-01-02,11,22,12,25,BRA
2023-01-09,13,22,12,25,BRA
2023-01-16,12,21,11,25,BRA
2023-01-23,13,22,12,24,BRA
2023-01-30,12,21,12,24,BRA
2023-02-06,10,22,12,27,BRA
2023-02-13,9,20,12,27,BRA
2023-02-20,11,23,12,28,BRA
2023-02-27,12,22,13,27,BRA
2023-03-06,14,23,13,29,BRA
2023-03-13,14,24,14,31,BRA
2023-03-20,18,24,14,31,BRA
2023-03-27,15,22,14,29,BRA
2023-04-03,16,25,14,30,BRA
2023-04-10,16,23,14,30,BRA
2023-04-17,17,24,13,30,BRA
2023-04-24,15,21,14,32,BRA
2023-05-01,17,24,13,29,BRA
2023-05-08,21,24,13,29,BRA
2023-05-15,22,25,15,30,BRA
2023-05-22,19,23,14,30,BRA
2023-05-29,16,21,14,27,BRA
2023-06-05,17,22,14,29,BRA
2023-06-12,16,22,13,27,BRA
2023-06-19,14,23,14,27,BRA
2023-06-26,14,22,14,25,BRA
2023-07-03,13,23,13,24,BRA
2023-07-10,13,22,13,21,BRA
2023-07-17,13,23,13,21,BRA
2023-07-24,13,22,13,21,BRA
2023-07-31,14,22,13,20,BRA
2023-08-07,14,23,12,20,BRA
2023-08-14,14,23,13,22,BRA
2023-08-21,14,23,13,21,BRA
2023-08-28,12,21,14,20,BRA
2023-09-04,15,23,14,22,BRA
2023-09-11,13,22,13,21,BRA
2023-09-18,13,21,13,20,BRA
2023-09-25,20,22,12,20,BRA
2023-10-02,13,20,13,19,BRA
2023-10-09,17,24,13,21,BRA
2023-10-16,14,23,12,21,BRA
2023-10-23,12,21,12,20,BRA
2023-10-30,14,22,13,21,BRA
2023-11-06,12,21,13,21,BRA
2023-11-13,12,21,13,20,BRA
2023-11-20,12,20,12,19,BRA
2023-11-27,12,21,12,20,BRA
2023-12-04,13,22,13,22,BRA
2023-12-11,10,19,12,21,BRA
2023-12-18,9,18,14,20,BRA
2023-12-25,12,21,13,22,BRA
2019-12-23,24,6,11,13,CHL
2019-12-30,27,7,9,15,CHL
2020-01-06,29,8,10,15,CHL
2020-01-13,27,9,10,18,CHL
2020-01-20,27,10,9,23,CHL
2020-01-27,28,12,11,20,CHL
2020-02-03,26,8,9,18,CHL
2020-02-10,25,8,8,19,CHL
2020-02-17,23,9,9,23,CHL
2020-02-24,29,8,10,28,CHL
2020-03-02,28,8,10,39,CHL
2020-03-09,31,11,14,100,CHL
2020-03-16,32,9,11,53,CHL
2020-03-23,30,8,9,32,CHL
2020-03-30,27,7,10,28,CHL
2020-04-06,28,7,9,25,CHL
2020-04-13,28,6,9,21,CHL
2020-04-20,24,6,9,21,CHL
2020-04-27,26,7,8,24,CHL
2020-05-04,27,11,8,28,CHL
2020-05-11,26,8,9,31,CHL
2020-05-18,30,8,8,31,CHL
2020-05-25,28,7,8,28,CHL
2020-06-01,31,7,8,26,CHL
2020-06-08,29,7,8,24,CHL
2020-06-15,27,7,8,23,CHL
2020-06-22,24,6,8,22,CHL
2020-06-29,25,6,7,20,CHL
2020-07-06,25,6,8,19,CHL
2020-07-13,25,6,7,18,CHL
2020-07-20,22,5,7,16,CHL
2020-07-27,22,5,6,15,CHL
2020-08-03,22,5,7,15,CHL
2020-08-10,24,6,7,16,CHL
2020-08-17,25,6,7,18,CHL
2020-08-24,22,5,8,16,CHL
2020-08-31,24,6,8,18,CHL
2020-09-07,24,6,12,20,CHL
2020-09-14,30,7,9,21,CHL
2020-09-21,28,6,8,19,CHL
2020-09-28,26,6,8,19,CHL
2020-10-05,25,6,9,19,CHL
2020-10-12,27,7,8,20,CHL
2020-10-19,26,6,7,19,CHL
2020-10-26,23,6,9,18,CHL
2020-11-02,25,6,23,19,CHL
2020-11-09,26,7,11,21,CHL
2020-11-16,27,7,9,20,CHL
2020-11-23,30,6,8,20,CHL
2020-11-30,24,6,8,19,CHL
2020-12-07,25,6,11,20,CHL
2020-12-14,21,5,10,20,CHL
2020-12-21,24,6,11,25,CHL
2020-12-28,29,7,10,23,CHL
2021-01-04,30,7,8,26,CHL
2021-01-11,29,7,10,25,CHL
2021-01-18,29,8,9,23,CHL
2021-01-25,29,7,9,23,CHL
2021-02-01,28,6,9,21,CHL
2021-02-08,26,6,9,22,CHL
2021-02-15,27,7,8,22,CHL
2021-02-22,26,6,8,22,CHL
2021-03-01,27,6,8,23,CHL
2021-03-08,29,6,8,25,CHL
2021-03-15,30,6,8,26,CHL
2021-03-22,27,7,9,25,CHL
2021-03-29,29,7,7,24,CHL
2021-04-05,28,7,7,25,CHL
2021-04-12,24,6,7,20,CHL
2021-04-19,22,6,7,19,CHL
2021-04-26,23,6,7,17,CHL
2021-05-03,22,6,10,18,CHL
2021-05-10,20,5,9,19,CHL
2021-05-17,25,6,8,22,CHL
2021-05-24,23,6,6,21,CHL
2021-05-31,25,7,7,21,CHL
2021-06-07,26,6,7,20,CHL
2021-06-14,23,6,8,20,CHL
2021-06-21,22,6,7,19,CHL
2021-06-28,23,6,7,18,CHL
2021-07-05,23,6,9,17,CHL
2021-07-12,23,6,8,19,CHL
2021-07-19,24,6,7,17,CHL
2021-07-26,25,7,7,17,CHL
2021-08-02,24,6,9,19,CHL
2021-08-09,26,7,8,19,CHL
2021-08-16,24,7,8,17,CHL
2021-08-23,24,6,8,18,CHL
2021-08-30,21,6,13,17,CHL
2021-09-06,19,6,17,18,CHL
2021-09-13,25,7,10,19,CHL
2021-09-20,24,6,7,17,CHL
2021-09-27,22,6,7,15,CHL
2021-10-04,22,6,10,15,CHL
2021-10-11,20,7,8,18,CHL
2021-10-18,15,6,8,18,CHL
2021-10-25,14,6,9,20,CHL
2021-11-01,14,6,8,20,CHL
2021-11-08,14,6,9,19,CHL
2021-11-15,13,6,9,17,CHL
2021-11-22,15,6,8,17,CHL
2021-11-29,11,5,8,16,CHL
2021-12-06,12,6,8,15,CHL
2021-12-13,11,6,11,16,CHL
2021-12-20,12,6,12,20,CHL
2021-12-27,14,7,11,24,CHL
2022-01-03,13,7,11,29,CHL
2022-01-10,12,7,11,36,CHL
2022-01-17,14,8,13,35,CHL
2022-01-24,14,7,13,41,CHL
2022-01-31,13,7,12,39,CHL
2022-02-07,15,7,12,32,CHL
2022-02-14,12,7,9,28,CHL
2022-02-21,13,6,9,23,CHL
2022-02-28,13,7,9,23,CHL
2022-03-07,14,7,8,23,CHL
2022-03-14,13,7,9,20,CHL
2022-03-21,14,7,7,19,CHL
2022-03-28,13,7,8,19,CHL
2022-04-04,11,6,9,18,CHL
2022-04-11,13,6,8,19,CHL
2022-04-18,13,6,7,18,CHL
2022-04-25,13,7,10,18,CHL
2022-05-02,12,6,8,20,CHL
2022-05-09,12,7,8,22,CHL
2022-05-16,13,7,8,24,CHL
2022-05-23,11,7,8,20,CHL
2022-05-30,14,8,9,24,CHL
2022-06-06,13,8,9,23,CHL
2022-06-13,12,7,10,23,CHL
2022-06-20,11,7,9,21,CHL
2022-06-27,11,7,9,19,CHL
2022-07-04,10,6,8,19,CHL
2022-07-11,13,7,9,21,CHL
2022-07-18,14,8,8,21,CHL
2022-07-25,13,6,8,20,CHL
2022-08-01,11,7,9,21,CHL
2022-08-08,10,7,9,21,CHL
2022-08-15,11,8,8,22,CHL
2022-08-22,12,7,8,19,CHL
2022-08-29,11,7,8,19,CHL
2022-09-05,10,6,9,18,CHL
2022-09-12,11,7,15,20,CHL
2022-09-19,14,8,8,19,CHL
2022-09-26,13,7,9,17,CHL
2022-10-03,11,7,11,19,CHL
2022-10-10,13,8,9,20,CHL
2022-10-17,14,7,9,21,CHL
2022-10-24,11,7,12,23,CHL
2022-10-31,14,7,9,22,CHL
2022-11-07,14,7,9,23,CHL
2022-11-14,13,7,9,19,CHL
2022-11-21,16,6,9,19,CHL
2022-11-28,13,6,9,18,CHL
2022-12-05,12,10,9,19,CHL
2022-12-12,11,11,9,19,CHL
2022-12-19,13,13,11,19,CHL
2022-12-26,14,14,15,19,CHL
2023-01-02,14,16,11,19,CHL
2023-01-09,13,15,9,17,CHL
2023-01-16,14,15,10,18,CHL
2023-01-23,14,13,9,17,CHL
2023-01-30,13,13,10,17,CHL
2023-02-06,13,14,9,18,CHL
2023-02-13,13,13,8,19,CHL
2023-02-20,17,15,9,19,CHL
2023-02-27,18,16,9,19,CHL
2023-03-06,17,17,10,20,CHL
2023-03-13,17,17,11,19,CHL
2023-03-20,16,15,9,19,CHL
2023-03-27,15,14,10,20,CHL
2023-04-03,16,16,10,19,CHL
2023-04-10,16,15,9,19,CHL
2023-04-17,16,14,8,19,CHL
2023-04-24,16,14,14,18,CHL
2023-05-01,17,14,11,20,CHL
2023-05-08,22,16,10,22,CHL
2023-05-15,23,18,11,23,CHL
2023-05-22,19,15,9,19,CHL
2023-05-29,20,16,8,22,CHL
2023-06-05,19,16,10,22,CHL
2023-06-12,16,14,9,20,CHL
2023-06-19,15,14,10,19,CHL
2023-06-26,16,15,10,18,CHL
2023-07-03,14,15,9,17,CHL
2023-07-10,14,15,9,18,CHL
2023-07-17,14,15,9,18,CHL
2023-07-24,15,15,9,17,CHL
2023-07-31,15,15,9,17,CHL
2023-08-07,14,14,9,18,CHL
2023-08-14,15,15,9,18,CHL
2023-08-21,15,15,9,17,CHL
2023-08-28,14,15,9,18,CHL
2023-09-04,13,14,9,17,CHL
2023-09-11,13,13,18,18,CHL
2023-09-18,16,16,10,18,CHL
2023-09-25,16,14,9,16,CHL
2023-10-02,14,13,10,17,CHL
2023-10-09,16,17,10,19,CHL
2023-10-16,15,18,10,18,CHL
2023-10-23,14,14,10,17,CHL
2023-10-30,15,15,9,18,CHL
2023-11-06,14,14,9,18,CHL
2023-11-13,14,15,9,18,CHL
2023-11-20,15,15,10,17,CHL
2023-11-27,16,13,10,19,CHL
2023-12-04,13,15,10,16,CHL
2023-12-11,10,12,10,13,CHL
2023-12-18,12,12,12,16,CHL
2023-12-25,13,15,14,15,CHL
2019-12-23,23,7,4,21,COL
2019-12-30,32,9,4,26,COL
2020-01-06,34,8,4,25,COL
2020-01-13,36,9,4,29,COL
2020-01-20,34,11,4,33,COL
2020-01-27,39,10,5,26,COL
2020-02-03,30,9,4,25,COL
2020-02-10,28,9,4,22,COL
2020-02-17,29,9,4,35,COL
2020-02-24,29,9,5,44,COL
2020-03-02,31,9,5,61,COL
2020-03-09,28,9,5,100,COL
2020-03-16,30,10,7,64,COL
2020-03-23,28,10,6,44,COL
2020-03-30,31,8,6,40,COL
2020-04-06,40,8,6,38,COL
2020-04-13,27,8,5,31,COL
2020-04-20,24,7,5,29,COL
2020-04-27,23,8,5,29,COL
2020-05-04,24,8,5,31,COL
2020-05-11,25,8,5,31,COL
2020-05-18,24,7,5,30,COL
2020-05-25,23,8,5,28,COL
2020-06-01,26,7,5,30,COL
2020-06-08,22,6,5,29,COL
2020-06-15,25,7,5,34,COL
2020-06-22,24,6,6,35,COL
2020-06-29,27,8,5,39,COL
2020-07-06,26,7,5,44,COL
2020-07-13,27,8,5,39,COL
2020-07-20,30,8,5,38,COL
2020-07-27,25,7,5,35,COL
2020-08-03,25,7,5,30,COL
2020-08-10,26,7,5,30,COL
2020-08-17,26,7,4,27,COL
2020-08-24,25,7,4,27,COL
2020-08-31,28,8,5,27,COL
2020-09-07,24,7,4,27,COL
2020-09-14,26,7,5,26,COL
2020-09-21,27,7,4,28,COL
2020-09-28,27,7,5,29,COL
2020-10-05,25,7,4,30,COL
2020-10-12,27,7,4,30,COL
2020-10-19,26,7,4,30,COL
2020-10-26,24,7,4,27,COL
2020-11-02,25,7,4,27,COL
2020-11-09,22,7,4,25,COL
2020-11-16,25,7,5,30,COL
2020-11-23,46,7,5,30,COL
2020-11-30,24,7,5,33,COL
2020-12-07,26,8,5,35,COL
2020-12-14,19,6,4,37,COL
2020-12-21,21,7,5,42,COL
2020-12-28,29,8,5,42,COL
2021-01-04,29,8,5,37,COL
2021-01-11,30,8,5,33,COL
2021-01-18,27,8,5,30,COL
2021-01-25,27,7,5,27,COL
2021-02-01,25,8,5,24,COL
2021-02-08,24,8,4,24,COL
2021-02-15,25,7,4,24,COL
2021-02-22,24,8,5,23,COL
2021-03-01,24,7,5,23,COL
2021-03-08,24,7,5,23,COL
2021-03-15,23,7,4,24,COL
2021-03-22,22,7,5,29,COL
2021-03-29,24,8,5,31,COL
2021-04-05,23,8,5,30,COL
2021-04-12,23,8,5,30,COL
2021-04-19,22,8,5,28,COL
2021-04-26,21,8,4,24,COL
2021-05-03,22,8,5,27,COL
2021-05-10,23,8,5,31,COL
2021-05-17,24,8,5,30,COL
2021-05-24,25,9,4,32,COL
2021-05-31,24,7,5,35,COL
2021-06-07,25,8,4,34,COL
2021-06-14,27,7,5,35,COL
2021-06-21,25,8,5,34,COL
2021-06-28,24,8,5,32,COL
2021-07-05,25,9,5,31,COL
2021-07-12,24,7,5,29,COL
2021-07-19,24,8,4,28,COL
2021-07-26,24,7,4,29,COL
2021-08-02,25,8,5,27,COL
2021-08-09,24,8,5,26,COL
2021-08-16,25,8,5,24,COL
2021-08-23,23,8,5,24,COL
2021-08-30,23,8,5,23,COL
2021-09-06,23,8,5,24,COL
2021-09-13,24,7,5,24,COL
2021-09-20,25,8,5,23,COL
2021-09-27,25,7,5,25,COL
2021-10-04,23,7,5,24,COL
2021-10-11,16,7,4,23,COL
2021-10-18,13,7,4,23,COL
2021-10-25,12,8,5,23,COL
2021-11-01,12,8,4,24,COL
2021-11-08,12,7,4,23,COL
2021-11-15,12,8,4,22,COL
2021-11-22,25,7,5,27,COL
2021-11-29,11,7,5,24,COL
2021-12-06,10,7,5,25,COL
2021-12-13,10,6,4,30,COL
2021-12-20,11,7,5,44,COL
2021-12-27,12,8,6,56,COL
2022-01-03,12,8,6,49,COL
2022-01-10,11,8,6,40,COL
2022-01-17,11,7,6,32,COL
2022-01-24,11,8,5,28,COL
2022-01-31,11,8,5,26,COL
2022-02-07,12,8,5,24,COL
2022-02-14,12,7,5,23,COL
2022-02-21,12,8,6,23,COL
2022-02-28,12,8,5,23,COL
2022-03-07,12,8,5,24,COL
2022-03-14,12,7,5,27,COL
2022-03-21,13,9,5,26,COL
2022-03-28,13,8,5,26,COL
2022-04-04,10,7,5,26,COL
2022-04-11,13,8,5,26,COL
2022-04-18,13,8,5,25,COL
2022-04-25,13,8,5,25,COL
2022-05-02,12,8,5,25,COL
2022-05-09,11,8,5,28,COL
2022-05-16,10,8,5,31,COL
2022-05-23,11,9,5,26,COL
2022-05-30,12,9,5,25,COL
2022-06-06,11,8,5,26,COL
2022-06-13,10,8,5,27,COL
2022-06-20,11,8,5,26,COL
2022-06-27,11,8,6,29,COL
2022-07-04,12,8,5,27,COL
2022-07-11,14,9,5,29,COL
2022-07-18,14,9,5,31,COL
2022-07-25,15,8,5,29,COL
2022-08-01,11,8,5,27,COL
2022-08-08,12,8,5,29,COL
2022-08-15,11,9,5,28,COL
2022-08-22,13,9,5,28,COL
2022-08-29,14,10,5,28,COL
2022-09-05,13,9,5,26,COL
2022-09-12,14,8,5,27,COL
2022-09-19,14,9,5,25,COL
2022-09-26,16,9,5,27,COL
2022-10-03,11,9,5,26,COL
2022-10-10,14,8,5,26,COL
2022-10-17,15,9,5,25,COL
2022-10-24,12,8,5,23,COL
2022-10-31,12,8,5,26,COL
2022-11-07,14,8,5,27,COL
2022-11-14,12,7,5,24,COL
2022-11-21,22,7,4,24,COL
2022-11-28,12,6,5,24,COL
2022-12-05,13,11,5,27,COL
2022-12-12,12,11,4,25,COL
2022-12-19,11,12,4,26,COL
2022-12-26,14,14,5,26,COL
2023-01-02,14,15,5,27,COL
2023-01-09,16,16,5,27,COL
2023-01-16,16,16,5,28,COL
2023-01-23,15,16,6,25,COL
2023-01-30,17,16,6,24,COL
2023-02-06,15,16,6,25,COL
2023-02-13,14,17,5,26,COL
2023-02-20,16,17,5,26,COL
2023-02-27,18,17,6,26,COL
2023-03-06,19,17,6,26,COL
2023-03-13,17,17,6,28,COL
2023-03-20,18,17,6,28,COL
2023-03-27,14,13,6,27,COL
2023-04-03,19,18,6,27,COL
2023-04-10,19,17,6,27,COL
2023-04-17,18,18,6,27,COL
2023-04-24,17,16,6,27,COL
2023-05-01,19,17,6,29,COL
2023-05-08,21,17,6,28,COL
2023-05-15,22,16,5,28,COL
2023-05-22,20,17,6,27,COL
2023-05-29,20,17,6,26,COL
2023-06-05,20,16,6,27,COL
2023-06-12,19,17,6,27,COL
2023-06-19,18,17,6,28,COL
2023-06-26,18,16,6,27,COL
2023-07-03,18,19,6,27,COL
2023-07-10,17,16,6,26,COL
2023-07-17,18,18,6,26,COL
2023-07-24,17,17,6,25,COL
2023-07-31,20,17,6,27,COL
2023-08-07,18,16,6,25,COL
2023-08-14,17,17,6,25,COL
2023-08-21,18,18,6,26,COL
2023-08-28,18,17,6,25,COL
2023-09-04,18,17,6,24,COL
2023-09-11,17,17,6,25,COL
2023-09-18,17,17,6,25,COL
2023-09-25,17,17,6,24,COL
2023-10-02,16,17,6,24,COL
2023-10-09,18,18,6,24,COL
2023-10-16,18,16,5,25,COL
2023-10-23,16,15,5,21,COL
2023-10-30,16,18,6,24,COL
2023-11-06,15,16,5,26,COL
2023-11-13,15,17,5,23,COL
2023-11-20,17,16,6,25,COL
2023-11-27,23,14,6,24,COL
2023-12-04,14,16,5,26,COL
2023-12-11,11,14,4,24,COL
2023-12-18,12,12,5,25,COL
2023-12-25,13,15,6,25,COL
2019-12-23,35,20,1,16,DEU
2019-12-30,48,25,1,18,DEU
2020-01-06,44,26,1,18,DEU
2020-01-13,44,26,1,22,DEU
2020-01-20,48,28,1,41,DEU
2020-01-27,45,28,1,27,DEU
2020-02-03,42,24,1,24,DEU
2020-02-10,42,26,1,23,DEU
2020-02-17,43,25,1,64,DEU
2020-02-24,46,26,1,59,DEU
2020-03-02,49,30,1,85,DEU
2020-03-09,55,33,1,100,DEU
2020-03-16,46,27,1,51,DEU
2020-03-23,36,26,1,35,DEU
2020-03-30,31,23,1,27,DEU
2020-04-06,35,22,1,23,DEU
2020-04-13,40,23,1,23,DEU
2020-04-20,36,19,1,21,DEU
2020-04-27,38,22,1,21,DEU
2020-05-04,42,23,1,22,DEU
2020-05-11,37,21,1,21,DEU
2020-05-18,45,22,1,22,DEU
2020-05-25,38,22,1,19,DEU
2020-06-01,42,22,1,21,DEU
2020-06-08,43,24,1,21,DEU
2020-06-15,40,23,1,25,DEU
2020-06-22,40,23,1,27,DEU
2020-06-29,43,25,1,28,DEU
2020-07-06,41,24,1,24,DEU
2020-07-13,41,24,1,22,DEU
2020-07-20,41,24,1,22,DEU
2020-07-27,42,23,1,23,DEU
2020-08-03,43,24,1,22,DEU
2020-08-10,48,24,1,24,DEU
2020-08-17,46,27,1,25,DEU
2020-08-24,47,25,1,31,DEU
2020-08-31,47,24,1,31,DEU
2020-09-07,49,26,1,32,DEU
2020-09-14,51,25,1,31,DEU
2020-09-21,48,24,1,29,DEU
2020-09-28,50,27,1,33,DEU
2020-10-05,49,25,1,33,DEU
2020-10-12,48,24,2,39,DEU
2020-10-19,47,26,1,37,DEU
2020-10-26,43,22,1,34,DEU
2020-11-02,46,24,1,36,DEU
2020-11-09,45,25,1,34,DEU
2020-11-16,24,22,1,31,DEU
2020-11-23,24,22,1,31,DEU
2020-11-30,24,22,1,33,DEU
2020-12-07,24,22,1,34,DEU
2020-12-14,19,21,1,33,DEU
2020-12-21,20,20,1,31,DEU
2020-12-28,24,23,1,29,DEU
2021-01-04,23,22,1,26,DEU
2021-01-11,22,25,1,26,DEU
2021-01-18,23,23,1,27,DEU
2021-01-25,24,22,1,29,DEU
2021-02-01,21,20,1,26,DEU
2021-02-08,22,21,1,27,DEU
2021-02-15,23,21,1,29,DEU
2021-02-22,22,20,1,28,DEU
2021-03-01,23,19,1,27,DEU
2021-03-08,24,20,1,31,DEU
2021-03-15,25,21,1,32,DEU
2021-03-22,24,19,1,32,DEU
2021-03-29,27,21,1,30,DEU
2021-04-05,25,21,1,29,DEU
2021-04-12,27,22,1,30,DEU
2021-04-19,28,22,1,28,DEU
2021-04-26,32,20,1,26,DEU
2021-05-03,29,19,1,27,DEU
2021-05-10,29,20,1,26,DEU
2021-05-17,26,19,1,24,DEU
2021-05-24,27,20,1,24,DEU
2021-05-31,28,21,1,26,DEU
2021-06-07,27,21,1,27,DEU
2021-06-14,27,22,1,28,DEU
2021-06-21,24,21,1,28,DEU
2021-06-28,25,22,1,27,DEU
2021-07-05,25,24,1,28,DEU
2021-07-12,25,23,1,27,DEU
2021-07-19,25,23,1,28,DEU
2021-07-26,25,23,1,27,DEU
2021-08-02,26,23,1,28,DEU
2021-08-09,26,22,1,28,DEU
2021-08-16,24,23,1,27,DEU
2021-08-23,24,25,1,28,DEU
2021-08-30,25,24,2,29,DEU
2021-09-06,26,24,1,27,DEU
2021-09-13,26,23,1,28,DEU
2021-09-20,24,23,1,26,DEU
2021-09-27,26,23,1,26,DEU
2021-10-04,28,23,1,28,DEU
2021-10-11,28,23,1,29,DEU
2021-10-18,28,24,1,30,DEU
2021-10-25,27,26,1,32,DEU
2021-11-01,31,27,1,33,DEU
2021-11-08,33,26,1,35,DEU
2021-11-15,35,26,1,32,DEU
2021-11-22,33,24,1,32,DEU
2021-11-29,30,23,1,31,DEU
2021-12-06,30,22,1,33,DEU
2021-12-13,24,19,1,34,DEU
2021-12-20,23,20,1,36,DEU
2021-12-27,26,22,1,37,DEU
2022-01-03,29,23,1,39,DEU
2022-01-10,27,22,1,39,DEU
2022-01-17,27,23,1,44,DEU
2022-01-24,27,23,1,42,DEU
2022-01-31,27,23,1,40,DEU
2022-02-07,26,22,1,37,DEU
2022-02-14,26,21,1,34,DEU
2022-02-21,24,20,1,33,DEU
2022-02-28,25,20,1,35,DEU
2022-03-07,25,22,1,38,DEU
2022-03-14,25,20,1,38,DEU
2022-03-21,26,20,1,36,DEU
2022-03-28,26,22,1,36,DEU
2022-04-04,22,19,1,35,DEU
2022-04-11,24,20,1,34,DEU
2022-04-18,25,20,1,33,DEU
2022-04-25,23,21,1,32,DEU
2022-05-02,25,20,1,32,DEU
2022-05-09,25,19,1,34,DEU
2022-05-16,22,20,1,32,DEU
2022-05-23,24,20,1,32,DEU
2022-05-30,24,20,1,35,DEU
2022-06-06,25,21,1,34,DEU
2022-06-13,27,21,1,35,DEU
2022-06-20,27,21,1,35,DEU
2022-06-27,27,23,1,38,DEU
2022-07-04,27,23,1,38,DEU
2022-07-11,26,22,1,37,DEU
2022-07-18,26,22,1,37,DEU
2022-07-25,27,21,1,33,DEU
2022-08-01,26,22,1,32,DEU
2022-08-08,25,21,1,31,DEU
2022-08-15,26,22,1,33,DEU
2022-08-22,26,21,1,32,DEU
2022-08-29,25,20,1,29,DEU
2022-09-05,24,21,1,30,DEU
2022-09-12,25,21,1,29,DEU
2022-09-19,26,21,1,31,DEU
2022-09-26,26,22,1,33,DEU
2022-10-03,29,22,1,36,DEU
2022-10-10,26,22,1,35,DEU
2022-10-17,28,23,1,33,DEU
2022-10-24,25,19,1,32,DEU
2022-10-31,26,22,1,31,DEU
2022-11-07,26,24,1,33,DEU
2022-11-14,25,21,1,31,DEU
2022-11-21,25,20,1,36,DEU
2022-11-28,26,20,1,36,DEU
2022-12-05,28,28,1,34,DEU
2022-12-12,26,31,1,35,DEU
2022-12-19,23,30,1,33,DEU
2022-12-26,28,41,1,34,DEU
2023-01-02,28,41,1,33,DEU
2023-01-09,26,41,1,32,DEU
2023-01-16,27,41,1,32,DEU
2023-01-23,26,41,1,33,DEU
2023-01-30,28,41,1,33,DEU
2023-02-06,27,41,1,33,DEU
2023-02-13,29,41,1,36,DEU
2023-02-20,27,42,1,37,DEU
2023-02-27,29,39,1,35,DEU
2023-03-06,31,39,1,36,DEU
2023-03-13,29,37,1,36,DEU
2023-03-20,30,38,1,35,DEU
2023-03-27,27,34,1,31,DEU
2023-04-03,27,33,1,33,DEU
2023-04-10,31,36,1,33,DEU
2023-04-17,28,36,1,34,DEU
2023-04-24,28,33,1,33,DEU
2023-05-01,29,35,1,32,DEU
2023-05-08,27,34,1,32,DEU
2023-05-15,30,37,1,32,DEU
2023-05-22,28,33,1,31,DEU
2023-05-29,29,35,1,31,DEU
2023-06-05,30,35,1,31,DEU
2023-06-12,28,35,1,30,DEU
2023-06-19,29,35,1,33,DEU
2023-06-26,27,35,1,32,DEU
2023-07-03,27,35,1,28,DEU
2023-07-10,27,34,1,31,DEU
2023-07-17,27,34,1,29,DEU
2023-07-24,27,34,1,28,DEU
2023-07-31,28,34,1,29,DEU
2023-08-07,29,35,1,31,DEU
2023-08-14,28,35,1,32,DEU
2023-08-21,28,36,1,31,DEU
2023-08-28,28,37,1,32,DEU
2023-09-04,28,36,1,30,DEU
2023-09-11,29,36,1,31,DEU
2023-09-18,30,35,1,32,DEU
2023-09-25,28,35,1,31,DEU
2023-10-02,30,35,1,33,DEU
2023-10-09,29,40,1,31,DEU
2023-10-16,30,36,1,31,DEU
2023-10-23,27,32,1,31,DEU
2023-10-30,31,38,1,33,DEU
2023-11-06,30,38,1,33,DEU
2023-11-13,30,35,1,31,DEU
2023-11-20,28,33,1,31,DEU
2023-11-27,28,35,1,35,DEU
2023-12-04,33,35,1,36,DEU
2023-12-11,29,33,1,34,DEU
2023-12-18,25,28,1,32,DEU
2023-12-25,29,37,1,31,DEU
2019-12-23,15,4,7,17,DOM
2019-12-30,21,6,7,18,DOM
2020-01-06,19,5,6,14,DOM
2020-01-13,19,7,5,19,DOM
2020-01-20,21,8,6,25,DOM
2020-01-27,20,8,8,30,DOM
2020-02-03,20,6,8,22,DOM
2020-02-10,20,7,7,19,DOM
2020-02-17,19,6,7,28,DOM
2020-02-24,24,6,8,35,DOM
2020-03-02,22,7,7,44,DOM
2020-03-09,22,7,12,100,DOM
2020-03-16,42,7,13,73,DOM
2020-03-23,27,10,10,49,DOM
2020-03-30,20,6,11,40,DOM
2020-04-06,22,7,11,37,DOM
2020-04-13,21,6,10,33,DOM
2020-04-20,19,5,9,30,DOM
2020-04-27,19,5,8,30,DOM
2020-05-04,19,5,8,30,DOM
2020-05-11,21,5,8,28,DOM
2020-05-18,21,5,7,27,DOM
2020-05-25,21,5,8,26,DOM
2020-06-01,20,5,7,28,DOM
2020-06-08,20,5,8,31,DOM
2020-06-15,19,5,8,33,DOM
2020-06-22,20,6,8,35,DOM
2020-06-29,22,6,8,39,DOM
2020-07-06,21,6,8,42,DOM
2020-07-13,21,6,7,38,DOM
2020-07-20,25,6,7,29,DOM
2020-07-27,21,6,7,27,DOM
2020-08-03,19,6,6,24,DOM
2020-08-10,26,5,6,21,DOM
2020-08-17,19,5,6,19,DOM
2020-08-24,18,5,7,20,DOM
2020-08-31,19,5,7,20,DOM
2020-09-07,17,5,7,20,DOM
2020-09-14,17,5,7,19,DOM
2020-09-21,19,5,6,18,DOM
2020-09-28,18,6,6,20,DOM
2020-10-05,18,5,6,19,DOM
2020-10-12,18,5,6,20,DOM
2020-10-19,18,5,6,19,DOM
2020-10-26,16,5,6,19,DOM
2020-11-02,16,6,6,20,DOM
2020-11-09,16,6,6,22,DOM
2020-11-16,17,5,7,23,DOM
2020-11-23,18,5,6,24,DOM
2020-11-30,17,6,6,24,DOM
2020-12-07,20,5,7,23,DOM
2020-12-14,14,4,7,22,DOM
2020-12-21,15,4,8,26,DOM
2020-12-28,19,5,8,27,DOM
2021-01-04,21,6,7,27,DOM
2021-01-11,19,5,7,25,DOM
2021-01-18,18,6,7,23,DOM
2021-01-25,19,5,7,22,DOM
2021-02-01,19,6,7,21,DOM
2021-02-08,18,6,6,20,DOM
2021-02-15,19,6,6,19,DOM
2021-02-22,22,6,6,19,DOM
2021-03-01,19,6,6,19,DOM
2021-03-08,19,6,7,18,DOM
2021-03-15,18,7,7,19,DOM
2021-03-22,16,6,7,19,DOM
2021-03-29,17,6,7,20,DOM
2021-04-05,15,6,7,24,DOM
2021-04-12,15,6,7,21,DOM
2021-04-19,15,6,7,20,DOM
2021-04-26,16,6,7,21,DOM
2021-05-03,16,6,8,20,DOM
2021-05-10,16,6,7,21,DOM
2021-05-17,15,6,7,22,DOM
2021-05-24,16,6,7,22,DOM
2021-05-31,16,6,7,22,DOM
2021-06-07,16,6,7,22,DOM
2021-06-14,16,6,7,20,DOM
2021-06-21,16,5,7,19,DOM
2021-06-28,16,6,6,21,DOM
2021-07-05,16,6,7,19,DOM
2021-07-12,14,5,7,19,DOM
2021-07-19,15,5,7,22,DOM
2021-07-26,15,6,7,20,DOM
2021-08-02,14,5,7,19,DOM
2021-08-09,20,5,7,19,DOM
2021-08-16,15,6,7,19,DOM
2021-08-23,13,5,7,18,DOM
2021-08-30,14,5,7,17,DOM
2021-09-06,14,6,7,19,DOM
2021-09-13,13,5,7,18,DOM
2021-09-20,14,5,6,18,DOM
2021-09-27,14,6,7,18,DOM
2021-10-04,16,5,6,20,DOM
2021-10-11,13,6,7,20,DOM
2021-10-18,12,5,7,21,DOM
2021-10-25,12,5,7,20,DOM
2021-11-01,13,6,6,20,DOM
2021-11-08,12,5,6,21,DOM
2021-11-15,11,5,6,20,DOM
2021-11-22,10,5,6,21,DOM
2021-11-29,9,5,6,18,DOM
2021-12-06,8,4,6,17,DOM
2021-12-13,8,4,8,22,DOM
2021-12-20,8,5,10,37,DOM
2021-12-27,10,5,10,37,DOM
2022-01-03,9,5,7,25,DOM
2022-01-10,10,6,7,21,DOM
2022-01-17,11,6,6,19,DOM
2022-01-24,11,6,7,19,DOM
2022-01-31,12,6,6,18,DOM
2022-02-07,12,6,7,19,DOM
2022-02-14,11,6,6,19,DOM
2022-02-21,12,6,6,19,DOM
2022-02-28,12,6,7,20,DOM
2022-03-07,12,6,7,22,DOM
2022-03-14,12,7,7,21,DOM
2022-03-21,11,7,7,21,DOM
2022-03-28,12,6,6,20,DOM
2022-04-04,9,5,7,20,DOM
2022-04-11,11,6,7,21,DOM
2022-04-18,10,6,7,19,DOM
2022-04-25,11,6,7,21,DOM
2022-05-02,11,6,6,19,DOM
2022-05-09,10,6,6,21,DOM
2022-05-16,10,5,7,21,DOM
2022-05-23,10,6,7,20,DOM
2022-05-30,10,5,7,21,DOM
2022-06-06,10,5,7,21,DOM
2022-06-13,11,6,7,21,DOM
2022-06-20,11,6,7,20,DOM
2022-06-27,11,5,7,23,DOM
2022-07-04,10,6,7,22,DOM
2022-07-11,12,6,7,22,DOM
2022-07-18,13,6,7,22,DOM
2022-07-25,12,6,7,21,DOM
2022-08-01,11,6,7,22,DOM
2022-08-08,15,5,7,20,DOM
2022-08-15,11,6,7,21,DOM
2022-08-22,11,5,7,19,DOM
2022-08-29,12,5,7,20,DOM
2022-09-05,11,6,7,20,DOM
2022-09-12,9,5,7,18,DOM
2022-09-19,11,6,7,19,DOM
2022-09-26,12,6,7,21,DOM
2022-10-03,10,6,7,21,DOM
2022-10-10,11,5,6,23,DOM
2022-10-17,12,5,6,23,DOM
2022-10-24,10,6,6,19,DOM
2022-10-31,12,5,6,22,DOM
2022-11-07,11,5,6,22,DOM
2022-11-14,11,5,6,21,DOM
2022-11-21,11,6,6,21,DOM
2022-11-28,10,5,6,19,DOM
2022-12-05,10,6,6,19,DOM
2022-12-12,8,5,6,17,DOM
2022-12-19,8,7,7,18,DOM
2022-12-26,10,8,7,20,DOM
2023-01-02,10,8,6,20,DOM
2023-01-09,11,9,7,20,DOM
2023-01-16,12,10,7,21,DOM
2023-01-23,12,9,7,21,DOM
2023-01-30,12,10,7,21,DOM
2023-02-06,11,9,6,22,DOM
2023-02-13,12,10,7,22,DOM
2023-02-20,13,9,7,22,DOM
2023-02-27,15,10,10,23,DOM
2023-03-06,14,10,11,23,DOM
2023-03-13,16,10,10,22,DOM
2023-03-20,16,9,10,22,DOM
2023-03-27,12,8,13,20,DOM
2023-04-03,15,10,12,21,DOM
2023-04-10,15,10,11,21,DOM
2023-04-17,14,9,11,20,DOM
2023-04-24,13,9,12,20,DOM
2023-05-01,14,10,13,22,DOM
2023-05-08,19,9,13,20,DOM
2023-05-15,17,9,12,20,DOM
2023-05-22,16,9,14,20,DOM
2023-05-29,15,9,13,22,DOM
2023-06-05,17,9,14,22,DOM
2023-06-12,16,10,14,22,DOM
2023-06-19,15,10,14,22,DOM
2023-06-26,15,10,13,21,DOM
2023-07-03,14,10,13,20,DOM
2023-07-10,15,9,13,19,DOM
2023-07-17,15,10,13,20,DOM
2023-07-24,14,9,12,20,DOM
2023-07-31,15,10,12,21,DOM
2023-08-07,17,10,12,19,DOM
2023-08-14,12,8,12,18,DOM
2023-08-21,12,10,12,20,DOM
2023-08-28,12,10,12,25,DOM
2023-09-04,13,10,12,24,DOM
2023-09-11,13,10,12,25,DOM
2023-09-18,14,10,13,25,DOM
2023-09-25,14,11,12,25,DOM
2023-10-02,13,10,12,24,DOM
2023-10-09,14,10,12,26,DOM
2023-10-16,14,10,11,24,DOM
2023-10-23,12,9,11,25,DOM
2023-10-30,14,9,12,24,DOM
2023-11-06,13,9,12,24,DOM
2023-11-13,14,9,11,22,DOM
2023-11-20,13,9,9,23,DOM
2023-11-27,13,8,9,21,DOM
2023-12-04,11,8,9,20,DOM
2023-12-11,8,6,7,15,DOM
2023-12-18,7,6,8,19,DOM
2023-12-25,9,7,8,19,DOM
2019-12-23,16,11,24,18,ITA
2019-12-30,19,13,22,18,ITA
2020-01-06,20,15,17,19,ITA
2020-01-13,19,16,18,23,ITA
2020-01-20,20,17,17,39,ITA
2020-01-27,19,16,18,23,ITA
2020-02-03,19,14,17,21,ITA
2020-02-10,19,16,18,38,ITA
2020-02-17,20,18,22,56,ITA
2020-02-24,21,20,18,47,ITA
2020-03-02,25,23,31,75,ITA
2020-03-09,29,23,30,49,ITA
2020-03-16,25,18,28,34,ITA
2020-03-23,20,17,26,26,ITA
2020-03-30,18,14,27,22,ITA
2020-04-06,17,14,25,21,ITA
2020-04-13,18,13,25,19,ITA
2020-04-20,15,12,24,20,ITA
2020-04-27,16,13,20,20,ITA
2020-05-04,16,12,18,19,ITA
2020-05-11,16,13,18,19,ITA
2020-05-18,16,12,16,18,ITA
2020-05-25,15,12,18,17,ITA
2020-06-01,15,15,16,18,ITA
2020-06-08,16,14,16,18,ITA
2020-06-15,16,13,17,17,ITA
2020-06-22,16,14,18,19,ITA
2020-06-29,16,13,17,20,ITA
2020-07-06,18,13,18,19,ITA
2020-07-13,18,13,17,18,ITA
2020-07-20,19,13,20,19,ITA
2020-07-27,18,12,20,20,ITA
2020-08-03,17,12,27,22,ITA
2020-08-10,20,12,26,25,ITA
2020-08-17,21,13,21,27,ITA
2020-08-24,23,14,19,25,ITA
2020-08-31,24,14,19,24,ITA
2020-09-07,22,14,19,23,ITA
2020-09-14,22,12,17,22,ITA
2020-09-21,23,13,18,23,ITA
2020-09-28,25,13,19,26,ITA
2020-10-05,24,13,21,29,ITA
2020-10-12,25,13,22,34,ITA
2020-10-19,24,14,23,36,ITA
2020-10-26,22,14,20,32,ITA
2020-11-02,24,14,22,32,ITA
2020-11-09,23,13,22,30,ITA
2020-11-16,20,11,19,24,ITA
2020-11-23,20,11,18,22,ITA
2020-11-30,17,9,21,22,ITA
2020-12-07,18,10,18,21,ITA
2020-12-14,17,9,28,24,ITA
2020-12-21,19,9,28,26,ITA
2020-12-28,22,11,22,25,ITA
2021-01-04,22,11,19,23,ITA
2021-01-11,21,12,18,22,ITA
2021-01-18,22,11,18,23,ITA
2021-01-25,23,11,20,25,ITA
2021-02-01,22,11,20,24,ITA
2021-02-08,22,12,20,27,ITA
2021-02-15,25,11,22,27,ITA
2021-02-22,24,11,21,28,ITA
2021-03-01,23,11,21,29,ITA
2021-03-08,23,11,22,27,ITA
2021-03-15,24,12,20,25,ITA
2021-03-22,23,11,24,25,ITA
2021-03-29,20,12,25,26,ITA
2021-04-05,19,12,20,25,ITA
2021-04-12,18,12,21,24,ITA
2021-04-19,18,12,26,24,ITA
2021-04-26,18,12,23,24,ITA
2021-05-03,18,12,21,24,ITA
2021-05-10,19,13,21,23,ITA
2021-05-17,18,12,23,23,ITA
2021-05-24,17,12,29,22,ITA
2021-05-31,18,12,24,26,ITA
2021-06-07,17,12,24,25,ITA
2021-06-14,17,12,23,23,ITA
2021-06-21,17,12,24,22,ITA
2021-06-28,16,13,24,25,ITA
2021-07-05,16,12,25,25,ITA
2021-07-12,19,14,31,29,ITA
2021-07-19,21,13,32,27,ITA
2021-07-26,17,13,35,26,ITA
2021-08-02,16,12,40,27,ITA
2021-08-09,16,12,38,27,ITA
2021-08-16,16,12,31,27,ITA
2021-08-23,18,12,30,24,ITA
2021-08-30,18,13,30,23,ITA
2021-09-06,20,13,31,22,ITA
2021-09-13,21,13,31,22,ITA
2021-09-20,21,13,30,23,ITA
2021-09-27,20,12,30,21,ITA
2021-10-04,20,13,41,22,ITA
2021-10-11,16,13,35,21,ITA
2021-10-18,11,12,30,22,ITA
2021-10-25,11,12,34,22,ITA
2021-11-01,12,13,28,24,ITA
2021-11-08,11,13,29,26,ITA
2021-11-15,11,12,29,23,ITA
2021-11-22,11,12,29,24,ITA
2021-11-29,11,11,36,24,ITA
2021-12-06,12,11,34,26,ITA
2021-12-13,12,11,73,37,ITA
2021-12-20,13,12,100,56,ITA
2021-12-27,18,14,89,49,ITA
2022-01-03,18,15,62,39,ITA
2022-01-10,17,13,50,33,ITA
2022-01-17,15,13,44,30,ITA
2022-01-24,14,12,32,28,ITA
2022-01-31,13,13,26,27,ITA
2022-02-07,13,13,22,26,ITA
2022-02-14,11,12,21,22,ITA
2022-02-21,12,13,22,23,ITA
2022-02-28,12,17,24,24,ITA
2022-03-07,12,14,25,31,ITA
2022-03-14,12,16,27,33,ITA
2022-03-21,13,13,25,31,ITA
2022-03-28,13,14,25,30,ITA
2022-04-04,11,12,27,29,ITA
2022-04-11,11,12,36,31,ITA
2022-04-18,12,12,30,27,ITA
2022-04-25,12,13,22,26,ITA
2022-05-02,11,12,23,28,ITA
2022-05-09,10,12,23,28,ITA
2022-05-16,11,12,22,28,ITA
2022-05-23,10,12,27,26,ITA
2022-05-30,11,13,23,27,ITA
2022-06-06,11,13,23,27,ITA
2022-06-13,11,13,27,32,ITA
2022-06-20,12,13,28,32,ITA
2022-06-27,10,13,35,34,ITA
2022-07-04,8,13,34,35,ITA
2022-07-11,11,14,31,33,ITA
2022-07-18,11,13,30,32,ITA
2022-07-25,10,12,29,31,ITA
2022-08-01,7,11,29,30,ITA
2022-08-08,8,10,35,28,ITA
2022-08-15,8,12,24,29,ITA
2022-08-22,11,12,20,25,ITA
2022-08-29,11,13,20,23,ITA
2022-09-05,12,12,20,24,ITA
2022-09-12,12,12,22,23,ITA
2022-09-19,12,13,22,23,ITA
2022-09-26,14,13,24,25,ITA
2022-10-03,12,13,24,26,ITA
2022-10-10,13,13,24,27,ITA
2022-10-17,14,13,23,27,ITA
2022-10-24,11,13,26,26,ITA
2022-10-31,13,12,20,25,ITA
2022-11-07,15,13,23,26,ITA
2022-11-14,14,11,22,24,ITA
2022-11-21,14,11,23,26,ITA
2022-11-28,14,10,30,27,ITA
2022-12-05,14,16,24,29,ITA
2022-12-12,13,18,24,28,ITA
2022-12-19,14,19,34,30,ITA
2022-12-26,15,21,28,30,ITA
2023-01-02,18,25,21,30,ITA
2023-01-09,17,23,19,25,ITA
2023-01-16,16,24,18,27,ITA
2023-01-23,16,24,20,26,ITA
2023-01-30,15,21,18,23,ITA
2023-02-06,14,24,19,27,ITA
2023-02-13,15,25,20,29,ITA
2023-02-20,15,25,20,27,ITA
2023-02-27,17,25,22,29,ITA
2023-03-06,17,24,22,28,ITA
2023-03-13,18,26,23,31,ITA
2023-03-20,19,25,24,29,ITA
2023-03-27,17,24,22,27,ITA
2023-04-03,16,23,27,27,ITA
2023-04-10,18,25,23,26,ITA
2023-04-17,15,23,28,27,ITA
2023-04-24,16,23,27,26,ITA
2023-05-01,17,24,22,26,ITA
2023-05-08,16,23,21,25,ITA
2023-05-15,17,25,23,28,ITA
2023-05-22,16,22,29,26,ITA
2023-05-29,17,25,24,25,ITA
2023-06-05,16,24,23,26,ITA
2023-06-12,17,24,24,25,ITA
2023-06-19,18,23,25,28,ITA
2023-06-26,17,24,24,25,ITA
2023-07-03,17,23,24,24,ITA
2023-07-10,16,23,24,22,ITA
2023-07-17,16,21,24,22,ITA
2023-07-24,15,21,24,24,ITA
2023-07-31,15,21,26,24,ITA
2023-08-07,13,17,34,25,ITA
2023-08-14,16,21,26,24,ITA
2023-08-21,16,19,21,24,ITA
2023-08-28,20,24,23,25,ITA
2023-09-04,19,25,22,25,ITA
2023-09-11,19,24,21,25,ITA
2023-09-18,21,25,22,24,ITA
2023-09-25,22,25,23,26,ITA
2023-10-02,20,26,23,27,ITA
2023-10-09,20,28,23,24,ITA
2023-10-16,19,25,22,24,ITA
2023-10-23,18,21,25,23,ITA
2023-10-30,20,23,22,24,ITA
2023-11-06,22,24,22,25,ITA
2023-11-13,19,23,23,25,ITA
2023-11-20,20,22,23,25,ITA
2023-11-27,19,23,29,25,ITA
2023-12-04,19,23,27,28,ITA
2023-12-11,19,21,28,27,ITA
2023-12-18,15,18,51,31,ITA
2023-12-25,18,19,37,27,ITA
2019-12-23,21,8,14,25,MEX
2019-12-30,26,10,12,25,MEX
2020-01-06,27,11,11,27,MEX
2020-01-13,24,10,10,41,MEX
2020-01-20,25,11,10,38,MEX
2020-01-27,25,12,10,33,MEX
2020-02-03,25,10,10,30,MEX
2020-02-10,26,10,12,29,MEX
2020-02-17,25,11,13,43,MEX
2020-02-24,26,11,11,42,MEX
2020-03-02,27,11,12,56,MEX
2020-03-09,28,13,14,100,MEX
2020-03-16,29,13,11,73,MEX
2020-03-23,29,13,10,58,MEX
2020-03-30,29,13,12,53,MEX
2020-04-06,28,15,12,49,MEX
2020-04-13,28,13,9,42,MEX
2020-04-20,25,15,12,45,MEX
2020-04-27,24,16,12,44,MEX
2020-05-04,25,13,9,44,MEX
2020-05-11,25,11,11,48,MEX
2020-05-18,24,11,11,48,MEX
2020-05-25,23,10,11,44,MEX
2020-06-01,25,11,11,51,MEX
2020-06-08,25,12,12,50,MEX
2020-06-15,23,11,11,49,MEX
2020-06-22,23,12,13,54,MEX
2020-06-29,26,12,15,61,MEX
2020-07-06,26,13,14,62,MEX
2020-07-13,26,13,13,55,MEX
2020-07-20,26,12,13,48,MEX
2020-07-27,26,11,12,49,MEX
2020-08-03,25,10,11,44,MEX
2020-08-10,24,10,11,41,MEX
2020-08-17,22,9,10,37,MEX
2020-08-24,23,9,10,38,MEX
2020-08-31,23,9,10,36,MEX
2020-09-07,21,9,9,35,MEX
2020-09-14,23,9,9,35,MEX
2020-09-21,23,9,10,34,MEX
2020-09-28,24,9,10,36,MEX
2020-10-05,24,9,10,35,MEX
2020-10-12,47,10,10,41,MEX
2020-10-19,23,9,10,39,MEX
2020-10-26,20,9,9,37,MEX
2020-11-02,22,9,11,39,MEX
2020-11-09,21,9,11,38,MEX
2020-11-16,22,10,10,39,MEX
2020-11-23,22,10,11,36,MEX
2020-11-30,22,10,11,37,MEX
2020-12-07,22,11,13,41,MEX
2020-12-14,20,11,15,47,MEX
2020-12-21,21,12,15,49,MEX
2020-12-28,28,13,24,51,MEX
2021-01-04,26,13,26,47,MEX
2021-01-11,24,12,25,48,MEX
2021-01-18,25,11,24,44,MEX
2021-01-25,24,11,22,40,MEX
2021-02-01,25,10,20,36,MEX
2021-02-08,21,9,18,33,MEX
2021-02-15,23,10,17,34,MEX
2021-02-22,23,9,17,34,MEX
2021-03-01,22,9,17,32,MEX
2021-03-08,21,9,11,34,MEX
2021-03-15,23,9,8,35,MEX
2021-03-22,21,9,9,35,MEX
2021-03-29,19,10,9,36,MEX
2021-04-05,17,10,11,37,MEX
2021-04-12,18,9,14,36,MEX
2021-04-19,18,9,13,31,MEX
2021-04-26,17,9,14,31,MEX
2021-05-03,17,9,9,30,MEX
2021-05-10,18,9,9,32,MEX
2021-05-17,17,9,11,33,MEX
2021-05-24,18,9,13,32,MEX
2021-05-31,18,9,9,34,MEX
2021-06-07,19,9,9,33,MEX
2021-06-14,18,9,9,34,MEX
2021-06-21,18,9,11,35,MEX
2021-06-28,18,9,18,40,MEX
2021-07-05,19,10,10,46,MEX
2021-07-12,18,11,9,49,MEX
2021-07-19,19,11,10,52,MEX
2021-07-26,20,11,10,53,MEX
2021-08-02,22,11,10,55,MEX
2021-08-09,22,10,10,50,MEX
2021-08-16,21,10,10,45,MEX
2021-08-23,18,9,16,37,MEX
2021-08-30,19,10,16,36,MEX
2021-09-06,18,9,15,34,MEX
2021-09-13,19,9,12,34,MEX
2021-09-20,19,9,12,31,MEX
2021-09-27,19,9,12,31,MEX
2021-10-04,21,9,8,32,MEX
2021-10-11,33,9,6,31,MEX
2021-10-18,17,8,5,30,MEX
2021-10-25,13,8,6,30,MEX
2021-11-01,13,9,6,29,MEX
2021-11-08,13,8,6,30,MEX
2021-11-15,13,9,6,30,MEX
2021-11-22,12,8,6,36,MEX
2021-11-29,12,8,6,31,MEX
2021-12-06,11,8,6,30,MEX
2021-12-13,11,7,7,35,MEX
2021-12-20,12,7,8,44,MEX
2021-12-27,14,9,9,62,MEX
2022-01-03,15,10,14,78,MEX
2022-01-10,13,9,14,61,MEX
2022-01-17,13,9,23,47,MEX
2022-01-24,13,9,23,43,MEX
2022-01-31,13,9,9,37,MEX
2022-02-07,14,9,7,34,MEX
2022-02-14,14,10,7,34,MEX
2022-02-21,14,9,8,33,MEX
2022-02-28,14,10,8,34,MEX
2022-03-07,14,10,8,32,MEX
2022-03-14,14,10,8,33,MEX
2022-03-21,15,10,8,36,MEX
2022-03-28,15,10,9,36,MEX
2022-04-04,12,9,10,34,MEX
2022-04-11,13,10,10,34,MEX
2022-04-18,14,9,8,33,MEX
2022-04-25,14,9,10,33,MEX
2022-05-02,13,9,10,35,MEX
2022-05-09,15,9,10,39,MEX
2022-05-16,15,9,9,37,MEX
2022-05-23,14,9,9,37,MEX
2022-05-30,14,10,10,37,MEX
2022-06-06,14,9,11,37,MEX
2022-06-13,14,10,11,38,MEX
2022-06-20,14,10,11,44,MEX
2022-06-27,14,10,15,47,MEX
2022-07-04,15,10,17,49,MEX
2022-07-11,16,10,15,46,MEX
2022-07-18,16,10,15,45,MEX
2022-07-25,16,10,15,40,MEX
2022-08-01,14,10,14,38,MEX
2022-08-08,16,10,16,35,MEX
2022-08-15,15,10,15,36,MEX
2022-08-22,15,10,13,34,MEX
2022-08-29,15,9,12,32,MEX
2022-09-05,14,8,13,31,MEX
2022-09-12,15,10,15,33,MEX
2022-09-19,16,10,7,33,MEX
2022-09-26,17,10,13,34,MEX
2022-10-03,16,10,17,34,MEX
2022-10-10,21,10,11,33,MEX
2022-10-17,29,9,8,32,MEX
2022-10-24,13,9,10,32,MEX
2022-10-31,16,10,18,37,MEX
2022-11-07,16,9,23,35,MEX
2022-11-14,13,8,23,33,MEX
2022-11-21,14,8,27,36,MEX
2022-11-28,13,8,20,36,MEX
2022-12-05,13,12,13,35,MEX
2022-12-12,13,15,15,34,MEX
2022-12-19,14,15,13,35,MEX
2022-12-26,15,18,15,35,MEX
2023-01-02,15,19,29,35,MEX
2023-01-09,17,17,13,34,MEX
2023-01-16,17,20,13,33,MEX
2023-01-23,17,19,30,32,MEX
2023-01-30,17,17,26,33,MEX
2023-02-06,15,18,21,32,MEX
2023-02-13,16,19,18,34,MEX
2023-02-20,17,20,18,35,MEX
2023-02-27,17,20,13,37,MEX
2023-03-06,17,20,10,34,MEX
2023-03-13,17,18,11,37,MEX
2023-03-20,18,19,10,35,MEX
2023-03-27,15,18,12,34,MEX
2023-04-03,17,20,18,36,MEX
2023-04-10,18,20,11,35,MEX
2023-04-17,19,20,10,37,MEX
2023-04-24,17,19,10,37,MEX
2023-05-01,17,18,10,36,MEX
2023-05-08,20,20,14,36,MEX
2023-05-15,21,19,15,38,MEX
2023-05-22,19,20,13,35,MEX
2023-05-29,19,20,12,36,MEX
2023-06-05,18,20,13,40,MEX
2023-06-12,18,20,14,39,MEX
2023-06-19,17,21,11,37,MEX
2023-06-26,16,20,9,35,MEX
2023-07-03,16,19,8,32,MEX
2023-07-10,17,20,21,35,MEX
2023-07-17,17,20,22,33,MEX
2023-07-24,16,20,20,34,MEX
2023-07-31,18,22,22,35,MEX
2023-08-07,18,20,21,33,MEX
2023-08-14,16,20,19,32,MEX
2023-08-21,16,19,19,33,MEX
2023-08-28,17,19,20,33,MEX
2023-09-04,17,19,16,33,MEX
2023-09-11,17,19,7,34,MEX
2023-09-18,17,20,7,34,MEX
2023-09-25,17,19,7,32,MEX
2023-10-02,17,19,7,32,MEX
2023-10-09,20,22,7,33,MEX
2023-10-16,34,20,7,31,MEX
2023-10-23,15,18,7,29,MEX
2023-10-30,17,20,8,33,MEX
2023-11-06,16,19,7,31,MEX
2023-11-13,15,17,7,30,MEX
2023-11-20,16,18,7,32,MEX
2023-11-27,15,18,7,31,MEX
2023-12-04,13,17,6,30,MEX
2023-12-11,12,17,7,32,MEX
2023-12-18,12,16,6,31,MEX
2023-12-25,14,17,6,31,MEX
2019-12-23,16,9,5,23,PAN
2019-12-30,18,10,6,21,PAN
2020-01-06,20,11,5,20,PAN
2020-01-13,20,13,6,26,PAN
2020-01-20,21,14,6,29,PAN
2020-01-27,18,15,5,28,PAN
2020-02-03,18,10,5,24,PAN
2020-02-10,19,10,5,22,PAN
2020-02-17,17,9,5,31,PAN
2020-02-24,19,11,5,36,PAN
2020-03-02,23,13,7,100,PAN
2020-03-09,24,14,6,74,PAN
2020-03-16,21,14,8,62,PAN
2020-03-23,33,14,7,47,PAN
2020-03-30,19,10,8,39,PAN
2020-04-06,20,11,8,34,PAN
2020-04-13,20,10,7,28,PAN
2020-04-20,18,9,7,31,PAN
2020-04-27,24,10,7,30,PAN
2020-05-04,18,8,6,27,PAN
2020-05-11,42,10,6,30,PAN
2020-05-18,21,10,5,31,PAN
2020-05-25,18,11,7,32,PAN
2020-06-01,17,10,6,39,PAN
2020-06-08,20,10,6,39,PAN
2020-06-15,18,13,5,39,PAN
2020-06-22,20,11,6,43,PAN
2020-06-29,19,11,6,40,PAN
2020-07-06,20,9,6,38,PAN
2020-07-13,19,10,5,33,PAN
2020-07-20,19,9,6,33,PAN
2020-07-27,18,9,5,28,PAN
2020-08-03,20,9,5,26,PAN
2020-08-10,15,9,6,25,PAN
2020-08-17,20,9,4,25,PAN
2020-08-24,19,10,5,28,PAN
2020-08-31,16,8,5,26,PAN
2020-09-07,17,9,6,25,PAN
2020-09-14,16,9,5,27,PAN
2020-09-21,15,9,5,25,PAN
2020-09-28,17,10,5,27,PAN
2020-10-05,18,10,5,28,PAN
2020-10-12,16,9,5,27,PAN
2020-10-19,15,10,5,28,PAN
2020-10-26,12,8,4,26,PAN
2020-11-02,15,10,5,30,PAN
2020-11-09,16,9,5,29,PAN
2020-11-16,16,10,4,29,PAN
2020-11-23,16,11,5,33,PAN
2020-11-30,16,11,4,39,PAN
2020-12-07,17,11,6,44,PAN
2020-12-14,16,11,8,41,PAN
2020-12-21,18,11,10,42,PAN
2020-12-28,23,11,8,37,PAN
2021-01-04,20,11,9,35,PAN
2021-01-11,24,13,7,31,PAN
2021-01-18,19,13,9,30,PAN
2021-01-25,18,11,7,28,PAN
2021-02-01,18,9,6,26,PAN
2021-02-08,15,9,7,25,PAN
2021-02-15,17,11,6,26,PAN
2021-02-22,17,9,6,24,PAN
2021-03-01,20,8,5,22,PAN
2021-03-08,16,9,5,21,PAN
2021-03-15,17,9,6,23,PAN
2021-03-22,16,8,5,25,PAN
2021-03-29,14,10,6,23,PAN
2021-04-05,13,9,6,21,PAN
2021-04-12,14,10,6,21,PAN
2021-04-19,16,10,6,22,PAN
2021-04-26,16,8,5,21,PAN
2021-05-03,14,8,5,23,PAN
2021-05-10,28,9,6,24,PAN
2021-05-17,14,9,6,23,PAN
2021-05-24,14,11,7,27,PAN
2021-05-31,15,11,6,25,PAN
2021-06-07,14,10,5,25,PAN
2021-06-14,15,9,5,25,PAN
2021-06-21,14,9,5,24,PAN
2021-06-28,15,10,6,26,PAN
2021-07-05,15,9,5,23,PAN
2021-07-12,14,9,5,24,PAN
2021-07-19,15,9,5,26,PAN
2021-07-26,15,10,5,25,PAN
2021-08-02,14,10,5,23,PAN
2021-08-09,16,11,5,25,PAN
2021-08-16,15,11,6,26,PAN
2021-08-23,14,10,6,24,PAN
2021-08-30,14,10,6,21,PAN
2021-09-06,13,9,6,20,PAN
2021-09-13,14,10,5,22,PAN
2021-09-20,14,9,6,22,PAN
2021-09-27,15,10,5,22,PAN
2021-10-04,14,9,5,21,PAN
2021-10-11,13,9,5,23,PAN
2021-10-18,11,10,5,22,PAN
2021-10-25,9,8,5,20,PAN
2021-11-01,10,8,5,22,PAN
2021-11-08,12,10,5,23,PAN
2021-11-15,11,10,5,23,PAN
2021-11-22,10,9,6,25,PAN
2021-11-29,9,9,6,21,PAN
2021-12-06,10,10,6,25,PAN
2021-12-13,9,9,6,35,PAN
2021-12-20,9,9,7,46,PAN
2021-12-27,11,13,7,49,PAN
2022-01-03,11,11,7,52,PAN
2022-01-10,11,12,7,49,PAN
2022-01-17,11,11,10,41,PAN
2022-01-24,11,11,7,32,PAN
2022-01-31,12,11,6,28,PAN
2022-02-07,11,11,8,26,PAN
2022-02-14,10,10,7,22,PAN
2022-02-21,10,9,7,23,PAN
2022-02-28,11,10,7,23,PAN
2022-03-07,11,10,7,25,PAN
2022-03-14,10,9,6,22,PAN
2022-03-21,11,10,6,23,PAN
2022-03-28,10,9,6,22,PAN
2022-04-04,9,8,7,23,PAN
2022-04-11,11,10,9,22,PAN
2022-04-18,16,10,8,23,PAN
2022-04-25,16,10,7,29,PAN
2022-05-02,11,10,8,31,PAN
2022-05-09,19,10,6,29,PAN
2022-05-16,11,10,7,33,PAN
2022-05-23,12,10,8,31,PAN
2022-05-30,11,11,7,28,PAN
2022-06-06,11,9,7,28,PAN
2022-06-13,12,10,8,31,PAN
2022-06-20,10,10,8,28,PAN
2022-06-27,10,11,8,32,PAN
2022-07-04,10,10,7,28,PAN
2022-07-11,12,9,7,27,PAN
2022-07-18,13,12,7,29,PAN
2022-07-25,12,11,7,31,PAN
2022-08-01,9,11,8,28,PAN
2022-08-08,10,10,9,30,PAN
2022-08-15,11,11,7,29,PAN
2022-08-22,12,10,7,28,PAN
2022-08-29,12,10,8,26,PAN
2022-09-05,12,10,7,25,PAN
2022-09-12,11,10,7,25,PAN
2022-09-19,12,10,7,24,PAN
2022-09-26,12,11,7,29,PAN
2022-10-03,11,11,7,25,PAN
2022-10-10,10,9,7,26,PAN
2022-10-17,12,10,7,24,PAN
2022-10-24,10,8,7,24,PAN
2022-10-31,11,10,7,24,PAN
2022-11-07,10,10,7,26,PAN
2022-11-14,9,8,6,22,PAN
2022-11-21,9,8,5,23,PAN
2022-11-28,9,8,6,23,PAN
2022-12-05,9,11,6,23,PAN
2022-12-12,9,12,6,23,PAN
2022-12-19,9,14,6,24,PAN
2022-12-26,11,16,7,24,PAN
2023-01-02,11,15,7,25,PAN
2023-01-09,13,18,7,25,PAN
2023-01-16,12,17,7,23,PAN
2023-01-23,12,17,8,25,PAN
2023-01-30,13,17,6,25,PAN
2023-02-06,11,16,7,24,PAN
2023-02-13,9,13,7,24,PAN
2023-02-20,12,16,7,24,PAN
2023-02-27,13,16,8,25,PAN
2023-03-06,12,16,8,24,PAN
2023-03-13,14,17,9,25,PAN
2023-03-20,13,15,9,25,PAN
2023-03-27,12,15,8,25,PAN
2023-04-03,14,18,9,25,PAN
2023-04-10,14,17,9,25,PAN
2023-04-17,20,17,9,24,PAN
2023-04-24,21,16,9,24,PAN
2023-05-01,14,17,9,27,PAN
2023-05-08,17,18,9,26,PAN
2023-05-15,24,15,10,26,PAN
2023-05-22,15,17,12,30,PAN
2023-05-29,15,19,9,30,PAN
2023-06-05,13,18,9,29,PAN
2023-06-12,13,16,9,30,PAN
2023-06-19,13,17,10,28,PAN
2023-06-26,12,17,8,28,PAN
2023-07-03,12,16,8,25,PAN
2023-07-10,13,15,9,25,PAN
2023-07-17,13,16,8,24,PAN
2023-07-24,13,17,9,24,PAN
2023-07-31,14,16,9,26,PAN
2023-08-07,13,15,9,23,PAN
2023-08-14,13,15,10,23,PAN
2023-08-21,13,17,9,23,PAN
2023-08-28,14,16,10,23,PAN
2023-09-04,13,17,10,25,PAN
2023-09-11,14,16,9,24,PAN
2023-09-18,11,16,8,23,PAN
2023-09-25,14,16,9,23,PAN
2023-10-02,13,16,7,23,PAN
2023-10-09,11,18,9,26,PAN
2023-10-16,10,14,8,21,PAN
2023-10-23,9,14,8,22,PAN
2023-10-30,11,14,7,24,PAN
2023-11-06,11,14,9,23,PAN
2023-11-13,11,13,8,23,PAN
2023-11-20,11,15,9,23,PAN
2023-11-27,10,14,7,24,PAN
2023-12-04,10,14,8,26,PAN
2023-12-11,10,13,8,23,PAN
2023-12-18,9,15,8,26,PAN
2023-12-25,10,16,8,27,PAN
2019-12-23,19,11,19,19,URY
2019-12-30,22,12,15,18,URY
2020-01-06,21,13,15,20,URY
2020-01-13,21,13,13,24,URY
2020-01-20,21,16,12,30,URY
2020-01-27,27,18,13,20,URY
2020-02-03,24,14,15,21,URY
2020-02-10,20,13,13,22,URY
2020-02-17,21,14,15,36,URY
2020-02-24,21,14,14,27,URY
2020-03-02,23,17,16,66,URY
2020-03-09,39,19,25,100,URY
2020-03-16,31,15,16,53,URY
2020-03-23,29,14,15,33,URY
2020-03-30,23,16,19,29,URY
2020-04-06,24,13,15,23,URY
2020-04-13,25,12,13,24,URY
2020-04-20,25,13,13,21,URY
2020-04-27,19,12,12,20,URY
2020-05-04,19,12,13,21,URY
2020-05-11,22,12,12,22,URY
2020-05-18,24,12,11,21,URY
2020-05-25,19,12,11,19,URY
2020-06-01,18,13,11,21,URY
2020-06-08,17,11,12,19,URY
2020-06-15,17,13,11,21,URY
2020-06-22,18,13,13,22,URY
2020-06-29,19,13,13,25,URY
2020-07-06,18,14,13,25,URY
2020-07-13,20,14,12,28,URY
2020-07-20,22,15,13,26,URY
2020-07-27,21,13,13,22,URY
2020-08-03,21,15,12,20,URY
2020-08-10,20,13,13,23,URY
2020-08-17,17,12,12,19,URY
2020-08-24,20,14,11,22,URY
2020-08-31,19,13,14,23,URY
2020-09-07,19,14,13,23,URY
2020-09-14,21,12,13,24,URY
2020-09-21,20,13,11,24,URY
2020-09-28,19,13,12,23,URY
2020-10-05,22,13,12,25,URY
2020-10-12,19,13,11,25,URY
2020-10-19,19,14,12,27,URY
2020-10-26,19,13,14,27,URY
2020-11-02,19,12,13,29,URY
2020-11-09,19,13,12,33,URY
2020-11-16,20,14,12,30,URY
2020-11-23,30,13,12,35,URY
2020-11-30,20,13,13,36,URY
2020-12-07,26,13,15,37,URY
2020-12-14,20,11,19,41,URY
2020-12-21,20,13,20,36,URY
2020-12-28,19,13,16,36,URY
2021-01-04,20,14,16,33,URY
2021-01-11,21,13,16,36,URY
2021-01-18,21,14,14,33,URY
2021-01-25,23,12,14,29,URY
2021-02-01,19,14,14,26,URY
2021-02-08,19,12,13,29,URY
2021-02-15,20,15,13,29,URY
2021-02-22,20,17,13,32,URY
2021-03-01,22,17,14,39,URY
2021-03-08,22,18,13,41,URY
2021-03-15,21,16,12,42,URY
2021-03-22,21,18,15,45,URY
2021-03-29,17,16,13,36,URY
2021-04-05,18,15,14,34,URY
2021-04-12,18,16,13,32,URY
2021-04-19,16,12,13,27,URY
2021-04-26,16,12,12,25,URY
2021-05-03,15,13,12,29,URY
2021-05-10,17,15,11,29,URY
2021-05-17,17,15,10,32,URY
2021-05-24,16,14,11,32,URY
2021-05-31,15,14,11,29,URY
2021-06-07,16,13,10,26,URY
2021-06-14,16,13,10,23,URY
2021-06-21,14,12,12,21,URY
2021-06-28,16,14,12,21,URY
2021-07-05,16,14,11,23,URY
2021-07-12,17,14,11,21,URY
2021-07-19,19,14,11,21,URY
2021-07-26,17,13,12,21,URY
2021-08-02,18,15,12,24,URY
2021-08-09,17,14,13,23,URY
2021-08-16,18,14,14,23,URY
2021-08-23,15,13,11,20,URY
2021-08-30,15,14,12,19,URY
2021-09-06,15,15,13,21,URY
2021-09-13,16,14,14,23,URY
2021-09-20,16,14,11,20,URY
2021-09-27,17,15,13,21,URY
2021-10-04,15,14,13,21,URY
2021-10-11,13,16,12,22,URY
2021-10-18,12,14,12,22,URY
2021-10-25,10,12,14,23,URY
2021-11-01,11,12,12,21,URY
2021-11-08,10,12,12,20,URY
2021-11-15,10,13,12,21,URY
2021-11-22,17,12,13,21,URY
2021-11-29,10,13,13,22,URY
2021-12-06,10,13,13,22,URY
2021-12-13,9,12,19,24,URY
2021-12-20,10,11,21,38,URY
2021-12-27,10,16,24,58,URY
2022-01-03,11,21,34,74,URY
2022-01-10,12,17,26,60,URY
2022-01-17,12,16,22,51,URY
2022-01-24,10,15,18,41,URY
2022-01-31,9,15,16,36,URY
2022-02-07,9,14,17,31,URY
2022-02-14,9,14,15,26,URY
2022-02-21,9,14,15,24,URY
2022-02-28,10,15,14,22,URY
2022-03-07,11,13,14,26,URY
2022-03-14,10,13,13,21,URY
2022-03-21,11,12,12,22,URY
2022-03-28,11,13,13,24,URY
2022-04-04,9,10,17,22,URY
2022-04-11,10,13,14,24,URY
2022-04-18,10,13,12,21,URY
2022-04-25,10,13,14,23,URY
2022-05-02,10,17,13,24,URY
2022-05-09,10,13,14,24,URY
2022-05-16,11,13,14,32,URY
2022-05-23,11,13,13,27,URY
2022-05-30,11,13,14,27,URY
2022-06-06,11,14,15,25,URY
2022-06-13,11,12,15,23,URY
2022-06-20,11,14,13,23,URY
2022-06-27,10,13,16,23,URY
2022-07-04,10,14,15,22,URY
2022-07-11,12,13,16,23,URY
2022-07-18,13,13,13,27,URY
2022-07-25,14,12,14,23,URY
2022-08-01,8,13,13,24,URY
2022-08-08,11,14,14,26,URY
2022-08-15,9,13,14,25,URY
2022-08-22,10,14,13,24,URY
2022-08-29,12,13,14,22,URY
2022-09-05,11,11,13,22,URY
2022-09-12,9,10,14,23,URY
2022-09-19,12,11,12,24,URY
2022-09-26,12,10,13,22,URY
2022-10-03,10,11,14,22,URY
2022-10-10,10,11,13,22,URY
2022-10-17,12,11,13,24,URY
2022-10-24,11,9,13,23,URY
2022-10-31,11,9,15,23,URY
2022-11-07,12,10,14,23,URY
2022-11-14,11,9,12,20,URY
2022-11-21,16,7,13,20,URY
2022-11-28,11,8,14,22,URY
2022-12-05,12,14,15,25,URY
2022-12-12,11,17,18,27,URY
2022-12-19,14,19,22,27,URY
2022-12-26,13,19,21,25,URY
2023-01-02,13,22,16,24,URY
2023-01-09,14,21,15,25,URY
2023-01-16,12,18,14,23,URY
2023-01-23,14,22,15,22,URY
2023-01-30,13,20,15,21,URY
2023-02-06,12,19,14,22,URY
2023-02-13,12,19,17,22,URY
2023-02-20,15,22,15,22,URY
2023-02-27,14,22,16,21,URY
2023-03-06,14,22,14,22,URY
2023-03-13,13,22,14,21,URY
2023-03-20,13,20,14,23,URY
2023-03-27,13,17,19,22,URY
2023-04-03,15,22,16,22,URY
2023-04-10,14,22,15,25,URY
2023-04-17,14,22,15,24,URY
2023-04-24,13,19,20,21,URY
2023-05-01,14,22,16,23,URY
2023-05-08,16,22,16,24,URY
2023-05-15,16,21,17,25,URY
2023-05-22,14,21,16,23,URY
2023-05-29,15,21,17,23,URY
2023-06-05,16,22,18,21,URY
2023-06-12,16,20,18,23,URY
2023-06-19,17,21,19,21,URY
2023-06-26,15,20,19,22,URY
2023-07-03,13,19,17,23,URY
2023-07-10,14,17,16,21,URY
2023-07-17,14,21,15,21,URY
2023-07-24,15,20,17,21,URY
2023-07-31,15,21,17,21,URY
2023-08-07,14,20,16,21,URY
2023-08-14,12,21,19,20,URY
2023-08-21,15,21,16,21,URY
2023-08-28,14,20,17,23,URY
2023-09-04,13,20,16,21,URY
2023-09-11,13,21,18,21,URY
2023-09-18,15,22,16,21,URY
2023-09-25,14,21,17,21,URY
2023-10-02,12,19,17,22,URY
2023-10-09,12,22,16,25,URY
2023-10-16,13,21,17,24,URY
2023-10-23,12,19,15,21,URY
2023-10-30,12,26,17,19,URY
2023-11-06,13,20,16,19,URY
2023-11-13,12,19,16,21,URY
2023-11-20,13,22,15,22,URY
2023-11-27,17,18,17,21,URY
2023-12-04,11,18,17,20,URY
2023-12-11,9,18,16,18,URY
2023-12-18,10,17,20,20,URY
2023-12-25,10,17,20,19,URY
2019-12-23,33,19,6,25,USA
2019-12-30,39,21,6,24,USA
2020-01-06,39,21,7,23,USA
2020-01-13,37,21,6,27,USA
2020-01-20,39,23,6,37,USA
2020-01-27,36,23,6,32,USA
2020-02-03,39,21,6,28,USA
2020-02-10,38,21,6,27,USA
2020-02-17,40,22,6,38,USA
2020-02-24,37,21,6,51,USA
2020-03-02,35,25,6,98,USA
2020-03-09,33,27,6,100,USA
2020-03-16,33,28,6,74,USA
2020-03-23,32,27,6,56,USA
2020-03-30,32,23,6,44,USA
2020-04-06,30,20,5,34,USA
2020-04-13,29,19,5,32,USA
2020-04-20,33,19,5,31,USA
2020-04-27,33,19,5,29,USA
2020-05-04,31,19,5,29,USA
2020-05-11,31,18,5,28,USA
2020-05-18,29,16,5,26,USA
2020-05-25,32,18,6,25,USA
2020-06-01,33,19,5,27,USA
2020-06-08,33,20,5,30,USA
2020-06-15,32,20,5,37,USA
2020-06-22,31,20,5,41,USA
2020-06-29,34,22,5,43,USA
2020-07-06,34,22,5,40,USA
2020-07-13,33,21,5,35,USA
2020-07-20,43,20,5,33,USA
2020-07-27,35,20,5,32,USA
2020-08-03,39,19,5,28,USA
2020-08-10,32,18,5,27,USA
2020-08-17,32,18,5,26,USA
2020-08-24,33,18,5,30,USA
2020-08-31,30,17,5,29,USA
2020-09-07,32,19,5,29,USA
2020-09-14,34,18,5,29,USA
2020-09-21,34,23,5,31,USA
2020-09-28,37,23,6,33,USA
2020-10-05,35,20,7,32,USA
2020-10-12,40,20,6,32,USA
2020-10-19,37,20,6,33,USA
2020-10-26,29,16,5,28,USA
2020-11-02,35,20,6,35,USA
2020-11-09,34,22,7,39,USA
2020-11-16,25,18,6,37,USA
2020-11-23,33,20,6,36,USA
2020-11-30,33,21,5,37,USA
2020-12-07,32,20,5,34,USA
2020-12-14,26,17,5,33,USA
2020-12-21,29,19,5,37,USA
2020-12-28,33,21,6,34,USA
2021-01-04,33,21,6,34,USA
2021-01-11,34,21,6,31,USA
2021-01-18,34,22,6,29,USA
2021-01-25,34,21,7,30,USA
2021-02-01,31,19,6,26,USA
2021-02-08,21,19,6,25,USA
2021-02-15,24,20,6,13,USA
2021-02-22,25,20,6,9,USA
2021-03-01,23,20,6,9,USA
2021-03-08,24,20,5,8,USA
2021-03-15,25,20,6,8,USA
2021-03-22,23,20,6,9,USA
2021-03-29,25,20,6,8,USA
2021-04-05,18,20,5,8,USA
2021-04-12,15,19,6,9,USA
2021-04-19,16,20,6,9,USA
2021-04-26,16,20,5,10,USA
2021-05-03,16,20,5,10,USA
2021-05-10,16,19,5,10,USA
2021-05-17,16,19,5,9,USA
2021-05-24,15,18,5,9,USA
2021-05-31,16,20,5,9,USA
2021-06-07,16,20,5,11,USA
2021-06-14,16,20,5,11,USA
2021-06-21,16,19,5,11,USA
2021-06-28,15,19,5,11,USA
2021-07-05,16,20,6,11,USA
2021-07-12,16,20,5,12,USA
2021-07-19,17,21,5,12,USA
2021-07-26,16,21,6,12,USA
2021-08-02,17,22,6,12,USA
2021-08-09,18,23,6,12,USA
2021-08-16,17,24,6,11,USA
2021-08-23,12,21,6,14,USA
2021-08-30,11,22,6,15,USA
2021-09-06,12,22,6,17,USA
2021-09-13,12,21,5,25,USA
2021-09-20,12,21,5,24,USA
2021-09-27,12,21,6,23,USA
2021-10-04,15,21,5,15,USA
2021-10-11,16,20,6,14,USA
2021-10-18,16,20,5,12,USA
2021-10-25,15,20,6,13,USA
2021-11-01,16,20,6,14,USA
2021-11-08,15,20,5,13,USA
2021-11-15,12,16,5,12,USA
2021-11-22,15,19,6,14,USA
2021-11-29,15,19,5,13,USA
2021-12-06,14,19,6,15,USA
2021-12-13,13,18,7,18,USA
2021-12-20,14,21,7,21,USA
2021-12-27,16,22,7,21,USA
2022-01-03,16,22,6,18,USA
2022-01-10,13,20,6,13,USA
2022-01-17,16,20,6,12,USA
2022-01-24,15,20,5,11,USA
2022-01-31,16,21,5,12,USA
2022-02-07,15,19,5,11,USA
2022-02-14,15,20,5,10,USA
2022-02-21,16,20,5,10,USA
2022-02-28,15,20,5,11,USA
2022-03-07,15,20,5,11,USA
2022-03-14,15,21,5,11,USA
2022-03-21,15,18,5,12,USA
2022-03-28,15,20,5,17,USA
2022-04-04,14,18,5,19,USA
2022-04-11,15,18,5,24,USA
2022-04-18,15,19,5,24,USA
2022-04-25,15,18,5,26,USA
2022-05-02,15,18,5,30,USA
2022-05-09,14,19,5,31,USA
2022-05-16,15,19,5,32,USA
2022-05-23,14,22,5,30,USA
2022-05-30,15,20,6,30,USA
2022-06-06,14,19,5,30,USA
2022-06-13,15,20,6,31,USA
2022-06-20,14,22,6,32,USA
2022-06-27,14,20,6,33,USA
2022-07-04,15,21,6,33,USA
2022-07-11,15,21,5,36,USA
2022-07-18,16,20,5,36,USA
2022-07-25,16,20,5,37,USA
2022-08-01,16,20,5,33,USA
2022-08-08,16,20,5,31,USA
2022-08-15,16,20,5,32,USA
2022-08-22,15,19,5,30,USA
2022-08-29,14,18,5,29,USA
2022-09-05,15,18,6,29,USA
2022-09-12,16,18,6,28,USA
2022-09-19,16,18,6,27,USA
2022-09-26,17,18,7,28,USA
2022-10-03,16,19,7,30,USA
2022-10-10,16,19,7,29,USA
2022-10-17,16,20,6,30,USA
2022-10-24,17,18,5,30,USA
2022-10-31,16,18,6,29,USA
2022-11-07,14,18,7,31,USA
2022-11-14,12,15,6,29,USA
2022-11-21,15,17,5,32,USA
2022-11-28,15,18,6,32,USA
2022-12-05,15,20,6,31,USA
2022-12-12,12,18,6,25,USA
2022-12-19,13,20,6,28,USA
2022-12-26,15,23,5,21,USA
2023-01-02,16,23,6,27,USA
2023-01-09,16,22,6,24,USA
2023-01-16,16,23,6,20,USA
2023-01-23,16,23,6,26,USA
2023-01-30,17,23,6,22,USA
2023-02-06,15,22,5,25,USA
2023-02-13,15,23,5,29,USA
2023-02-20,16,23,6,24,USA
2023-02-27,16,24,7,30,USA
2023-03-06,17,24,8,30,USA
2023-03-13,17,25,8,32,USA
2023-03-20,17,24,8,29,USA
2023-03-27,17,23,8,27,USA
2023-04-03,16,24,8,27,USA
2023-04-10,16,24,8,26,USA
2023-04-17,16,24,8,26,USA
2023-04-24,16,23,8,27,USA
2023-05-01,17,24,8,26,USA
2023-05-08,18,25,8,29,USA
2023-05-15,18,24,9,29,USA
2023-05-22,16,23,10,26,USA
2023-05-29,16,24,9,25,USA
2023-06-05,16,24,8,27,USA
2023-06-12,16,24,9,25,USA
2023-06-19,16,26,9,26,USA
2023-06-26,15,24,8,26,USA
2023-07-03,16,25,9,25,USA
2023-07-10,16,25,9,25,USA
2023-07-17,16,25,8,27,USA
2023-07-24,15,24,9,28,USA
2023-07-31,17,24,9,24,USA
2023-08-07,16,23,9,24,USA
2023-08-14,16,24,9,27,USA
2023-08-21,16,23,9,31,USA
2023-08-28,14,23,9,30,USA
2023-09-04,16,24,9,31,USA
2023-09-11,15,23,9,26,USA
2023-09-18,15,23,9,26,USA
2023-09-25,15,23,9,28,USA
2023-10-02,15,24,9,24,USA
2023-10-09,16,29,9,25,USA
2023-10-16,16,25,9,25,USA
2023-10-23,15,23,9,23,USA
2023-10-30,16,24,9,25,USA
2023-11-06,16,26,9,26,USA
2023-11-13,13,19,8,22,USA
2023-11-20,16,23,9,23,USA
2023-11-27,16,23,9,22,USA
2023-12-04,15,23,9,24,USA
2023-12-11,13,23,9,22,USA
2023-12-18,12,20,9,23,USA
2023-12-25,17,23,9,23,USA
