,date,g_virus,g_symptoms,g_hospital,g_physician,country
0,2004-01-01,13,7,24,11,Brazil
1,2004-02-01,16,8,24,9,Brazil
2,2004-03-01,21,9,27,9,Brazil
3,2004-04-01,18,9,25,9,Brazil
4,2004-05-01,21,9,24,8,Brazil
5,2004-06-01,16,8,21,8,Brazil
6,2004-07-01,15,8,23,9,Brazil
7,2004-08-01,14,8,23,9,Brazil
8,2004-09-01,14,9,24,10,Brazil
9,2004-10-01,13,9,24,12,Brazil
10,2004-11-01,12,10,22,10,Brazil
11,2004-12-01,9,8,20,9,Brazil
12,2005-01-01,8,10,26,10,Brazil
13,2005-02-01,12,10,22,9,Brazil
14,2005-03-01,16,10,24,8,Brazil
15,2005-04-01,15,10,22,8,Brazil
16,2005-05-01,13,10,21,8,Brazil
17,2005-06-01,11,10,21,8,Brazil
18,2005-07-01,9,8,21,8,Brazil
19,2005-08-01,13,10,22,9,Brazil
20,2005-09-01,10,9,21,9,Brazil
21,2005-10-01,9,10,24,11,Brazil
22,2005-11-01,9,10,22,9,Brazil
23,2005-12-01,9,8,18,8,Brazil
24,2006-01-01,6,9,24,9,Brazil
25,2006-02-01,9,9,22,8,Brazil
26,2006-03-01,11,10,24,9,Brazil
27,2006-04-01,13,9,23,8,Brazil
28,2006-05-01,11,9,22,8,Brazil
29,2006-06-01,10,9,22,7,Brazil
30,2006-07-01,9,8,19,7,Brazil
31,2006-08-01,8,9,21,7,Brazil
32,2006-09-01,8,8,19,7,Brazil
33,2006-10-01,8,8,20,9,Brazil
34,2006-11-01,8,9,19,8,Brazil
35,2006-12-01,7,8,16,7,Brazil
36,2007-01-01,7,8,20,7,Brazil
37,2007-02-01,8,9,20,6,Brazil
38,2007-03-01,10,9,20,7,Brazil
39,2007-04-01,10,10,21,6,Brazil
40,2007-05-01,9,10,20,6,Brazil
41,2007-06-01,9,10,18,6,Brazil
42,2007-07-01,8,9,20,6,Brazil
43,2007-08-01,9,9,19,6,Brazil
44,2007-09-01,8,9,18,7,Brazil
45,2007-10-01,9,10,19,9,Brazil
46,2007-11-01,8,10,18,7,Brazil
47,2007-12-01,8,9,15,6,Brazil
48,2008-01-01,7,12,20,8,Brazil
49,2008-02-01,9,10,20,8,Brazil
50,2008-03-01,10,13,20,7,Brazil
51,2008-04-01,10,15,20,8,Brazil
52,2008-05-01,10,11,19,7,Brazil
53,2008-06-01,9,10,19,7,Brazil
54,2008-07-01,7,9,18,7,Brazil
55,2008-08-01,8,10,19,8,Brazil
56,2008-09-01,8,11,18,8,Brazil
57,2008-10-01,7,10,18,8,Brazil
58,2008-11-01,8,11,17,7,Brazil
59,2008-12-01,8,10,15,7,Brazil
60,2009-01-01,8,12,18,8,Brazil
61,2009-02-01,8,13,18,8,Brazil
62,2009-03-01,11,15,19,8,Brazil
63,2009-04-01,12,17,20,8,Brazil
64,2009-05-01,10,18,19,8,Brazil
65,2009-06-01,8,16,17,8,Brazil
66,2009-07-01,8,21,18,8,Brazil
67,2009-08-01,10,24,19,9,Brazil
68,2009-09-01,8,18,18,9,Brazil
69,2009-10-01,7,15,18,9,Brazil
70,2009-11-01,7,16,17,9,Brazil
71,2009-12-01,6,14,15,7,Brazil
72,2010-01-01,5,17,17,9,Brazil
73,2010-02-01,6,17,17,9,Brazil
74,2010-03-01,8,20,19,9,Brazil
75,2010-04-01,8,21,17,9,Brazil
76,2010-05-01,7,19,18,9,Brazil
77,2010-06-01,6,16,17,8,Brazil
78,2010-07-01,5,15,16,9,Brazil
79,2010-08-01,6,15,16,9,Brazil
80,2010-09-01,7,17,16,9,Brazil
81,2010-10-01,5,16,16,10,Brazil
82,2010-11-01,5,15,16,8,Brazil
83,2010-12-01,5,14,14,8,Brazil
84,2011-01-01,4,16,16,9,Brazil
85,2011-02-01,5,17,16,9,Brazil
86,2011-03-01,6,17,15,9,Brazil
87,2011-04-01,6,18,15,9,Brazil
88,2011-05-01,5,17,16,9,Brazil
89,2011-06-01,5,15,14,8,Brazil
90,2011-07-01,4,15,14,9,Brazil
91,2011-08-01,4,17,15,10,Brazil
92,2011-09-01,4,17,14,9,Brazil
93,2011-10-01,4,17,14,10,Brazil
94,2011-11-01,5,15,13,9,Brazil
95,2011-12-01,4,14,12,9,Brazil
96,2012-01-01,4,15,14,10,Brazil
97,2012-02-01,4,16,14,10,Brazil
98,2012-03-01,5,17,15,9,Brazil
99,2012-04-01,5,16,15,9,Brazil
100,2012-05-01,5,16,15,9,Brazil
101,2012-06-01,4,16,14,8,Brazil
102,2012-07-01,4,15,14,9,Brazil
103,2012-08-01,4,15,14,9,Brazil
104,2012-09-01,4,14,13,9,Brazil
105,2012-10-01,3,15,14,10,Brazil
106,2012-11-01,3,14,12,8,Brazil
107,2012-12-01,3,13,11,7,Brazil
108,2013-01-01,3,14,14,9,Brazil
109,2013-02-01,3,15,14,9,Brazil
110,2013-03-01,4,16,13,8,Brazil
111,2013-04-01,5,18,14,9,Brazil
112,2013-05-01,5,17,14,9,Brazil
113,2013-06-01,4,16,14,9,Brazil
114,2013-07-01,4,15,14,10,Brazil
115,2013-08-01,4,15,14,10,Brazil
116,2013-09-01,4,16,13,10,Brazil
117,2013-10-01,4,15,14,11,Brazil
118,2013-11-01,4,16,13,10,Brazil
119,2013-12-01,3,15,11,8,Brazil
120,2014-01-01,3,16,14,10,Brazil
121,2014-02-01,4,16,15,10,Brazil
122,2014-03-01,6,18,15,9,Brazil
123,2014-04-01,6,18,15,9,Brazil
124,2014-05-01,6,18,15,10,Brazil
125,2014-06-01,5,16,13,9,Brazil
126,2014-07-01,5,16,15,9,Brazil
127,2014-08-01,8,17,14,10,Brazil
128,2014-09-01,5,19,14,10,Brazil
129,2014-10-01,7,19,14,11,Brazil
130,2014-11-01,5,17,14,10,Brazil
131,2014-12-01,4,15,13,8,Brazil
132,2015-01-01,3,17,16,10,Brazil
133,2015-02-01,4,19,15,10,Brazil
134,2015-03-01,5,24,16,10,Brazil
135,2015-04-01,5,24,16,10,Brazil
136,2015-05-01,6,21,15,10,Brazil
137,2015-06-01,6,19,15,10,Brazil
138,2015-07-01,5,19,15,10,Brazil
139,2015-08-01,4,20,15,10,Brazil
140,2015-09-01,4,21,15,10,Brazil
141,2015-10-01,4,19,15,11,Brazil
142,2015-11-01,6,20,15,10,Brazil
143,2015-12-01,9,22,13,9,Brazil
144,2016-01-01,7,21,16,10,Brazil
145,2016-02-01,14,26,16,10,Brazil
146,2016-03-01,10,26,16,10,Brazil
147,2016-04-01,9,30,17,10,Brazil
148,2016-05-01,7,22,15,10,Brazil
149,2016-06-01,6,19,15,10,Brazil
150,2016-07-01,4,19,15,10,Brazil
151,2016-08-01,4,19,15,10,Brazil
152,2016-09-01,4,20,16,10,Brazil
153,2016-10-01,4,19,15,12,Brazil
154,2016-11-01,4,20,13,27,Brazil
155,2016-12-01,4,19,11,19,Brazil
156,2017-01-01,4,22,25,18,Brazil
157,2017-02-01,4,22,28,19,Brazil
158,2017-03-01,6,23,30,19,Brazil
159,2017-04-01,6,22,28,18,Brazil
160,2017-05-01,6,22,29,28,Brazil
161,2017-06-01,5,22,30,30,Brazil
162,2017-07-01,4,21,28,30,Brazil
163,2017-08-01,4,23,30,26,Brazil
164,2017-09-01,4,24,29,19,Brazil
165,2017-10-01,4,24,31,21,Brazil
166,2017-11-01,4,23,29,19,Brazil
167,2017-12-01,3,23,19,16,Brazil
168,2018-01-01,3,29,7,22,Brazil
169,2018-02-01,4,26,22,24,Brazil
170,2018-03-01,5,26,26,28,Brazil
171,2018-04-01,6,27,22,25,Brazil
172,2018-05-01,6,25,11,28,Brazil
173,2018-06-01,5,25,20,19,Brazil
174,2018-07-01,4,25,28,19,Brazil
175,2018-08-01,4,25,33,20,Brazil
176,2018-09-01,5,24,32,19,Brazil
177,2018-10-01,3,25,30,19,Brazil
178,2018-11-01,4,24,30,22,Brazil
179,2018-12-01,3,23,32,18,Brazil
180,2019-01-01,3,24,34,22,Brazil
181,2019-02-01,3,24,34,20,Brazil
182,2019-03-01,5,29,22,23,Brazil
183,2019-04-01,5,29,16,32,Brazil
184,2019-05-01,5,31,16,34,Brazil
185,2019-06-01,4,27,17,32,Brazil
186,2019-07-01,3,27,17,34,Brazil
187,2019-08-01,4,28,16,33,Brazil
188,2019-09-01,4,29,18,33,Brazil
189,2019-10-01,3,29,15,34,Brazil
190,2019-11-01,3,27,14,30,Brazil
191,2019-12-01,3,26,13,26,Brazil
192,2020-01-01,9,31,17,34,Brazil
193,2020-02-01,18,36,16,30,Brazil
194,2020-03-01,100,80,22,32,Brazil
195,2020-04-01,33,47,18,28,Brazil
196,2020-05-01,24,51,17,26,Brazil
197,2020-06-01,18,43,16,27,Brazil
198,2020-07-01,10,45,15,29,Brazil
199,2020-08-01,8,38,15,28,Brazil
200,2020-09-01,6,36,14,32,Brazil
201,2020-10-01,6,33,15,32,Brazil
202,2020-11-01,6,40,14,30,Brazil
203,2020-12-01,7,47,14,27,Brazil
204,2021-01-01,6,45,16,32,Brazil
205,2021-02-01,6,41,15,29,Brazil
206,2021-03-01,11,51,18,30,Brazil
207,2021-04-01,9,41,16,23,Brazil
208,2021-05-01,8,43,17,23,Brazil
209,2021-06-01,8,39,15,22,Brazil
210,2021-07-01,5,36,14,17,Brazil
211,2021-08-01,5,34,14,20,Brazil
212,2021-09-01,5,32,14,19,Brazil
213,2021-10-01,5,30,13,15,Brazil
214,2021-11-01,5,30,13,7,Brazil
215,2021-12-01,5,39,13,6,Brazil
216,2022-01-01,6,61,17,8,Brazil
217,2022-02-01,5,39,15,7,Brazil
218,2022-03-01,5,35,15,9,Brazil
219,2022-04-01,6,41,15,10,Brazil
220,2022-05-01,6,41,15,10,Brazil
221,2022-06-01,5,44,15,9,Brazil
222,2022-07-01,4,40,15,11,Brazil
223,2022-08-01,5,38,15,9,Brazil
224,2022-09-01,5,36,15,11,Brazil
225,2022-10-01,4,33,14,11,Brazil
226,2022-11-01,4,37,15,12,Brazil
227,2022-12-01,5,36,20,12,Brazil
228,2023-01-01,3,35,30,17,Brazil
229,2023-02-01,5,37,28,15,Brazil
230,2023-03-01,6,40,33,20,Brazil
231,2023-04-01,6,40,32,23,Brazil
232,2023-05-01,6,43,34,26,Brazil
233,2023-06-01,5,39,30,23,Brazil
234,2023-07-01,3,32,29,19,Brazil
235,2023-08-01,4,29,31,19,Brazil
236,2023-09-01,6,29,30,19,Brazil
237,2023-10-01,4,29,32,22,Brazil
238,2023-11-01,4,27,29,17,Brazil
239,2023-12-01,3,29,28,16,Brazil
240,2024-01-01,3,30,32,16,Brazil
241,2024-02-01,4,38,33,12,Brazil
242,2024-03-01,6,41,33,17,Brazil
243,2024-04-01,6,38,36,20,Brazil
244,2024-05-01,5,34,34,20,Brazil
245,2024-06-01,5,29,30,19,Brazil
246,2024-07-01,4,29,32,20,Brazil
247,2024-08-01,5,30,31,19,Brazil
248,2024-09-01,5,29,30,19,Brazil
249,2024-10-01,4,28,29,20,Brazil
250,2024-11-01,4,29,28,18,Brazil
251,2024-12-01,4,19,26,16,Brazil
252,2025-01-01,6,18,31,19,Brazil
253,2025-02-01,4,20,31,19,Brazil
254,2025-03-01,4,25,20,12,Brazil
255,2004-01-01,16,14,13,15,Chile
256,2004-02-01,23,13,14,14,Chile
257,2004-03-01,20,12,14,13,Chile
258,2004-04-01,22,13,13,13,Chile
259,2004-05-01,33,14,13,14,Chile
260,2004-06-01,25,13,13,13,Chile
261,2004-07-01,30,14,13,13,Chile
262,2004-08-01,22,13,12,13,Chile
263,2004-09-01,21,13,12,13,Chile
264,2004-10-01,21,13,12,13,Chile
265,2004-11-01,26,14,13,13,Chile
266,2004-12-01,16,15,11,10,Chile
267,2005-01-01,15,13,14,12,Chile
268,2005-02-01,14,14,12,13,Chile
269,2005-03-01,15,13,14,13,Chile
270,2005-04-01,16,12,14,13,Chile
271,2005-05-01,16,14,13,14,Chile
272,2005-06-01,17,15,13,12,Chile
273,2005-07-01,15,14,12,13,Chile
274,2005-08-01,15,13,13,13,Chile
275,2005-09-01,14,13,13,13,Chile
276,2005-10-01,15,15,13,14,Chile
277,2005-11-01,14,14,12,13,Chile
278,2005-12-01,11,13,11,11,Chile
279,2006-01-01,13,14,14,13,Chile
280,2006-02-01,17,15,14,12,Chile
281,2006-03-01,13,13,15,15,Chile
282,2006-04-01,12,13,14,14,Chile
283,2006-05-01,13,15,15,14,Chile
284,2006-06-01,11,14,13,13,Chile
285,2006-07-01,11,12,14,13,Chile
286,2006-08-01,12,13,14,13,Chile
287,2006-09-01,11,13,13,13,Chile
288,2006-10-01,13,14,14,14,Chile
289,2006-11-01,12,14,13,14,Chile
290,2006-12-01,9,13,13,11,Chile
291,2007-01-01,10,14,15,14,Chile
292,2007-02-01,8,15,13,14,Chile
293,2007-03-01,11,14,15,14,Chile
294,2007-04-01,11,14,15,15,Chile
295,2007-05-01,13,14,14,17,Chile
296,2007-06-01,13,15,15,19,Chile
297,2007-07-01,12,15,14,17,Chile
298,2007-08-01,12,16,16,16,Chile
299,2007-09-01,15,17,14,14,Chile
300,2007-10-01,14,17,16,16,Chile
301,2007-11-01,12,17,15,16,Chile
302,2007-12-01,10,14,12,13,Chile
303,2008-01-01,10,15,17,17,Chile
304,2008-02-01,10,16,15,18,Chile
305,2008-03-01,12,15,16,18,Chile
306,2008-04-01,13,15,18,18,Chile
307,2008-05-01,12,15,15,18,Chile
308,2008-06-01,13,15,16,18,Chile
309,2008-07-01,13,14,15,17,Chile
310,2008-08-01,14,14,14,16,Chile
311,2008-09-01,12,15,15,16,Chile
312,2008-10-01,13,16,15,17,Chile
313,2008-11-01,12,17,14,16,Chile
314,2008-12-01,10,14,14,15,Chile
315,2009-01-01,9,16,16,18,Chile
316,2009-02-01,9,16,15,16,Chile
317,2009-03-01,11,17,17,17,Chile
318,2009-04-01,15,22,16,17,Chile
319,2009-05-01,15,23,16,17,Chile
320,2009-06-01,16,36,17,19,Chile
321,2009-07-01,12,22,15,18,Chile
322,2009-08-01,11,17,17,17,Chile
323,2009-09-01,11,18,16,17,Chile
324,2009-10-01,11,19,14,18,Chile
325,2009-11-01,11,21,16,17,Chile
326,2009-12-01,9,18,13,15,Chile
327,2010-01-01,9,22,16,18,Chile
328,2010-02-01,9,20,15,17,Chile
329,2010-03-01,10,18,18,15,Chile
330,2010-04-01,11,21,15,19,Chile
331,2010-05-01,10,20,15,17,Chile
332,2010-06-01,11,21,15,18,Chile
333,2010-07-01,10,18,14,17,Chile
334,2010-08-01,10,20,15,18,Chile
335,2010-09-01,10,22,15,18,Chile
336,2010-10-01,10,22,15,18,Chile
337,2010-11-01,10,20,15,17,Chile
338,2010-12-01,8,16,13,16,Chile
339,2011-01-01,8,21,12,16,Chile
340,2011-02-01,8,19,13,15,Chile
341,2011-03-01,8,21,14,18,Chile
342,2011-04-01,9,21,13,16,Chile
343,2011-05-01,11,23,14,20,Chile
344,2011-06-01,12,22,13,19,Chile
345,2011-07-01,9,24,12,19,Chile
346,2011-08-01,9,24,13,19,Chile
347,2011-09-01,9,23,12,16,Chile
348,2011-10-01,10,22,12,19,Chile
349,2011-11-01,9,21,12,19,Chile
350,2011-12-01,9,19,10,16,Chile
351,2012-01-01,9,21,13,18,Chile
352,2012-02-01,10,24,12,19,Chile
353,2012-03-01,9,22,14,19,Chile
354,2012-04-01,8,23,13,18,Chile
355,2012-05-01,9,23,15,21,Chile
356,2012-06-01,10,24,16,22,Chile
357,2012-07-01,9,23,14,21,Chile
358,2012-08-01,7,23,14,21,Chile
359,2012-09-01,7,23,13,20,Chile
360,2012-10-01,7,25,14,20,Chile
361,2012-11-01,7,32,14,20,Chile
362,2012-12-01,6,23,10,16,Chile
363,2013-01-01,6,22,14,20,Chile
364,2013-02-01,5,22,12,19,Chile
365,2013-03-01,6,22,14,19,Chile
366,2013-04-01,7,24,15,21,Chile
367,2013-05-01,6,24,14,20,Chile
368,2013-06-01,7,26,14,20,Chile
369,2013-07-01,7,30,14,21,Chile
370,2013-08-01,7,26,14,20,Chile
371,2013-09-01,7,27,13,19,Chile
372,2013-10-01,6,28,15,22,Chile
373,2013-11-01,6,25,14,19,Chile
374,2013-12-01,5,23,12,18,Chile
375,2014-01-01,6,24,14,20,Chile
376,2014-02-01,7,27,14,21,Chile
377,2014-03-01,6,24,15,22,Chile
378,2014-04-01,6,24,15,21,Chile
379,2014-05-01,7,27,15,22,Chile
380,2014-06-01,7,25,14,24,Chile
381,2014-07-01,8,28,16,23,Chile
382,2014-08-01,11,28,14,22,Chile
383,2014-09-01,8,26,15,23,Chile
384,2014-10-01,13,32,15,23,Chile
385,2014-11-01,6,25,15,21,Chile
386,2014-12-01,5,23,12,19,Chile
387,2015-01-01,5,23,15,22,Chile
388,2015-02-01,5,24,15,22,Chile
389,2015-03-01,6,25,16,24,Chile
390,2015-04-01,6,23,16,24,Chile
391,2015-05-01,6,27,15,23,Chile
392,2015-06-01,8,28,16,26,Chile
393,2015-07-01,6,26,15,25,Chile
394,2015-08-01,8,28,15,27,Chile
395,2015-09-01,7,29,15,27,Chile
396,2015-10-01,7,30,15,28,Chile
397,2015-11-01,7,27,16,26,Chile
398,2015-12-01,6,26,13,23,Chile
399,2016-01-01,11,26,14,24,Chile
400,2016-02-01,11,27,14,25,Chile
401,2016-03-01,7,24,16,26,Chile
402,2016-04-01,7,23,15,26,Chile
403,2016-05-01,7,25,16,27,Chile
404,2016-06-01,7,24,15,28,Chile
405,2016-07-01,7,27,15,28,Chile
406,2016-08-01,7,25,15,27,Chile
407,2016-09-01,6,28,15,28,Chile
408,2016-10-01,6,25,15,27,Chile
409,2016-11-01,5,27,14,46,Chile
410,2016-12-01,5,24,12,39,Chile
411,2017-01-01,5,26,23,44,Chile
412,2017-02-01,7,27,25,43,Chile
413,2017-03-01,6,27,28,47,Chile
414,2017-04-01,6,27,26,42,Chile
415,2017-05-01,8,26,27,51,Chile
416,2017-06-01,8,29,27,53,Chile
417,2017-07-01,6,29,27,57,Chile
418,2017-08-01,7,32,26,54,Chile
419,2017-09-01,7,30,26,46,Chile
420,2017-10-01,7,30,27,45,Chile
421,2017-11-01,6,28,28,45,Chile
422,2017-12-01,5,28,18,38,Chile
423,2018-01-01,5,29,6,46,Chile
424,2018-02-01,5,28,20,45,Chile
425,2018-03-01,6,29,24,42,Chile
426,2018-04-01,6,30,18,47,Chile
427,2018-05-01,6,29,6,43,Chile
428,2018-06-01,7,27,16,39,Chile
429,2018-07-01,6,29,27,44,Chile
430,2018-08-01,7,33,35,44,Chile
431,2018-09-01,6,33,31,36,Chile
432,2018-10-01,6,29,33,39,Chile
433,2018-11-01,6,29,33,41,Chile
434,2018-12-01,5,28,29,38,Chile
435,2019-01-01,5,32,33,42,Chile
436,2019-02-01,4,32,31,39,Chile
437,2019-03-01,5,29,22,49,Chile
438,2019-04-01,6,28,15,45,Chile
439,2019-05-01,5,29,15,48,Chile
440,2019-06-01,9,41,20,58,Chile
441,2019-07-01,9,34,19,54,Chile
442,2019-08-01,6,29,17,56,Chile
443,2019-09-01,6,29,14,51,Chile
444,2019-10-01,5,26,14,48,Chile
445,2019-11-01,4,27,14,45,Chile
446,2019-12-01,4,27,12,45,Chile
447,2020-01-01,14,33,15,50,Chile
448,2020-02-01,21,38,16,44,Chile
449,2020-03-01,94,100,17,57,Chile
450,2020-04-01,35,45,13,50,Chile
451,2020-05-01,23,52,15,48,Chile
452,2020-06-01,18,45,12,54,Chile
453,2020-07-01,10,35,10,47,Chile
454,2020-08-01,8,30,9,42,Chile
455,2020-09-01,8,36,11,47,Chile
456,2020-10-01,8,35,11,47,Chile
457,2020-11-01,8,35,12,49,Chile
458,2020-12-01,8,36,10,47,Chile
459,2021-01-01,8,44,12,51,Chile
460,2021-02-01,6,42,12,51,Chile
461,2021-03-01,8,45,12,52,Chile
462,2021-04-01,9,39,12,49,Chile
463,2021-05-01,6,33,10,41,Chile
464,2021-06-01,7,38,11,43,Chile
465,2021-07-01,5,33,11,42,Chile
466,2021-08-01,7,34,12,45,Chile
467,2021-09-01,8,34,11,44,Chile
468,2021-10-01,6,34,11,35,Chile
469,2021-11-01,6,36,12,28,Chile
470,2021-12-01,5,33,11,24,Chile
471,2022-01-01,6,61,13,26,Chile
472,2022-02-01,5,61,12,26,Chile
473,2022-03-01,6,39,13,25,Chile
474,2022-04-01,8,34,12,23,Chile
475,2022-05-01,9,38,12,23,Chile
476,2022-06-01,11,42,14,24,Chile
477,2022-07-01,6,36,13,23,Chile
478,2022-08-01,8,38,13,23,Chile
479,2022-09-01,7,34,12,23,Chile
480,2022-10-01,7,36,12,24,Chile
481,2022-11-01,8,39,12,25,Chile
482,2022-12-01,7,34,18,26,Chile
483,2023-01-01,5,33,28,28,Chile
484,2023-02-01,5,33,26,25,Chile
485,2023-03-01,7,35,30,31,Chile
486,2023-04-01,7,36,26,29,Chile
487,2023-05-01,11,38,28,36,Chile
488,2023-06-01,19,39,28,32,Chile
489,2023-07-01,7,32,27,27,Chile
490,2023-08-01,7,32,27,27,Chile
491,2023-09-01,9,32,28,27,Chile
492,2023-10-01,8,32,30,28,Chile
493,2023-11-01,8,33,28,26,Chile
494,2023-12-01,6,29,24,25,Chile
495,2024-01-01,6,30,29,22,Chile
496,2024-02-01,5,28,29,8,Chile
497,2024-03-01,6,27,27,23,Chile
498,2024-04-01,8,31,30,27,Chile
499,2024-05-01,8,34,29,25,Chile
500,2024-06-01,7,28,26,23,Chile
501,2024-07-01,7,26,30,27,Chile
502,2024-08-01,8,29,29,25,Chile
503,2024-09-01,9,30,28,25,Chile
504,2024-10-01,8,28,28,24,Chile
505,2024-11-01,8,28,27,26,Chile
506,2024-12-01,8,27,25,24,Chile
507,2025-01-01,6,25,29,25,Chile
508,2025-02-01,4,25,26,25,Chile
509,2025-03-01,5,25,17,17,Chile
510,2004-01-01,27,22,18,14,Colombia
511,2004-02-01,47,13,19,18,Colombia
512,2004-03-01,46,15,18,15,Colombia
513,2004-04-01,41,16,18,14,Colombia
514,2004-05-01,54,12,17,16,Colombia
515,2004-06-01,40,17,18,16,Colombia
516,2004-07-01,33,13,15,17,Colombia
517,2004-08-01,37,13,16,16,Colombia
518,2004-09-01,32,12,19,15,Colombia
519,2004-10-01,35,12,15,15,Colombia
520,2004-11-01,35,15,17,13,Colombia
521,2004-12-01,24,17,13,15,Colombia
522,2005-01-01,23,14,19,15,Colombia
523,2005-02-01,27,12,17,15,Colombia
524,2005-03-01,34,14,16,16,Colombia
525,2005-04-01,32,13,14,13,Colombia
526,2005-05-01,33,13,14,15,Colombia
527,2005-06-01,26,15,17,14,Colombia
528,2005-07-01,21,14,17,16,Colombia
529,2005-08-01,25,14,15,15,Colombia
530,2005-09-01,23,13,14,14,Colombia
531,2005-10-01,25,14,16,16,Colombia
532,2005-11-01,22,14,15,14,Colombia
533,2005-12-01,14,13,14,14,Colombia
534,2006-01-01,19,13,18,16,Colombia
535,2006-02-01,26,13,14,14,Colombia
536,2006-03-01,27,14,15,13,Colombia
537,2006-04-01,20,14,13,13,Colombia
538,2006-05-01,20,13,13,14,Colombia
539,2006-06-01,18,14,14,12,Colombia
540,2006-07-01,15,12,14,13,Colombia
541,2006-08-01,19,12,13,13,Colombia
542,2006-09-01,18,13,13,13,Colombia
543,2006-10-01,17,13,12,13,Colombia
544,2006-11-01,18,13,12,13,Colombia
545,2006-12-01,11,13,11,10,Colombia
546,2007-01-01,14,14,14,12,Colombia
547,2007-02-01,19,11,13,12,Colombia
548,2007-03-01,18,13,12,12,Colombia
549,2007-04-01,18,12,12,12,Colombia
550,2007-05-01,24,14,12,11,Colombia
551,2007-06-01,20,13,11,11,Colombia
552,2007-07-01,17,12,11,12,Colombia
553,2007-08-01,20,13,12,13,Colombia
554,2007-09-01,22,14,12,12,Colombia
555,2007-10-01,21,13,11,12,Colombia
556,2007-11-01,17,13,12,12,Colombia
557,2007-12-01,13,11,10,10,Colombia
558,2008-01-01,14,14,13,11,Colombia
559,2008-02-01,20,12,14,11,Colombia
560,2008-03-01,21,14,12,12,Colombia
561,2008-04-01,22,14,13,12,Colombia
562,2008-05-01,22,13,11,12,Colombia
563,2008-06-01,19,13,11,11,Colombia
564,2008-07-01,19,13,12,12,Colombia
565,2008-08-01,21,14,12,12,Colombia
566,2008-09-01,24,14,12,11,Colombia
567,2008-10-01,21,14,12,13,Colombia
568,2008-11-01,18,12,11,11,Colombia
569,2008-12-01,13,12,10,12,Colombia
570,2009-01-01,15,13,12,12,Colombia
571,2009-02-01,19,14,13,13,Colombia
572,2009-03-01,21,15,13,13,Colombia
573,2009-04-01,24,21,12,12,Colombia
574,2009-05-01,28,20,12,13,Colombia
575,2009-06-01,18,17,10,13,Colombia
576,2009-07-01,17,19,11,13,Colombia
577,2009-08-01,18,18,11,13,Colombia
578,2009-09-01,19,19,12,13,Colombia
579,2009-10-01,17,19,11,13,Colombia
580,2009-11-01,16,20,12,13,Colombia
581,2009-12-01,11,18,10,13,Colombia
582,2010-01-01,11,21,11,15,Colombia
583,2010-02-01,15,20,13,15,Colombia
584,2010-03-01,15,19,11,13,Colombia
585,2010-04-01,14,20,12,14,Colombia
586,2010-05-01,14,22,12,17,Colombia
587,2010-06-01,12,19,10,14,Colombia
588,2010-07-01,12,18,11,15,Colombia
589,2010-08-01,15,19,12,15,Colombia
590,2010-09-01,15,19,12,16,Colombia
591,2010-10-01,14,18,11,15,Colombia
592,2010-11-01,12,18,11,15,Colombia
593,2010-12-01,9,16,10,16,Colombia
594,2011-01-01,10,19,10,14,Colombia
595,2011-02-01,12,19,10,15,Colombia
596,2011-03-01,14,20,10,15,Colombia
597,2011-04-01,11,21,10,15,Colombia
598,2011-05-01,14,20,10,16,Colombia
599,2011-06-01,12,20,9,14,Colombia
600,2011-07-01,11,20,9,15,Colombia
601,2011-08-01,14,21,10,16,Colombia
602,2011-09-01,16,20,11,15,Colombia
603,2011-10-01,15,19,10,14,Colombia
604,2011-11-01,14,18,10,13,Colombia
605,2011-12-01,12,16,9,13,Colombia
606,2012-01-01,10,20,11,17,Colombia
607,2012-02-01,14,20,13,19,Colombia
608,2012-03-01,14,21,14,20,Colombia
609,2012-04-01,11,21,12,19,Colombia
610,2012-05-01,13,21,11,19,Colombia
611,2012-06-01,9,19,11,18,Colombia
612,2012-07-01,11,20,11,19,Colombia
613,2012-08-01,12,21,11,18,Colombia
614,2012-09-01,11,20,11,19,Colombia
615,2012-10-01,11,20,11,18,Colombia
616,2012-11-01,9,19,11,17,Colombia
617,2012-12-01,7,19,9,16,Colombia
618,2013-01-01,8,20,11,19,Colombia
619,2013-02-01,10,21,12,19,Colombia
620,2013-03-01,10,20,12,18,Colombia
621,2013-04-01,11,22,12,21,Colombia
622,2013-05-01,11,23,12,19,Colombia
623,2013-06-01,9,22,10,18,Colombia
624,2013-07-01,9,22,12,20,Colombia
625,2013-08-01,11,22,11,19,Colombia
626,2013-09-01,11,21,12,18,Colombia
627,2013-10-01,11,21,12,20,Colombia
628,2013-11-01,10,21,12,19,Colombia
629,2013-12-01,7,20,10,22,Colombia
630,2014-01-01,7,23,11,23,Colombia
631,2014-02-01,10,22,12,21,Colombia
632,2014-03-01,12,23,12,22,Colombia
633,2014-04-01,11,23,12,20,Colombia
634,2014-05-01,11,23,12,22,Colombia
635,2014-06-01,9,21,11,19,Colombia
636,2014-07-01,11,23,12,22,Colombia
637,2014-08-01,18,23,12,21,Colombia
638,2014-09-01,16,25,13,22,Colombia
639,2014-10-01,20,30,13,20,Colombia
640,2014-11-01,12,24,13,20,Colombia
641,2014-12-01,9,26,11,21,Colombia
642,2015-01-01,9,29,13,24,Colombia
643,2015-02-01,12,26,14,23,Colombia
644,2015-03-01,11,27,13,23,Colombia
645,2015-04-01,11,28,13,24,Colombia
646,2015-05-01,11,24,13,23,Colombia
647,2015-06-01,12,26,13,22,Colombia
648,2015-07-01,9,26,13,24,Colombia
649,2015-08-01,10,25,13,24,Colombia
650,2015-09-01,10,25,14,25,Colombia
651,2015-10-01,10,26,12,25,Colombia
652,2015-11-01,10,27,12,23,Colombia
653,2015-12-01,9,29,12,27,Colombia
654,2016-01-01,13,36,14,27,Colombia
655,2016-02-01,13,32,15,25,Colombia
656,2016-03-01,11,28,13,23,Colombia
657,2016-04-01,10,27,14,25,Colombia
658,2016-05-01,10,26,14,24,Colombia
659,2016-06-01,8,25,14,25,Colombia
660,2016-07-01,8,25,14,25,Colombia
661,2016-08-01,9,23,14,25,Colombia
662,2016-09-01,9,25,14,25,Colombia
663,2016-10-01,8,22,13,25,Colombia
664,2016-11-01,6,25,13,33,Colombia
665,2016-12-01,5,23,11,31,Colombia
666,2017-01-01,6,26,21,38,Colombia
667,2017-02-01,9,25,23,37,Colombia
668,2017-03-01,10,26,23,35,Colombia
669,2017-04-01,9,27,23,35,Colombia
670,2017-05-01,10,27,24,36,Colombia
671,2017-06-01,6,27,23,38,Colombia
672,2017-07-01,7,27,22,36,Colombia
673,2017-08-01,9,28,23,38,Colombia
674,2017-09-01,9,27,22,37,Colombia
675,2017-10-01,9,28,24,37,Colombia
676,2017-11-01,9,28,23,36,Colombia
677,2017-12-01,5,28,15,35,Colombia
678,2018-01-01,6,30,7,39,Colombia
679,2018-02-01,8,28,18,37,Colombia
680,2018-03-01,8,28,18,34,Colombia
681,2018-04-01,9,30,15,36,Colombia
682,2018-05-01,9,29,8,36,Colombia
683,2018-06-01,8,29,13,33,Colombia
684,2018-07-01,7,29,24,33,Colombia
685,2018-08-01,8,29,32,33,Colombia
686,2018-09-01,6,30,29,33,Colombia
687,2018-10-01,6,30,30,35,Colombia
688,2018-11-01,6,31,31,38,Colombia
689,2018-12-01,5,31,31,44,Colombia
690,2019-01-01,5,31,34,42,Colombia
691,2019-02-01,7,32,34,44,Colombia
692,2019-03-01,8,32,20,42,Colombia
693,2019-04-01,7,31,12,41,Colombia
694,2019-05-01,8,31,12,42,Colombia
695,2019-06-01,6,31,13,44,Colombia
696,2019-07-01,6,32,13,51,Colombia
697,2019-08-01,6,33,13,43,Colombia
698,2019-09-01,7,30,12,45,Colombia
699,2019-10-01,6,30,13,44,Colombia
700,2019-11-01,5,32,13,42,Colombia
701,2019-12-01,4,30,11,44,Colombia
702,2020-01-01,17,45,15,52,Colombia
703,2020-02-01,22,44,15,51,Colombia
704,2020-03-01,86,100,16,46,Colombia
705,2020-04-01,44,55,13,46,Colombia
706,2020-05-01,29,48,13,36,Colombia
707,2020-06-01,19,50,11,37,Colombia
708,2020-07-01,15,58,12,42,Colombia
709,2020-08-01,12,49,11,40,Colombia
710,2020-09-01,10,42,11,41,Colombia
711,2020-10-01,10,48,11,42,Colombia
712,2020-11-01,9,43,11,38,Colombia
713,2020-12-01,8,53,11,43,Colombia
714,2021-01-01,9,57,12,43,Colombia
715,2021-02-01,10,37,11,38,Colombia
716,2021-03-01,9,37,11,38,Colombia
717,2021-04-01,10,45,13,36,Colombia
718,2021-05-01,8,44,12,34,Colombia
719,2021-06-01,9,54,12,38,Colombia
720,2021-07-01,9,47,13,38,Colombia
721,2021-08-01,9,40,12,39,Colombia
722,2021-09-01,7,36,12,37,Colombia
723,2021-10-01,6,33,11,29,Colombia
724,2021-11-01,7,36,12,21,Colombia
725,2021-12-01,7,45,10,23,Colombia
726,2022-01-01,8,66,12,19,Colombia
727,2022-02-01,8,39,13,19,Colombia
728,2022-03-01,8,38,13,20,Colombia
729,2022-04-01,8,40,14,19,Colombia
730,2022-05-01,9,40,13,20,Colombia
731,2022-06-01,7,40,13,19,Colombia
732,2022-07-01,7,45,14,21,Colombia
733,2022-08-01,8,46,14,20,Colombia
734,2022-09-01,7,41,15,23,Colombia
735,2022-10-01,7,39,14,21,Colombia
736,2022-11-01,7,39,13,21,Colombia
737,2022-12-01,7,38,16,24,Colombia
738,2023-01-01,6,42,24,24,Colombia
739,2023-02-01,7,40,26,24,Colombia
740,2023-03-01,9,40,28,28,Colombia
741,2023-04-01,8,42,26,26,Colombia
742,2023-05-01,9,43,26,31,Colombia
743,2023-06-01,8,42,26,28,Colombia
744,2023-07-01,7,42,28,28,Colombia
745,2023-08-01,8,38,27,29,Colombia
746,2023-09-01,14,40,26,27,Colombia
747,2023-10-01,8,37,26,25,Colombia
748,2023-11-01,8,36,26,25,Colombia
749,2023-12-01,6,40,23,24,Colombia
750,2024-01-01,8,40,27,21,Colombia
751,2024-02-01,7,35,28,12,Colombia
752,2024-03-01,7,36,26,22,Colombia
753,2024-04-01,8,35,28,26,Colombia
754,2024-05-01,8,37,28,24,Colombia
755,2024-06-01,7,32,26,22,Colombia
756,2024-07-01,7,33,26,23,Colombia
757,2024-08-01,10,37,29,23,Colombia
758,2024-09-01,7,33,27,23,Colombia
759,2024-10-01,7,32,27,25,Colombia
760,2024-11-01,7,30,25,21,Colombia
761,2024-12-01,6,31,23,24,Colombia
762,2025-01-01,10,33,27,25,Colombia
763,2025-02-01,7,31,28,24,Colombia
764,2025-03-01,8,33,20,20,Colombia
765,2004-01-01,27,13,10,14,Dominican Republic
766,2004-02-01,35,11,9,9,Dominican Republic
767,2004-03-01,34,11,10,16,Dominican Republic
768,2004-04-01,30,19,0,10,Dominican Republic
769,2004-05-01,35,17,8,11,Dominican Republic
770,2004-06-01,42,14,11,12,Dominican Republic
771,2004-07-01,26,19,0,9,Dominican Republic
772,2004-08-01,33,0,9,14,Dominican Republic
773,2004-09-01,23,11,8,17,Dominican Republic
774,2004-10-01,30,10,8,11,Dominican Republic
775,2004-11-01,35,14,9,17,Dominican Republic
776,2004-12-01,20,14,0,8,Dominican Republic
777,2005-01-01,25,14,10,13,Dominican Republic
778,2005-02-01,30,10,10,19,Dominican Republic
779,2005-03-01,33,16,7,12,Dominican Republic
780,2005-04-01,27,11,11,15,Dominican Republic
781,2005-05-01,20,16,15,10,Dominican Republic
782,2005-06-01,23,9,11,13,Dominican Republic
783,2005-07-01,15,14,8,13,Dominican Republic
784,2005-08-01,25,13,11,10,Dominican Republic
785,2005-09-01,24,12,6,10,Dominican Republic
786,2005-10-01,26,13,8,10,Dominican Republic
787,2005-11-01,28,12,5,10,Dominican Republic
788,2005-12-01,20,11,6,10,Dominican Republic
789,2006-01-01,18,13,11,9,Dominican Republic
790,2006-02-01,18,12,7,12,Dominican Republic
791,2006-03-01,22,15,9,11,Dominican Republic
792,2006-04-01,13,14,8,10,Dominican Republic
793,2006-05-01,19,15,7,12,Dominican Republic
794,2006-06-01,18,14,7,12,Dominican Republic
795,2006-07-01,13,15,7,10,Dominican Republic
796,2006-08-01,17,18,7,9,Dominican Republic
797,2006-09-01,17,19,6,10,Dominican Republic
798,2006-10-01,17,16,7,12,Dominican Republic
799,2006-11-01,20,16,7,12,Dominican Republic
800,2006-12-01,13,11,6,8,Dominican Republic
801,2007-01-01,15,11,8,11,Dominican Republic
802,2007-02-01,18,12,5,8,Dominican Republic
803,2007-03-01,17,13,7,10,Dominican Republic
804,2007-04-01,15,12,7,9,Dominican Republic
805,2007-05-01,18,14,8,11,Dominican Republic
806,2007-06-01,14,13,8,10,Dominican Republic
807,2007-07-01,12,15,6,11,Dominican Republic
808,2007-08-01,13,11,6,8,Dominican Republic
809,2007-09-01,20,15,8,9,Dominican Republic
810,2007-10-01,14,13,6,11,Dominican Republic
811,2007-11-01,17,17,7,11,Dominican Republic
812,2007-12-01,14,13,4,9,Dominican Republic
813,2008-01-01,16,15,5,9,Dominican Republic
814,2008-02-01,18,13,7,13,Dominican Republic
815,2008-03-01,17,14,7,12,Dominican Republic
816,2008-04-01,18,14,8,13,Dominican Republic
817,2008-05-01,17,13,8,13,Dominican Republic
818,2008-06-01,15,15,5,12,Dominican Republic
819,2008-07-01,14,13,5,11,Dominican Republic
820,2008-08-01,14,11,7,11,Dominican Republic
821,2008-09-01,14,13,5,10,Dominican Republic
822,2008-10-01,17,17,6,13,Dominican Republic
823,2008-11-01,18,16,6,12,Dominican Republic
824,2008-12-01,16,12,5,8,Dominican Republic
825,2009-01-01,15,15,5,11,Dominican Republic
826,2009-02-01,16,13,7,14,Dominican Republic
827,2009-03-01,18,14,6,13,Dominican Republic
828,2009-04-01,20,22,7,12,Dominican Republic
829,2009-05-01,20,25,7,13,Dominican Republic
830,2009-06-01,15,24,7,13,Dominican Republic
831,2009-07-01,10,17,6,13,Dominican Republic
832,2009-08-01,11,15,8,14,Dominican Republic
833,2009-09-01,16,18,7,12,Dominican Republic
834,2009-10-01,14,18,8,11,Dominican Republic
835,2009-11-01,17,19,8,13,Dominican Republic
836,2009-12-01,15,16,5,9,Dominican Republic
837,2010-01-01,11,14,8,15,Dominican Republic
838,2010-02-01,13,19,7,12,Dominican Republic
839,2010-03-01,13,19,6,15,Dominican Republic
840,2010-04-01,12,18,8,14,Dominican Republic
841,2010-05-01,12,20,7,13,Dominican Republic
842,2010-06-01,9,18,6,13,Dominican Republic
843,2010-07-01,8,20,6,13,Dominican Republic
844,2010-08-01,10,19,8,12,Dominican Republic
845,2010-09-01,11,19,8,12,Dominican Republic
846,2010-10-01,11,21,7,12,Dominican Republic
847,2010-11-01,10,21,7,12,Dominican Republic
848,2010-12-01,9,15,4,8,Dominican Republic
849,2011-01-01,7,15,5,10,Dominican Republic
850,2011-02-01,10,14,6,10,Dominican Republic
851,2011-03-01,9,15,6,12,Dominican Republic
852,2011-04-01,8,15,7,11,Dominican Republic
853,2011-05-01,8,16,6,11,Dominican Republic
854,2011-06-01,8,16,5,12,Dominican Republic
855,2011-07-01,7,16,5,12,Dominican Republic
856,2011-08-01,7,14,6,11,Dominican Republic
857,2011-09-01,10,16,6,10,Dominican Republic
858,2011-10-01,10,16,6,12,Dominican Republic
859,2011-11-01,11,15,7,13,Dominican Republic
860,2011-12-01,10,12,5,11,Dominican Republic
861,2012-01-01,8,13,6,11,Dominican Republic
862,2012-02-01,10,16,7,13,Dominican Republic
863,2012-03-01,9,17,7,13,Dominican Republic
864,2012-04-01,8,15,6,11,Dominican Republic
865,2012-05-01,8,16,6,12,Dominican Republic
866,2012-06-01,8,16,7,13,Dominican Republic
867,2012-07-01,7,15,7,14,Dominican Republic
868,2012-08-01,7,16,6,12,Dominican Republic
869,2012-09-01,8,17,7,13,Dominican Republic
870,2012-10-01,8,17,7,19,Dominican Republic
871,2012-11-01,8,18,7,14,Dominican Republic
872,2012-12-01,7,16,6,10,Dominican Republic
873,2013-01-01,6,16,7,14,Dominican Republic
874,2013-02-01,7,18,7,14,Dominican Republic
875,2013-03-01,7,17,7,15,Dominican Republic
876,2013-04-01,7,19,7,13,Dominican Republic
877,2013-05-01,8,20,7,14,Dominican Republic
878,2013-06-01,7,24,6,14,Dominican Republic
879,2013-07-01,5,18,7,14,Dominican Republic
880,2013-08-01,6,18,7,14,Dominican Republic
881,2013-09-01,10,21,7,14,Dominican Republic
882,2013-10-01,9,21,7,14,Dominican Republic
883,2013-11-01,9,19,7,15,Dominican Republic
884,2013-12-01,7,17,6,12,Dominican Republic
885,2014-01-01,7,20,7,15,Dominican Republic
886,2014-02-01,8,20,7,14,Dominican Republic
887,2014-03-01,9,21,8,17,Dominican Republic
888,2014-04-01,10,22,7,15,Dominican Republic
889,2014-05-01,10,27,7,15,Dominican Republic
890,2014-06-01,11,29,7,15,Dominican Republic
891,2014-07-01,16,25,7,15,Dominican Republic
892,2014-08-01,16,22,7,16,Dominican Republic
893,2014-09-01,10,20,7,15,Dominican Republic
894,2014-10-01,12,28,9,16,Dominican Republic
895,2014-11-01,9,21,7,14,Dominican Republic
896,2014-12-01,7,17,6,14,Dominican Republic
897,2015-01-01,5,19,6,15,Dominican Republic
898,2015-02-01,7,20,8,18,Dominican Republic
899,2015-03-01,8,23,9,19,Dominican Republic
900,2015-04-01,7,22,8,17,Dominican Republic
901,2015-05-01,8,22,8,17,Dominican Republic
902,2015-06-01,8,21,8,16,Dominican Republic
903,2015-07-01,6,23,8,17,Dominican Republic
904,2015-08-01,6,20,8,16,Dominican Republic
905,2015-09-01,9,23,8,17,Dominican Republic
906,2015-10-01,9,25,8,18,Dominican Republic
907,2015-11-01,10,27,8,16,Dominican Republic
908,2015-12-01,8,22,7,13,Dominican Republic
909,2016-01-01,14,26,7,14,Dominican Republic
910,2016-02-01,13,26,8,16,Dominican Republic
911,2016-03-01,10,25,8,18,Dominican Republic
912,2016-04-01,14,30,8,16,Dominican Republic
913,2016-05-01,11,24,8,16,Dominican Republic
914,2016-06-01,10,24,8,15,Dominican Republic
915,2016-07-01,7,21,7,15,Dominican Republic
916,2016-08-01,7,20,7,16,Dominican Republic
917,2016-09-01,10,22,7,15,Dominican Republic
918,2016-10-01,6,21,7,14,Dominican Republic
919,2016-11-01,6,18,8,23,Dominican Republic
920,2016-12-01,5,21,7,21,Dominican Republic
921,2017-01-01,5,20,10,23,Dominican Republic
922,2017-02-01,6,23,12,25,Dominican Republic
923,2017-03-01,7,23,14,27,Dominican Republic
924,2017-04-01,6,24,12,26,Dominican Republic
925,2017-05-01,8,24,14,29,Dominican Republic
926,2017-06-01,6,22,13,28,Dominican Republic
927,2017-07-01,5,21,12,27,Dominican Republic
928,2017-08-01,4,22,12,24,Dominican Republic
929,2017-09-01,5,18,11,21,Dominican Republic
930,2017-10-01,7,25,13,24,Dominican Republic
931,2017-11-01,7,22,12,24,Dominican Republic
932,2017-12-01,5,21,9,20,Dominican Republic
933,2018-01-01,4,22,6,23,Dominican Republic
934,2018-02-01,6,21,12,27,Dominican Republic
935,2018-03-01,7,30,13,31,Dominican Republic
936,2018-04-01,7,28,10,29,Dominican Republic
937,2018-05-01,5,23,6,27,Dominican Republic
938,2018-06-01,5,23,9,25,Dominican Republic
939,2018-07-01,4,24,15,23,Dominican Republic
940,2018-08-01,4,23,19,25,Dominican Republic
941,2018-09-01,5,24,17,23,Dominican Republic
942,2018-10-01,5,24,16,24,Dominican Republic
943,2018-11-01,5,24,18,24,Dominican Republic
944,2018-12-01,5,23,16,21,Dominican Republic
945,2019-01-01,5,24,18,24,Dominican Republic
946,2019-02-01,5,26,20,26,Dominican Republic
947,2019-03-01,6,25,12,29,Dominican Republic
948,2019-04-01,5,26,9,31,Dominican Republic
949,2019-05-01,5,25,9,34,Dominican Republic
950,2019-06-01,5,26,10,32,Dominican Republic
951,2019-07-01,4,26,9,33,Dominican Republic
952,2019-08-01,4,27,9,34,Dominican Republic
953,2019-09-01,6,26,9,32,Dominican Republic
954,2019-10-01,5,26,10,32,Dominican Republic
955,2019-11-01,5,27,9,33,Dominican Republic
956,2019-12-01,4,24,7,27,Dominican Republic
957,2020-01-01,13,32,10,32,Dominican Republic
958,2020-02-01,22,41,11,32,Dominican Republic
959,2020-03-01,100,100,12,45,Dominican Republic
960,2020-04-01,50,60,11,32,Dominican Republic
961,2020-05-01,20,45,8,31,Dominican Republic
962,2020-06-01,14,48,8,33,Dominican Republic
963,2020-07-01,12,59,9,35,Dominican Republic
964,2020-08-01,8,37,9,34,Dominican Republic
965,2020-09-01,5,31,8,29,Dominican Republic
966,2020-10-01,6,31,8,29,Dominican Republic
967,2020-11-01,15,34,8,26,Dominican Republic
968,2020-12-01,15,38,8,27,Dominican Republic
969,2021-01-01,11,42,9,28,Dominican Republic
970,2021-02-01,7,33,9,30,Dominican Republic
971,2021-03-01,6,31,10,32,Dominican Republic
972,2021-04-01,6,34,10,25,Dominican Republic
973,2021-05-01,6,34,9,25,Dominican Republic
974,2021-06-01,7,35,9,27,Dominican Republic
975,2021-07-01,6,32,9,24,Dominican Republic
976,2021-08-01,4,33,9,26,Dominican Republic
977,2021-09-01,4,28,9,20,Dominican Republic
978,2021-10-01,6,32,9,19,Dominican Republic
979,2021-11-01,6,34,9,17,Dominican Republic
980,2021-12-01,6,36,7,13,Dominican Republic
981,2022-01-01,6,41,9,17,Dominican Republic
982,2022-02-01,5,31,10,17,Dominican Republic
983,2022-03-01,7,34,10,20,Dominican Republic
984,2022-04-01,6,35,9,16,Dominican Republic
985,2022-05-01,6,33,9,16,Dominican Republic
986,2022-06-01,5,34,9,16,Dominican Republic
987,2022-07-01,4,35,9,17,Dominican Republic
988,2022-08-01,5,33,10,19,Dominican Republic
989,2022-09-01,4,31,9,16,Dominican Republic
990,2022-10-01,5,36,9,17,Dominican Republic
991,2022-11-01,6,34,9,16,Dominican Republic
992,2022-12-01,5,30,10,15,Dominican Republic
993,2023-01-01,4,33,13,17,Dominican Republic
994,2023-02-01,5,34,15,17,Dominican Republic
995,2023-03-01,6,37,15,25,Dominican Republic
996,2023-04-01,5,34,13,22,Dominican Republic
997,2023-05-01,5,33,14,26,Dominican Republic
998,2023-06-01,6,37,14,25,Dominican Republic
999,2023-07-01,4,32,16,23,Dominican Republic
1000,2023-08-01,4,32,15,23,Dominican Republic
1001,2023-09-01,6,40,15,21,Dominican Republic
1002,2023-10-01,6,42,14,22,Dominican Republic
1003,2023-11-01,5,36,14,20,Dominican Republic
1004,2023-12-01,6,32,12,15,Dominican Republic
1005,2024-01-01,5,32,15,15,Dominican Republic
1006,2024-02-01,6,31,16,9,Dominican Republic
1007,2024-03-01,5,31,16,18,Dominican Republic
1008,2024-04-01,5,30,16,21,Dominican Republic
1009,2024-05-01,5,31,14,19,Dominican Republic
1010,2024-06-01,5,31,16,19,Dominican Republic
1011,2024-07-01,5,31,15,18,Dominican Republic
1012,2024-08-01,5,29,16,20,Dominican Republic
1013,2024-09-01,5,31,17,18,Dominican Republic
1014,2024-10-01,5,28,17,18,Dominican Republic
1015,2024-11-01,5,27,14,18,Dominican Republic
1016,2024-12-01,4,23,13,15,Dominican Republic
1017,2025-01-01,8,26,16,18,Dominican Republic
1018,2025-02-01,6,29,17,20,Dominican Republic
1019,2025-03-01,6,28,13,16,Dominican Republic
1020,2004-01-01,9,3,11,6,Germany
1021,2004-02-01,7,3,11,6,Germany
1022,2004-03-01,7,3,11,6,Germany
1023,2004-04-01,6,3,10,6,Germany
1024,2004-05-01,10,3,10,5,Germany
1025,2004-06-01,6,3,11,6,Germany
1026,2004-07-01,6,3,10,6,Germany
1027,2004-08-01,5,4,11,6,Germany
1028,2004-09-01,5,3,11,6,Germany
1029,2004-10-01,5,3,11,6,Germany
1030,2004-11-01,5,3,11,6,Germany
1031,2004-12-01,5,3,8,5,Germany
1032,2005-01-01,5,3,12,5,Germany
1033,2005-02-01,5,3,11,6,Germany
1034,2005-03-01,5,3,11,5,Germany
1035,2005-04-01,4,3,11,6,Germany
1036,2005-05-01,4,3,11,5,Germany
1037,2005-06-01,4,3,11,6,Germany
1038,2005-07-01,3,3,11,5,Germany
1039,2005-08-01,4,3,11,6,Germany
1040,2005-09-01,4,3,11,5,Germany
1041,2005-10-01,4,3,11,5,Germany
1042,2005-11-01,4,3,11,5,Germany
1043,2005-12-01,4,3,10,5,Germany
1044,2006-01-01,4,3,11,6,Germany
1045,2006-02-01,4,3,11,5,Germany
1046,2006-03-01,4,4,11,6,Germany
1047,2006-04-01,4,3,11,5,Germany
1048,2006-05-01,3,3,11,6,Germany
1049,2006-06-01,3,3,11,5,Germany
1050,2006-07-01,3,3,11,6,Germany
1051,2006-08-01,3,3,11,6,Germany
1052,2006-09-01,3,3,11,5,Germany
1053,2006-10-01,3,3,10,6,Germany
1054,2006-11-01,3,3,10,6,Germany
1055,2006-12-01,3,3,9,5,Germany
1056,2007-01-01,5,3,12,6,Germany
1057,2007-02-01,7,3,11,6,Germany
1058,2007-03-01,3,3,11,6,Germany
1059,2007-04-01,3,3,11,6,Germany
1060,2007-05-01,3,3,11,6,Germany
1061,2007-06-01,3,3,11,6,Germany
1062,2007-07-01,3,3,11,6,Germany
1063,2007-08-01,3,3,11,6,Germany
1064,2007-09-01,3,3,12,6,Germany
1065,2007-10-01,3,3,11,7,Germany
1066,2007-11-01,4,3,11,7,Germany
1067,2007-12-01,5,3,10,6,Germany
1068,2008-01-01,6,3,12,7,Germany
1069,2008-02-01,5,4,12,7,Germany
1070,2008-03-01,4,4,11,6,Germany
1071,2008-04-01,4,4,12,7,Germany
1072,2008-05-01,3,4,11,7,Germany
1073,2008-06-01,3,4,11,7,Germany
1074,2008-07-01,3,4,12,7,Germany
1075,2008-08-01,3,4,12,7,Germany
1076,2008-09-01,3,4,12,7,Germany
1077,2008-10-01,4,4,12,7,Germany
1078,2008-11-01,4,4,11,7,Germany
1079,2008-12-01,4,4,10,7,Germany
1080,2009-01-01,5,4,12,8,Germany
1081,2009-02-01,4,4,13,8,Germany
1082,2009-03-01,4,5,12,8,Germany
1083,2009-04-01,5,8,11,8,Germany
1084,2009-05-01,4,9,11,7,Germany
1085,2009-06-01,3,10,11,8,Germany
1086,2009-07-01,3,10,11,7,Germany
1087,2009-08-01,3,11,12,8,Germany
1088,2009-09-01,3,10,12,8,Germany
1089,2009-10-01,3,12,12,8,Germany
1090,2009-11-01,4,23,12,9,Germany
1091,2009-12-01,4,12,10,7,Germany
1092,2010-01-01,4,12,12,8,Germany
1093,2010-02-01,4,13,12,8,Germany
1094,2010-03-01,4,13,12,9,Germany
1095,2010-04-01,4,14,11,8,Germany
1096,2010-05-01,4,13,11,8,Germany
1097,2010-06-01,3,12,12,8,Germany
1098,2010-07-01,3,11,12,8,Germany
1099,2010-08-01,3,11,12,8,Germany
1100,2010-09-01,3,11,12,8,Germany
1101,2010-10-01,3,11,11,8,Germany
1102,2010-11-01,3,11,12,8,Germany
1103,2010-12-01,3,10,10,7,Germany
1104,2011-01-01,3,13,12,9,Germany
1105,2011-02-01,3,13,11,9,Germany
1106,2011-03-01,3,12,12,9,Germany
1107,2011-04-01,3,11,11,8,Germany
1108,2011-05-01,6,15,11,8,Germany
1109,2011-06-01,3,16,12,8,Germany
1110,2011-07-01,2,13,11,8,Germany
1111,2011-08-01,4,12,11,9,Germany
1112,2011-09-01,3,14,12,9,Germany
1113,2011-10-01,3,10,11,9,Germany
1114,2011-11-01,4,8,12,9,Germany
1115,2011-12-01,4,8,10,9,Germany
1116,2012-01-01,5,11,11,10,Germany
1117,2012-02-01,5,11,12,10,Germany
1118,2012-03-01,6,10,11,10,Germany
1119,2012-04-01,4,9,11,9,Germany
1120,2012-05-01,3,10,11,9,Germany
1121,2012-06-01,4,11,11,9,Germany
1122,2012-07-01,5,10,11,9,Germany
1123,2012-08-01,4,9,12,10,Germany
1124,2012-09-01,4,9,11,10,Germany
1125,2012-10-01,3,10,11,10,Germany
1126,2012-11-01,3,11,11,10,Germany
1127,2012-12-01,3,9,10,8,Germany
1128,2013-01-01,4,10,12,11,Germany
1129,2013-02-01,4,11,12,11,Germany
1130,2013-03-01,3,11,11,10,Germany
1131,2013-04-01,3,11,11,10,Germany
1132,2013-05-01,3,9,10,10,Germany
1133,2013-06-01,3,10,11,9,Germany
1134,2013-07-01,3,10,12,10,Germany
1135,2013-08-01,2,11,11,10,Germany
1136,2013-09-01,3,11,10,10,Germany
1137,2013-10-01,3,11,11,11,Germany
1138,2013-11-01,3,11,11,10,Germany
1139,2013-12-01,3,10,9,10,Germany
1140,2014-01-01,3,12,11,11,Germany
1141,2014-02-01,3,12,12,11,Germany
1142,2014-03-01,3,12,11,11,Germany
1143,2014-04-01,3,11,11,11,Germany
1144,2014-05-01,3,11,11,11,Germany
1145,2014-06-01,3,11,11,11,Germany
1146,2014-07-01,3,10,11,11,Germany
1147,2014-08-01,4,11,11,11,Germany
1148,2014-09-01,3,10,10,12,Germany
1149,2014-10-01,5,12,11,11,Germany
1150,2014-11-01,3,11,10,12,Germany
1151,2014-12-01,3,11,10,10,Germany
1152,2015-01-01,3,11,11,13,Germany
1153,2015-02-01,4,13,12,14,Germany
1154,2015-03-01,3,12,11,12,Germany
1155,2015-04-01,2,11,11,12,Germany
1156,2015-05-01,2,11,10,11,Germany
1157,2015-06-01,3,12,11,12,Germany
1158,2015-07-01,2,11,11,12,Germany
1159,2015-08-01,2,11,11,12,Germany
1160,2015-09-01,2,11,11,12,Germany
1161,2015-10-01,2,11,11,12,Germany
1162,2015-11-01,2,12,11,12,Germany
1163,2015-12-01,3,11,10,11,Germany
1164,2016-01-01,4,12,10,13,Germany
1165,2016-02-01,6,15,11,14,Germany
1166,2016-03-01,4,14,11,14,Germany
1167,2016-04-01,3,13,11,14,Germany
1168,2016-05-01,3,12,10,13,Germany
1169,2016-06-01,3,12,10,13,Germany
1170,2016-07-01,2,12,10,13,Germany
1171,2016-08-01,3,11,10,13,Germany
1172,2016-09-01,2,11,11,13,Germany
1173,2016-10-01,2,11,11,13,Germany
1174,2016-11-01,3,13,17,34,Germany
1175,2016-12-01,4,13,16,21,Germany
1176,2017-01-01,4,13,26,18,Germany
1177,2017-02-01,3,15,30,19,Germany
1178,2017-03-01,3,14,31,17,Germany
1179,2017-04-01,2,13,28,15,Germany
1180,2017-05-01,2,13,32,84,Germany
1181,2017-06-01,2,12,26,91,Germany
1182,2017-07-01,2,12,28,98,Germany
1183,2017-08-01,2,12,28,57,Germany
1184,2017-09-01,2,12,28,17,Germany
1185,2017-10-01,2,13,28,18,Germany
1186,2017-11-01,2,13,29,17,Germany
1187,2017-12-01,2,13,19,15,Germany
1188,2018-01-01,3,14,8,25,Germany
1189,2018-02-01,4,15,19,55,Germany
1190,2018-03-01,3,16,22,100,Germany
1191,2018-04-01,2,13,17,99,Germany
1192,2018-05-01,2,12,5,90,Germany
1193,2018-06-01,2,12,13,31,Germany
1194,2018-07-01,2,12,23,16,Germany
1195,2018-08-01,2,12,28,17,Germany
1196,2018-09-01,2,12,30,16,Germany
1197,2018-10-01,2,13,29,18,Germany
1198,2018-11-01,3,14,28,17,Germany
1199,2018-12-01,3,14,26,17,Germany
1200,2019-01-01,3,15,32,18,Germany
1201,2019-02-01,4,17,32,20,Germany
1202,2019-03-01,3,17,23,26,Germany
1203,2019-04-01,2,12,16,38,Germany
1204,2019-05-01,2,12,17,34,Germany
1205,2019-06-01,2,12,17,22,Germany
1206,2019-07-01,2,13,18,26,Germany
1207,2019-08-01,2,12,17,27,Germany
1208,2019-09-01,3,11,18,34,Germany
1209,2019-10-01,3,13,17,32,Germany
1210,2019-11-01,2,13,17,32,Germany
1211,2019-12-01,3,11,15,28,Germany
1212,2020-01-01,15,17,18,33,Germany
1213,2020-02-01,33,25,19,30,Germany
1214,2020-03-01,75,49,20,34,Germany
1215,2020-04-01,19,17,16,26,Germany
1216,2020-05-01,9,15,15,28,Germany
1217,2020-06-01,6,16,17,29,Germany
1218,2020-07-01,5,18,18,30,Germany
1219,2020-08-01,5,17,17,31,Germany
1220,2020-09-01,5,22,18,35,Germany
1221,2020-10-01,6,25,18,34,Germany
1222,2020-11-01,6,26,16,26,Germany
1223,2020-12-01,6,23,15,16,Germany
1224,2021-01-01,6,20,16,16,Germany
1225,2021-02-01,5,19,15,16,Germany
1226,2021-03-01,5,21,15,17,Germany
1227,2021-04-01,5,21,16,19,Germany
1228,2021-05-01,4,19,14,20,Germany
1229,2021-06-01,3,18,15,19,Germany
1230,2021-07-01,3,19,16,17,Germany
1231,2021-08-01,3,19,16,18,Germany
1232,2021-09-01,4,19,17,18,Germany
1233,2021-10-01,7,21,16,19,Germany
1234,2021-11-01,9,23,19,23,Germany
1235,2021-12-01,5,23,15,20,Germany
1236,2022-01-01,5,29,16,20,Germany
1237,2022-02-01,4,27,15,18,Germany
1238,2022-03-01,4,26,15,19,Germany
1239,2022-04-01,3,24,14,19,Germany
1240,2022-05-01,4,23,14,17,Germany
1241,2022-06-01,3,26,15,18,Germany
1242,2022-07-01,3,25,16,18,Germany
1243,2022-08-01,3,23,15,19,Germany
1244,2022-09-01,3,21,15,18,Germany
1245,2022-10-01,3,24,15,19,Germany
1246,2022-11-01,7,23,15,19,Germany
1247,2022-12-01,14,26,21,18,Germany
1248,2023-01-01,4,23,29,19,Germany
1249,2023-02-01,4,25,29,19,Germany
1250,2023-03-01,4,25,27,21,Germany
1251,2023-04-01,3,22,25,19,Germany
1252,2023-05-01,3,23,25,21,Germany
1253,2023-06-01,3,22,25,21,Germany
1254,2023-07-01,2,21,24,19,Germany
1255,2023-08-01,3,22,26,20,Germany
1256,2023-09-01,5,22,26,20,Germany
1257,2023-10-01,3,23,25,21,Germany
1258,2023-11-01,4,23,25,21,Germany
1259,2023-12-01,6,23,23,20,Germany
1260,2024-01-01,4,23,28,22,Germany
1261,2024-02-01,5,23,27,19,Germany
1262,2024-03-01,4,22,25,19,Germany
1263,2024-04-01,4,22,26,21,Germany
1264,2024-05-01,3,20,25,18,Germany
1265,2024-06-01,3,20,23,17,Germany
1266,2024-07-01,5,21,26,19,Germany
1267,2024-08-01,5,20,24,20,Germany
1268,2024-09-01,4,21,25,21,Germany
1269,2024-10-01,6,22,24,21,Germany
1270,2024-11-01,5,21,24,19,Germany
1271,2024-12-01,4,20,21,19,Germany
1272,2025-01-01,6,22,25,21,Germany
1273,2025-02-01,5,23,25,22,Germany
1274,2025-03-01,4,21,19,18,Germany
1275,2004-01-01,9,5,9,5,Italy
1276,2004-02-01,9,5,9,5,Italy
1277,2004-03-01,8,6,8,5,Italy
1278,2004-04-01,7,5,8,5,Italy
1279,2004-05-01,13,5,8,4,Italy
1280,2004-06-01,8,5,8,5,Italy
1281,2004-07-01,7,6,8,4,Italy
1282,2004-08-01,6,5,8,4,Italy
1283,2004-09-01,6,6,9,5,Italy
1284,2004-10-01,6,5,8,5,Italy
1285,2004-11-01,6,5,8,5,Italy
1286,2004-12-01,6,5,8,4,Italy
1287,2005-01-01,6,6,10,5,Italy
1288,2005-02-01,6,6,9,5,Italy
1289,2005-03-01,5,6,9,5,Italy
1290,2005-04-01,5,6,8,5,Italy
1291,2005-05-01,5,6,8,5,Italy
1292,2005-06-01,5,5,8,4,Italy
1293,2005-07-01,5,7,8,4,Italy
1294,2005-08-01,5,6,7,4,Italy
1295,2005-09-01,5,7,9,5,Italy
1296,2005-10-01,6,6,9,5,Italy
1297,2005-11-01,5,6,9,5,Italy
1298,2005-12-01,5,5,7,4,Italy
1299,2006-01-01,6,6,8,5,Italy
1300,2006-02-01,8,6,8,5,Italy
1301,2006-03-01,4,6,7,5,Italy
1302,2006-04-01,4,6,7,4,Italy
1303,2006-05-01,4,6,8,4,Italy
1304,2006-06-01,4,6,7,4,Italy
1305,2006-07-01,4,6,7,4,Italy
1306,2006-08-01,4,6,7,4,Italy
1307,2006-09-01,5,6,8,5,Italy
1308,2006-10-01,6,6,7,5,Italy
1309,2006-11-01,5,5,7,4,Italy
1310,2006-12-01,6,6,6,4,Italy
1311,2007-01-01,5,5,8,5,Italy
1312,2007-02-01,5,6,7,4,Italy
1313,2007-03-01,5,6,7,5,Italy
1314,2007-04-01,4,6,7,4,Italy
1315,2007-05-01,4,5,8,5,Italy
1316,2007-06-01,4,5,7,4,Italy
1317,2007-07-01,4,5,7,4,Italy
1318,2007-08-01,4,6,6,4,Italy
1319,2007-09-01,5,6,7,4,Italy
1320,2007-10-01,4,6,7,5,Italy
1321,2007-11-01,5,6,7,4,Italy
1322,2007-12-01,4,7,6,4,Italy
1323,2008-01-01,5,8,7,5,Italy
1324,2008-02-01,5,6,7,5,Italy
1325,2008-03-01,4,6,7,5,Italy
1326,2008-04-01,4,6,7,5,Italy
1327,2008-05-01,4,7,7,4,Italy
1328,2008-06-01,4,6,6,4,Italy
1329,2008-07-01,3,6,6,4,Italy
1330,2008-08-01,4,6,5,4,Italy
1331,2008-09-01,4,7,7,5,Italy
1332,2008-10-01,4,6,7,4,Italy
1333,2008-11-01,4,6,6,5,Italy
1334,2008-12-01,4,7,5,4,Italy
1335,2009-01-01,5,9,6,5,Italy
1336,2009-02-01,4,9,6,5,Italy
1337,2009-03-01,4,10,6,5,Italy
1338,2009-04-01,4,10,6,5,Italy
1339,2009-05-01,4,12,6,4,Italy
1340,2009-06-01,3,11,6,4,Italy
1341,2009-07-01,4,13,6,5,Italy
1342,2009-08-01,3,13,5,4,Italy
1343,2009-09-01,4,14,6,5,Italy
1344,2009-10-01,4,14,6,5,Italy
1345,2009-11-01,5,17,6,6,Italy
1346,2009-12-01,3,11,5,4,Italy
1347,2010-01-01,3,13,6,4,Italy
1348,2010-02-01,3,14,6,5,Italy
1349,2010-03-01,3,15,6,5,Italy
1350,2010-04-01,3,15,6,5,Italy
1351,2010-05-01,3,13,6,4,Italy
1352,2010-06-01,2,14,5,4,Italy
1353,2010-07-01,2,13,6,5,Italy
1354,2010-08-01,3,14,5,4,Italy
1355,2010-09-01,2,13,6,5,Italy
1356,2010-10-01,2,13,6,5,Italy
1357,2010-11-01,3,12,6,5,Italy
1358,2010-12-01,2,11,5,4,Italy
1359,2011-01-01,3,14,5,5,Italy
1360,2011-02-01,3,15,6,5,Italy
1361,2011-03-01,3,14,6,5,Italy
1362,2011-04-01,3,13,6,5,Italy
1363,2011-05-01,3,14,6,5,Italy
1364,2011-06-01,3,15,6,5,Italy
1365,2011-07-01,2,13,6,5,Italy
1366,2011-08-01,2,16,5,4,Italy
1367,2011-09-01,3,15,6,5,Italy
1368,2011-10-01,2,11,5,5,Italy
1369,2011-11-01,3,11,6,5,Italy
1370,2011-12-01,3,11,5,4,Italy
1371,2012-01-01,3,13,6,6,Italy
1372,2012-02-01,3,12,5,5,Italy
1373,2012-03-01,3,12,6,5,Italy
1374,2012-04-01,3,12,5,4,Italy
1375,2012-05-01,3,13,6,5,Italy
1376,2012-06-01,3,12,5,5,Italy
1377,2012-07-01,5,12,6,5,Italy
1378,2012-08-01,4,12,5,5,Italy
1379,2012-09-01,4,12,6,6,Italy
1380,2012-10-01,3,12,5,5,Italy
1381,2012-11-01,3,11,6,5,Italy
1382,2012-12-01,3,10,4,4,Italy
1383,2013-01-01,3,12,5,5,Italy
1384,2013-02-01,3,11,5,5,Italy
1385,2013-03-01,3,11,5,5,Italy
1386,2013-04-01,3,11,5,5,Italy
1387,2013-05-01,3,12,5,5,Italy
1388,2013-06-01,3,11,5,5,Italy
1389,2013-07-01,2,12,5,5,Italy
1390,2013-08-01,3,13,5,5,Italy
1391,2013-09-01,3,12,5,5,Italy
1392,2013-10-01,3,13,6,6,Italy
1393,2013-11-01,3,12,5,5,Italy
1394,2013-12-01,3,12,5,5,Italy
1395,2014-01-01,3,14,6,6,Italy
1396,2014-02-01,3,13,6,6,Italy
1397,2014-03-01,3,15,6,6,Italy
1398,2014-04-01,4,14,5,6,Italy
1399,2014-05-01,3,14,6,6,Italy
1400,2014-06-01,3,12,6,5,Italy
1401,2014-07-01,4,13,6,6,Italy
1402,2014-08-01,4,14,5,5,Italy
1403,2014-09-01,3,12,6,6,Italy
1404,2014-10-01,5,14,6,7,Italy
1405,2014-11-01,3,14,6,6,Italy
1406,2014-12-01,3,13,5,6,Italy
1407,2015-01-01,3,15,6,7,Italy
1408,2015-02-01,4,14,6,7,Italy
1409,2015-03-01,3,14,6,7,Italy
1410,2015-04-01,3,14,6,6,Italy
1411,2015-05-01,3,14,6,6,Italy
1412,2015-06-01,3,13,6,6,Italy
1413,2015-07-01,3,13,6,6,Italy
1414,2015-08-01,3,14,5,5,Italy
1415,2015-09-01,3,14,6,7,Italy
1416,2015-10-01,3,13,6,7,Italy
1417,2015-11-01,3,14,6,6,Italy
1418,2015-12-01,3,14,5,6,Italy
1419,2016-01-01,5,14,6,7,Italy
1420,2016-02-01,5,16,7,7,Italy
1421,2016-03-01,3,14,6,7,Italy
1422,2016-04-01,3,14,6,7,Italy
1423,2016-05-01,3,14,6,6,Italy
1424,2016-06-01,3,13,6,6,Italy
1425,2016-07-01,3,14,6,6,Italy
1426,2016-08-01,2,13,5,6,Italy
1427,2016-09-01,2,12,6,8,Italy
1428,2016-10-01,2,12,6,8,Italy
1429,2016-11-01,2,14,11,11,Italy
1430,2016-12-01,3,14,10,10,Italy
1431,2017-01-01,3,15,16,13,Italy
1432,2017-02-01,2,16,18,12,Italy
1433,2017-03-01,2,14,18,12,Italy
1434,2017-04-01,3,14,17,11,Italy
1435,2017-05-01,2,14,18,12,Italy
1436,2017-06-01,2,14,17,11,Italy
1437,2017-07-01,2,14,17,11,Italy
1438,2017-08-01,2,14,15,10,Italy
1439,2017-09-01,2,13,17,11,Italy
1440,2017-10-01,2,14,17,12,Italy
1441,2017-11-01,2,14,18,12,Italy
1442,2017-12-01,2,13,11,10,Italy
1443,2018-01-01,3,15,4,14,Italy
1444,2018-02-01,2,15,12,13,Italy
1445,2018-03-01,2,15,12,15,Italy
1446,2018-04-01,2,14,11,15,Italy
1447,2018-05-01,2,13,5,16,Italy
1448,2018-06-01,2,14,9,15,Italy
1449,2018-07-01,2,14,14,15,Italy
1450,2018-08-01,2,14,15,14,Italy
1451,2018-09-01,2,14,17,13,Italy
1452,2018-10-01,2,13,17,11,Italy
1453,2018-11-01,2,12,18,13,Italy
1454,2018-12-01,2,12,15,11,Italy
1455,2019-01-01,3,13,19,14,Italy
1456,2019-02-01,3,14,18,15,Italy
1457,2019-03-01,2,13,14,15,Italy
1458,2019-04-01,2,13,10,11,Italy
1459,2019-05-01,2,13,10,11,Italy
1460,2019-06-01,2,12,12,12,Italy
1461,2019-07-01,2,13,11,12,Italy
1462,2019-08-01,2,14,10,12,Italy
1463,2019-09-01,2,14,11,15,Italy
1464,2019-10-01,2,13,12,14,Italy
1465,2019-11-01,2,13,11,13,Italy
1466,2019-12-01,2,13,10,12,Italy
1467,2020-01-01,18,20,12,16,Italy
1468,2020-02-01,70,28,13,16,Italy
1469,2020-03-01,100,42,16,20,Italy
1470,2020-04-01,28,17,11,14,Italy
1471,2020-05-01,17,15,10,13,Italy
1472,2020-06-01,9,15,11,13,Italy
1473,2020-07-01,7,15,11,14,Italy
1474,2020-08-01,8,19,10,16,Italy
1475,2020-09-01,6,18,11,19,Italy
1476,2020-10-01,10,22,11,20,Italy
1477,2020-11-01,8,23,10,17,Italy
1478,2020-12-01,7,19,8,15,Italy
1479,2021-01-01,6,19,9,17,Italy
1480,2021-02-01,5,20,9,19,Italy
1481,2021-03-01,5,22,9,19,Italy
1482,2021-04-01,5,21,10,15,Italy
1483,2021-05-01,4,20,10,15,Italy
1484,2021-06-01,4,19,10,14,Italy
1485,2021-07-01,4,21,10,14,Italy
1486,2021-08-01,4,22,10,13,Italy
1487,2021-09-01,3,19,11,16,Italy
1488,2021-10-01,4,17,10,13,Italy
1489,2021-11-01,5,18,10,9,Italy
1490,2021-12-01,5,26,9,10,Italy
1491,2022-01-01,6,32,11,14,Italy
1492,2022-02-01,3,20,10,10,Italy
1493,2022-03-01,3,23,12,10,Italy
1494,2022-04-01,3,23,10,9,Italy
1495,2022-05-01,3,23,10,9,Italy
1496,2022-06-01,3,24,10,9,Italy
1497,2022-07-01,4,27,10,8,Italy
1498,2022-08-01,4,24,9,7,Italy
1499,2022-09-01,2,19,10,10,Italy
1500,2022-10-01,3,22,11,11,Italy
1501,2022-11-01,3,21,10,11,Italy
1502,2022-12-01,4,22,12,10,Italy
1503,2023-01-01,3,22,19,14,Italy
1504,2023-02-01,3,22,19,12,Italy
1505,2023-03-01,4,23,21,14,Italy
1506,2023-04-01,3,22,19,13,Italy
1507,2023-05-01,3,21,19,15,Italy
1508,2023-06-01,3,20,19,13,Italy
1509,2023-07-01,3,20,18,13,Italy
1510,2023-08-01,3,20,16,12,Italy
1511,2023-09-01,3,20,19,16,Italy
1512,2023-10-01,3,20,20,16,Italy
1513,2023-11-01,4,20,20,16,Italy
1514,2023-12-01,4,22,17,15,Italy
1515,2024-01-01,4,20,20,14,Italy
1516,2024-02-01,3,18,19,11,Italy
1517,2024-03-01,4,20,20,13,Italy
1518,2024-04-01,3,19,19,14,Italy
1519,2024-05-01,3,19,19,14,Italy
1520,2024-06-01,3,18,18,13,Italy
1521,2024-07-01,4,19,19,13,Italy
1522,2024-08-01,4,20,17,12,Italy
1523,2024-09-01,3,16,18,16,Italy
1524,2024-10-01,4,19,19,17,Italy
1525,2024-11-01,3,19,18,16,Italy
1526,2024-12-01,4,17,16,14,Italy
1527,2025-01-01,6,18,19,17,Italy
1528,2025-02-01,4,17,19,17,Italy
1529,2025-03-01,3,17,17,13,Italy
1530,2004-01-01,42,16,14,17,Mexico
1531,2004-02-01,40,14,15,17,Mexico
1532,2004-03-01,39,17,14,18,Mexico
1533,2004-04-01,35,17,15,17,Mexico
1534,2004-05-01,49,17,14,19,Mexico
1535,2004-06-01,42,18,15,19,Mexico
1536,2004-07-01,30,16,15,17,Mexico
1537,2004-08-01,33,15,15,17,Mexico
1538,2004-09-01,46,14,12,17,Mexico
1539,2004-10-01,50,15,12,18,Mexico
1540,2004-11-01,41,14,14,18,Mexico
1541,2004-12-01,31,15,12,14,Mexico
1542,2005-01-01,28,15,14,16,Mexico
1543,2005-02-01,32,16,13,16,Mexico
1544,2005-03-01,27,17,16,16,Mexico
1545,2005-04-01,31,17,14,17,Mexico
1546,2005-05-01,31,19,14,19,Mexico
1547,2005-06-01,28,18,14,16,Mexico
1548,2005-07-01,18,17,15,15,Mexico
1549,2005-08-01,24,16,14,16,Mexico
1550,2005-09-01,32,16,13,16,Mexico
1551,2005-10-01,34,16,13,17,Mexico
1552,2005-11-01,29,16,13,15,Mexico
1553,2005-12-01,20,15,11,13,Mexico
1554,2006-01-01,20,17,14,15,Mexico
1555,2006-02-01,29,16,14,15,Mexico
1556,2006-03-01,21,17,13,16,Mexico
1557,2006-04-01,20,16,13,16,Mexico
1558,2006-05-01,21,18,14,17,Mexico
1559,2006-06-01,20,15,12,14,Mexico
1560,2006-07-01,12,15,12,12,Mexico
1561,2006-08-01,18,15,12,15,Mexico
1562,2006-09-01,23,15,12,14,Mexico
1563,2006-10-01,27,16,12,16,Mexico
1564,2006-11-01,22,16,12,14,Mexico
1565,2006-12-01,17,14,10,10,Mexico
1566,2007-01-01,16,16,13,13,Mexico
1567,2007-02-01,20,15,12,13,Mexico
1568,2007-03-01,15,15,12,14,Mexico
1569,2007-04-01,16,16,12,14,Mexico
1570,2007-05-01,20,17,13,17,Mexico
1571,2007-06-01,18,16,13,14,Mexico
1572,2007-07-01,13,14,13,13,Mexico
1573,2007-08-01,16,18,12,13,Mexico
1574,2007-09-01,26,15,12,15,Mexico
1575,2007-10-01,24,16,11,13,Mexico
1576,2007-11-01,22,15,11,13,Mexico
1577,2007-12-01,16,14,10,11,Mexico
1578,2008-01-01,15,15,13,15,Mexico
1579,2008-02-01,18,15,13,13,Mexico
1580,2008-03-01,17,17,12,12,Mexico
1581,2008-04-01,21,20,12,14,Mexico
1582,2008-05-01,21,18,11,14,Mexico
1583,2008-06-01,18,15,11,13,Mexico
1584,2008-07-01,14,15,12,12,Mexico
1585,2008-08-01,19,15,12,12,Mexico
1586,2008-09-01,23,16,11,15,Mexico
1587,2008-10-01,25,17,11,17,Mexico
1588,2008-11-01,22,17,10,13,Mexico
1589,2008-12-01,16,14,10,11,Mexico
1590,2009-01-01,20,18,11,14,Mexico
1591,2009-02-01,19,17,11,13,Mexico
1592,2009-03-01,20,20,11,16,Mexico
1593,2009-04-01,37,35,12,13,Mexico
1594,2009-05-01,32,24,11,13,Mexico
1595,2009-06-01,19,22,11,14,Mexico
1596,2009-07-01,13,20,11,12,Mexico
1597,2009-08-01,16,22,11,13,Mexico
1598,2009-09-01,23,27,13,15,Mexico
1599,2009-10-01,22,25,13,17,Mexico
1600,2009-11-01,20,26,11,14,Mexico
1601,2009-12-01,16,22,11,11,Mexico
1602,2010-01-01,14,24,10,13,Mexico
1603,2010-02-01,16,24,12,16,Mexico
1604,2010-03-01,16,27,12,16,Mexico
1605,2010-04-01,16,25,12,16,Mexico
1606,2010-05-01,17,25,12,13,Mexico
1607,2010-06-01,15,24,11,13,Mexico
1608,2010-07-01,13,23,11,12,Mexico
1609,2010-08-01,15,23,12,15,Mexico
1610,2010-09-01,21,22,12,15,Mexico
1611,2010-10-01,19,23,11,16,Mexico
1612,2010-11-01,17,24,11,14,Mexico
1613,2010-12-01,14,21,9,11,Mexico
1614,2011-01-01,13,24,11,14,Mexico
1615,2011-02-01,12,23,11,14,Mexico
1616,2011-03-01,14,26,12,16,Mexico
1617,2011-04-01,12,25,11,13,Mexico
1618,2011-05-01,13,27,11,14,Mexico
1619,2011-06-01,12,24,11,14,Mexico
1620,2011-07-01,11,23,11,13,Mexico
1621,2011-08-01,13,23,11,15,Mexico
1622,2011-09-01,17,24,12,15,Mexico
1623,2011-10-01,16,23,11,16,Mexico
1624,2011-11-01,16,23,11,14,Mexico
1625,2011-12-01,13,19,10,11,Mexico
1626,2012-01-01,13,27,12,15,Mexico
1627,2012-02-01,13,25,11,14,Mexico
1628,2012-03-01,13,26,11,15,Mexico
1629,2012-04-01,11,25,11,14,Mexico
1630,2012-05-01,11,26,11,14,Mexico
1631,2012-06-01,10,25,12,13,Mexico
1632,2012-07-01,10,23,11,13,Mexico
1633,2012-08-01,11,26,11,15,Mexico
1634,2012-09-01,14,25,12,16,Mexico
1635,2012-10-01,13,26,12,19,Mexico
1636,2012-11-01,13,24,11,15,Mexico
1637,2012-12-01,9,21,9,12,Mexico
1638,2013-01-01,9,24,11,15,Mexico
1639,2013-02-01,10,26,11,15,Mexico
1640,2013-03-01,10,27,11,15,Mexico
1641,2013-04-01,11,26,12,15,Mexico
1642,2013-05-01,10,25,12,14,Mexico
1643,2013-06-01,10,24,11,13,Mexico
1644,2013-07-01,8,25,11,13,Mexico
1645,2013-08-01,10,26,12,15,Mexico
1646,2013-09-01,14,25,12,15,Mexico
1647,2013-10-01,13,27,13,19,Mexico
1648,2013-11-01,12,25,12,14,Mexico
1649,2013-12-01,9,22,10,12,Mexico
1650,2014-01-01,10,31,12,15,Mexico
1651,2014-02-01,10,33,12,16,Mexico
1652,2014-03-01,11,30,12,17,Mexico
1653,2014-04-01,9,28,12,15,Mexico
1654,2014-05-01,10,27,12,15,Mexico
1655,2014-06-01,10,25,12,16,Mexico
1656,2014-07-01,8,25,12,15,Mexico
1657,2014-08-01,15,28,13,17,Mexico
1658,2014-09-01,12,27,13,16,Mexico
1659,2014-10-01,20,35,13,21,Mexico
1660,2014-11-01,13,28,12,14,Mexico
1661,2014-12-01,10,27,11,14,Mexico
1662,2015-01-01,10,28,18,16,Mexico
1663,2015-02-01,10,29,15,17,Mexico
1664,2015-03-01,10,30,14,18,Mexico
1665,2015-04-01,9,31,13,17,Mexico
1666,2015-05-01,10,29,13,15,Mexico
1667,2015-06-01,10,30,13,16,Mexico
1668,2015-07-01,8,31,14,17,Mexico
1669,2015-08-01,9,30,14,18,Mexico
1670,2015-09-01,12,30,14,17,Mexico
1671,2015-10-01,11,31,15,23,Mexico
1672,2015-11-01,12,30,13,16,Mexico
1673,2015-12-01,9,28,13,14,Mexico
1674,2016-01-01,11,27,13,16,Mexico
1675,2016-02-01,13,35,15,18,Mexico
1676,2016-03-01,9,35,13,17,Mexico
1677,2016-04-01,9,30,15,18,Mexico
1678,2016-05-01,9,30,14,17,Mexico
1679,2016-06-01,9,28,14,18,Mexico
1680,2016-07-01,7,29,14,17,Mexico
1681,2016-08-01,8,27,14,17,Mexico
1682,2016-09-01,11,30,15,18,Mexico
1683,2016-10-01,10,31,15,23,Mexico
1684,2016-11-01,9,28,14,30,Mexico
1685,2016-12-01,6,25,12,24,Mexico
1686,2017-01-01,8,29,24,27,Mexico
1687,2017-02-01,8,33,26,28,Mexico
1688,2017-03-01,9,35,27,29,Mexico
1689,2017-04-01,7,33,26,27,Mexico
1690,2017-05-01,9,32,26,35,Mexico
1691,2017-06-01,9,31,29,35,Mexico
1692,2017-07-01,8,30,28,36,Mexico
1693,2017-08-01,8,31,28,32,Mexico
1694,2017-09-01,10,27,30,25,Mexico
1695,2017-10-01,11,30,27,29,Mexico
1696,2017-11-01,10,32,25,25,Mexico
1697,2017-12-01,7,29,19,22,Mexico
1698,2018-01-01,7,33,9,28,Mexico
1699,2018-02-01,7,32,21,30,Mexico
1700,2018-03-01,7,37,22,37,Mexico
1701,2018-04-01,8,36,19,42,Mexico
1702,2018-05-01,9,32,9,38,Mexico
1703,2018-06-01,7,32,16,28,Mexico
1704,2018-07-01,5,31,25,26,Mexico
1705,2018-08-01,7,32,31,27,Mexico
1706,2018-09-01,8,33,29,27,Mexico
1707,2018-10-01,8,33,29,36,Mexico
1708,2018-11-01,8,31,27,26,Mexico
1709,2018-12-01,6,30,27,26,Mexico
1710,2019-01-01,6,34,30,28,Mexico
1711,2019-02-01,8,34,30,29,Mexico
1712,2019-03-01,7,37,21,33,Mexico
1713,2019-04-01,7,37,14,37,Mexico
1714,2019-05-01,8,36,14,36,Mexico
1715,2019-06-01,7,36,16,37,Mexico
1716,2019-07-01,5,35,15,38,Mexico
1717,2019-08-01,6,34,15,41,Mexico
1718,2019-09-01,8,37,15,38,Mexico
1719,2019-10-01,8,40,14,47,Mexico
1720,2019-11-01,8,37,14,37,Mexico
1721,2019-12-01,6,33,12,33,Mexico
1722,2020-01-01,15,47,15,40,Mexico
1723,2020-02-01,17,48,16,37,Mexico
1724,2020-03-01,45,100,18,41,Mexico
1725,2020-04-01,26,72,21,40,Mexico
1726,2020-05-01,17,66,19,35,Mexico
1727,2020-06-01,14,73,17,35,Mexico
1728,2020-07-01,10,80,19,38,Mexico
1729,2020-08-01,9,63,15,34,Mexico
1730,2020-09-01,11,52,14,31,Mexico
1731,2020-10-01,12,56,14,42,Mexico
1732,2020-11-01,10,58,14,33,Mexico
1733,2020-12-01,9,61,16,33,Mexico
1734,2021-01-01,11,70,18,35,Mexico
1735,2021-02-01,9,51,15,33,Mexico
1736,2021-03-01,8,50,14,34,Mexico
1737,2021-04-01,8,52,14,27,Mexico
1738,2021-05-01,8,44,13,25,Mexico
1739,2021-06-01,8,49,13,27,Mexico
1740,2021-07-01,8,64,15,26,Mexico
1741,2021-08-01,9,69,15,29,Mexico
1742,2021-09-01,10,50,13,27,Mexico
1743,2021-10-01,8,44,13,32,Mexico
1744,2021-11-01,8,46,13,19,Mexico
1745,2021-12-01,8,53,11,17,Mexico
1746,2022-01-01,10,91,14,21,Mexico
1747,2022-02-01,9,51,13,19,Mexico
1748,2022-03-01,9,48,14,21,Mexico
1749,2022-04-01,8,49,14,20,Mexico
1750,2022-05-01,10,55,14,21,Mexico
1751,2022-06-01,9,54,14,20,Mexico
1752,2022-07-01,7,66,14,22,Mexico
1753,2022-08-01,8,51,14,22,Mexico
1754,2022-09-01,9,48,14,21,Mexico
1755,2022-10-01,9,47,14,29,Mexico
1756,2022-11-01,12,49,13,21,Mexico
1757,2022-12-01,10,52,18,19,Mexico
1758,2023-01-01,7,48,27,25,Mexico
1759,2023-02-01,9,48,27,23,Mexico
1760,2023-03-01,9,51,29,25,Mexico
1761,2023-04-01,8,55,28,24,Mexico
1762,2023-05-01,9,53,28,26,Mexico
1763,2023-06-01,9,57,29,27,Mexico
1764,2023-07-01,6,49,27,23,Mexico
1765,2023-08-01,7,50,29,25,Mexico
1766,2023-09-01,11,50,29,25,Mexico
1767,2023-10-01,9,46,30,31,Mexico
1768,2023-11-01,12,45,28,23,Mexico
1769,2023-12-01,9,45,25,20,Mexico
1770,2024-01-01,8,47,30,20,Mexico
1771,2024-02-01,9,40,29,10,Mexico
1772,2024-03-01,8,44,28,21,Mexico
1773,2024-04-01,9,42,30,24,Mexico
1774,2024-05-01,8,40,29,23,Mexico
1775,2024-06-01,8,39,28,21,Mexico
1776,2024-07-01,7,39,30,20,Mexico
1777,2024-08-01,9,44,29,20,Mexico
1778,2024-09-01,9,40,28,21,Mexico
1779,2024-10-01,9,42,28,28,Mexico
1780,2024-11-01,8,38,26,22,Mexico
1781,2024-12-01,7,36,25,20,Mexico
1782,2025-01-01,12,36,27,24,Mexico
1783,2025-02-01,8,38,27,23,Mexico
1784,2025-03-01,9,40,23,21,Mexico
1785,2004-01-01,27,19,19,0,Panama
1786,2004-02-01,29,0,0,0,Panama
1787,2004-03-01,30,16,0,0,Panama
1788,2004-04-01,44,18,0,0,Panama
1789,2004-05-01,38,27,8,12,Panama
1790,2004-06-01,30,23,14,15,Panama
1791,2004-07-01,26,12,18,11,Panama
1792,2004-08-01,34,15,13,7,Panama
1793,2004-09-01,24,15,11,9,Panama
1794,2004-10-01,37,20,11,11,Panama
1795,2004-11-01,30,14,10,13,Panama
1796,2004-12-01,16,20,0,0,Panama
1797,2005-01-01,14,10,12,11,Panama
1798,2005-02-01,18,22,9,0,Panama
1799,2005-03-01,23,14,11,8,Panama
1800,2005-04-01,20,19,8,7,Panama
1801,2005-05-01,23,22,10,13,Panama
1802,2005-06-01,21,17,11,6,Panama
1803,2005-07-01,23,20,12,10,Panama
1804,2005-08-01,23,24,9,12,Panama
1805,2005-09-01,27,19,11,10,Panama
1806,2005-10-01,26,23,14,12,Panama
1807,2005-11-01,21,22,13,9,Panama
1808,2005-12-01,15,12,9,7,Panama
1809,2006-01-01,12,18,12,10,Panama
1810,2006-02-01,19,21,15,9,Panama
1811,2006-03-01,14,19,14,9,Panama
1812,2006-04-01,17,19,10,12,Panama
1813,2006-05-01,11,20,11,13,Panama
1814,2006-06-01,14,17,14,8,Panama
1815,2006-07-01,12,19,11,12,Panama
1816,2006-08-01,12,15,11,10,Panama
1817,2006-09-01,16,17,12,12,Panama
1818,2006-10-01,19,21,7,8,Panama
1819,2006-11-01,11,16,9,10,Panama
1820,2006-12-01,11,17,7,7,Panama
1821,2007-01-01,8,16,14,10,Panama
1822,2007-02-01,10,16,11,8,Panama
1823,2007-03-01,11,15,11,9,Panama
1824,2007-04-01,12,16,10,10,Panama
1825,2007-05-01,13,15,13,13,Panama
1826,2007-06-01,15,20,11,12,Panama
1827,2007-07-01,15,17,10,8,Panama
1828,2007-08-01,13,17,8,12,Panama
1829,2007-09-01,16,18,11,11,Panama
1830,2007-10-01,16,15,10,11,Panama
1831,2007-11-01,16,16,9,12,Panama
1832,2007-12-01,10,16,9,7,Panama
1833,2008-01-01,11,15,10,9,Panama
1834,2008-02-01,11,20,11,9,Panama
1835,2008-03-01,15,14,10,10,Panama
1836,2008-04-01,16,14,10,10,Panama
1837,2008-05-01,16,16,9,10,Panama
1838,2008-06-01,15,18,9,11,Panama
1839,2008-07-01,16,17,11,9,Panama
1840,2008-08-01,15,18,11,8,Panama
1841,2008-09-01,17,18,12,11,Panama
1842,2008-10-01,16,17,11,7,Panama
1843,2008-11-01,18,15,10,10,Panama
1844,2008-12-01,11,15,8,7,Panama
1845,2009-01-01,13,19,11,10,Panama
1846,2009-02-01,11,17,10,10,Panama
1847,2009-03-01,11,15,11,9,Panama
1848,2009-04-01,17,20,10,10,Panama
1849,2009-05-01,37,28,10,10,Panama
1850,2009-06-01,16,22,10,10,Panama
1851,2009-07-01,13,20,9,10,Panama
1852,2009-08-01,13,20,11,10,Panama
1853,2009-09-01,15,25,11,10,Panama
1854,2009-10-01,13,26,10,9,Panama
1855,2009-11-01,14,22,12,8,Panama
1856,2009-12-01,12,20,9,9,Panama
1857,2010-01-01,11,21,11,9,Panama
1858,2010-02-01,8,22,10,10,Panama
1859,2010-03-01,13,21,9,8,Panama
1860,2010-04-01,11,23,12,10,Panama
1861,2010-05-01,12,23,11,12,Panama
1862,2010-06-01,11,22,10,10,Panama
1863,2010-07-01,11,18,10,10,Panama
1864,2010-08-01,13,22,11,10,Panama
1865,2010-09-01,14,20,9,11,Panama
1866,2010-10-01,11,21,10,9,Panama
1867,2010-11-01,11,19,10,11,Panama
1868,2010-12-01,8,17,8,8,Panama
1869,2011-01-01,7,20,10,9,Panama
1870,2011-02-01,8,20,11,11,Panama
1871,2011-03-01,10,19,9,9,Panama
1872,2011-04-01,10,21,9,10,Panama
1873,2011-05-01,11,20,11,12,Panama
1874,2011-06-01,12,22,11,11,Panama
1875,2011-07-01,10,22,11,10,Panama
1876,2011-08-01,10,26,12,10,Panama
1877,2011-09-01,10,21,12,12,Panama
1878,2011-10-01,10,21,13,11,Panama
1879,2011-11-01,9,18,11,10,Panama
1880,2011-12-01,7,17,9,8,Panama
1881,2012-01-01,8,18,12,10,Panama
1882,2012-02-01,8,19,11,10,Panama
1883,2012-03-01,9,18,11,11,Panama
1884,2012-04-01,8,19,11,11,Panama
1885,2012-05-01,11,21,12,13,Panama
1886,2012-06-01,9,21,11,11,Panama
1887,2012-07-01,11,21,11,11,Panama
1888,2012-08-01,9,20,11,11,Panama
1889,2012-09-01,7,20,10,11,Panama
1890,2012-10-01,9,20,11,10,Panama
1891,2012-11-01,8,20,11,10,Panama
1892,2012-12-01,5,17,9,10,Panama
1893,2013-01-01,5,22,12,12,Panama
1894,2013-02-01,5,20,11,10,Panama
1895,2013-03-01,7,19,10,9,Panama
1896,2013-04-01,7,21,11,12,Panama
1897,2013-05-01,7,22,11,13,Panama
1898,2013-06-01,8,23,11,11,Panama
1899,2013-07-01,8,24,11,11,Panama
1900,2013-08-01,9,23,10,10,Panama
1901,2013-09-01,9,21,10,11,Panama
1902,2013-10-01,8,25,12,13,Panama
1903,2013-11-01,8,24,10,10,Panama
1904,2013-12-01,6,24,10,9,Panama
1905,2014-01-01,6,32,12,11,Panama
1906,2014-02-01,6,23,12,12,Panama
1907,2014-03-01,8,26,12,12,Panama
1908,2014-04-01,8,23,11,13,Panama
1909,2014-05-01,9,23,12,14,Panama
1910,2014-06-01,8,24,10,10,Panama
1911,2014-07-01,9,26,12,12,Panama
1912,2014-08-01,16,27,12,11,Panama
1913,2014-09-01,9,27,12,12,Panama
1914,2014-10-01,16,29,13,12,Panama
1915,2014-11-01,8,25,11,10,Panama
1916,2014-12-01,6,21,10,10,Panama
1917,2015-01-01,5,24,12,13,Panama
1918,2015-02-01,5,26,11,12,Panama
1919,2015-03-01,7,26,12,12,Panama
1920,2015-04-01,7,26,12,14,Panama
1921,2015-05-01,7,25,13,17,Panama
1922,2015-06-01,8,27,12,13,Panama
1923,2015-07-01,7,26,12,13,Panama
1924,2015-08-01,8,26,12,14,Panama
1925,2015-09-01,7,28,13,14,Panama
1926,2015-10-01,7,26,14,14,Panama
1927,2015-11-01,7,27,12,12,Panama
1928,2015-12-01,7,26,11,10,Panama
1929,2016-01-01,10,28,12,13,Panama
1930,2016-02-01,11,31,12,13,Panama
1931,2016-03-01,8,27,11,13,Panama
1932,2016-04-01,8,27,12,15,Panama
1933,2016-05-01,8,28,13,17,Panama
1934,2016-06-01,19,42,15,14,Panama
1935,2016-07-01,10,28,11,12,Panama
1936,2016-08-01,8,25,12,14,Panama
1937,2016-09-01,9,27,13,14,Panama
1938,2016-10-01,8,26,13,13,Panama
1939,2016-11-01,6,25,12,19,Panama
1940,2016-12-01,4,25,12,18,Panama
1941,2017-01-01,5,27,19,21,Panama
1942,2017-02-01,5,28,20,20,Panama
1943,2017-03-01,7,27,22,21,Panama
1944,2017-04-01,6,30,20,22,Panama
1945,2017-05-01,7,28,23,31,Panama
1946,2017-06-01,7,31,23,25,Panama
1947,2017-07-01,8,30,22,26,Panama
1948,2017-08-01,8,30,23,22,Panama
1949,2017-09-01,7,29,22,20,Panama
1950,2017-10-01,7,29,21,20,Panama
1951,2017-11-01,7,28,20,19,Panama
1952,2017-12-01,5,26,13,16,Panama
1953,2018-01-01,4,30,6,23,Panama
1954,2018-02-01,5,30,15,24,Panama
1955,2018-03-01,5,27,16,25,Panama
1956,2018-04-01,6,26,14,27,Panama
1957,2018-05-01,6,27,7,31,Panama
1958,2018-06-01,5,25,11,19,Panama
1959,2018-07-01,6,29,20,19,Panama
1960,2018-08-01,6,28,25,20,Panama
1961,2018-09-01,6,29,24,20,Panama
1962,2018-10-01,6,30,26,19,Panama
1963,2018-11-01,6,28,23,19,Panama
1964,2018-12-01,3,27,21,17,Panama
1965,2019-01-01,4,28,23,18,Panama
1966,2019-02-01,4,29,25,20,Panama
1967,2019-03-01,4,29,18,23,Panama
1968,2019-04-01,5,26,14,27,Panama
1969,2019-05-01,5,30,13,34,Panama
1970,2019-06-01,6,34,17,28,Panama
1971,2019-07-01,6,32,15,28,Panama
1972,2019-08-01,7,29,16,27,Panama
1973,2019-09-01,6,29,15,28,Panama
1974,2019-10-01,6,27,15,25,Panama
1975,2019-11-01,5,31,13,26,Panama
1976,2019-12-01,4,26,12,24,Panama
1977,2020-01-01,14,33,17,29,Panama
1978,2020-02-01,23,35,15,27,Panama
1979,2020-03-01,100,96,19,33,Panama
1980,2020-04-01,36,51,16,29,Panama
1981,2020-05-01,18,42,14,33,Panama
1982,2020-06-01,19,54,16,25,Panama
1983,2020-07-01,15,55,14,24,Panama
1984,2020-08-01,13,39,13,25,Panama
1985,2020-09-01,10,34,13,23,Panama
1986,2020-10-01,9,39,14,25,Panama
1987,2020-11-01,9,40,14,21,Panama
1988,2020-12-01,12,59,16,25,Panama
1989,2021-01-01,10,50,17,29,Panama
1990,2021-02-01,6,35,14,25,Panama
1991,2021-03-01,8,31,13,25,Panama
1992,2021-04-01,8,28,14,22,Panama
1993,2021-05-01,8,32,13,24,Panama
1994,2021-06-01,7,35,14,22,Panama
1995,2021-07-01,8,33,13,21,Panama
1996,2021-08-01,9,34,15,23,Panama
1997,2021-09-01,6,31,14,20,Panama
1998,2021-10-01,9,31,14,19,Panama
1999,2021-11-01,7,31,13,15,Panama
2000,2021-12-01,7,41,13,13,Panama
2001,2022-01-01,8,68,17,16,Panama
2002,2022-02-01,5,34,15,16,Panama
2003,2022-03-01,6,33,15,16,Panama
2004,2022-04-01,6,34,14,17,Panama
2005,2022-05-01,9,45,15,20,Panama
2006,2022-06-01,7,42,15,17,Panama
2007,2022-07-01,7,44,15,16,Panama
2008,2022-08-01,8,43,16,16,Panama
2009,2022-09-01,6,35,15,16,Panama
2010,2022-10-01,7,38,15,17,Panama
2011,2022-11-01,7,34,13,14,Panama
2012,2022-12-01,7,32,16,13,Panama
2013,2023-01-01,4,34,23,17,Panama
2014,2023-02-01,5,34,23,16,Panama
2015,2023-03-01,6,36,23,18,Panama
2016,2023-04-01,7,36,23,21,Panama
2017,2023-05-01,7,40,23,26,Panama
2018,2023-06-01,7,44,23,19,Panama
2019,2023-07-01,6,37,22,19,Panama
2020,2023-08-01,7,39,23,19,Panama
2021,2023-09-01,8,31,23,19,Panama
2022,2023-10-01,7,33,21,17,Panama
2023,2023-11-01,6,30,21,16,Panama
2024,2023-12-01,6,33,21,15,Panama
2025,2024-01-01,5,33,25,15,Panama
2026,2024-02-01,4,33,24,8,Panama
2027,2024-03-01,5,29,23,16,Panama
2028,2024-04-01,6,28,25,20,Panama
2029,2024-05-01,6,34,25,21,Panama
2030,2024-06-01,7,32,25,15,Panama
2031,2024-07-01,6,29,23,16,Panama
2032,2024-08-01,8,32,24,17,Panama
2033,2024-09-01,6,30,24,17,Panama
2034,2024-10-01,6,31,23,16,Panama
2035,2024-11-01,6,27,20,14,Panama
2036,2024-12-01,5,27,21,14,Panama
2037,2025-01-01,9,27,26,17,Panama
2038,2025-02-01,6,30,24,17,Panama
2039,2025-03-01,4,28,14,12,Panama
2040,2004-01-01,23,16,0,0,Uruguay
2041,2004-02-01,21,0,15,0,Uruguay
2042,2004-03-01,29,0,20,18,Uruguay
2043,2004-04-01,31,0,22,13,Uruguay
2044,2004-05-01,31,0,15,17,Uruguay
2045,2004-06-01,23,0,16,11,Uruguay
2046,2004-07-01,29,10,17,0,Uruguay
2047,2004-08-01,25,11,17,12,Uruguay
2048,2004-09-01,20,10,14,9,Uruguay
2049,2004-10-01,36,7,21,11,Uruguay
2050,2004-11-01,27,9,15,9,Uruguay
2051,2004-12-01,28,18,13,0,Uruguay
2052,2005-01-01,19,12,14,0,Uruguay
2053,2005-02-01,13,16,19,11,Uruguay
2054,2005-03-01,23,10,18,9,Uruguay
2055,2005-04-01,24,8,17,14,Uruguay
2056,2005-05-01,22,13,12,14,Uruguay
2057,2005-06-01,16,11,14,11,Uruguay
2058,2005-07-01,14,9,14,12,Uruguay
2059,2005-08-01,21,10,18,12,Uruguay
2060,2005-09-01,15,9,12,11,Uruguay
2061,2005-10-01,16,12,15,11,Uruguay
2062,2005-11-01,16,15,14,8,Uruguay
2063,2005-12-01,8,8,14,9,Uruguay
2064,2006-01-01,10,10,14,9,Uruguay
2065,2006-02-01,17,10,18,11,Uruguay
2066,2006-03-01,9,10,17,11,Uruguay
2067,2006-04-01,13,14,13,14,Uruguay
2068,2006-05-01,13,13,17,13,Uruguay
2069,2006-06-01,13,11,14,10,Uruguay
2070,2006-07-01,12,11,16,11,Uruguay
2071,2006-08-01,16,11,17,10,Uruguay
2072,2006-09-01,14,12,13,8,Uruguay
2073,2006-10-01,11,13,16,12,Uruguay
2074,2006-11-01,10,14,14,11,Uruguay
2075,2006-12-01,10,13,12,9,Uruguay
2076,2007-01-01,12,10,14,10,Uruguay
2077,2007-02-01,10,12,17,12,Uruguay
2078,2007-03-01,13,18,15,12,Uruguay
2079,2007-04-01,13,11,18,12,Uruguay
2080,2007-05-01,14,12,14,8,Uruguay
2081,2007-06-01,24,12,15,10,Uruguay
2082,2007-07-01,12,12,13,10,Uruguay
2083,2007-08-01,11,11,16,8,Uruguay
2084,2007-09-01,16,12,15,10,Uruguay
2085,2007-10-01,11,11,16,9,Uruguay
2086,2007-11-01,13,14,15,9,Uruguay
2087,2007-12-01,9,11,15,10,Uruguay
2088,2008-01-01,10,10,16,11,Uruguay
2089,2008-02-01,13,10,22,10,Uruguay
2090,2008-03-01,14,12,20,13,Uruguay
2091,2008-04-01,11,12,20,12,Uruguay
2092,2008-05-01,14,14,21,14,Uruguay
2093,2008-06-01,20,9,20,11,Uruguay
2094,2008-07-01,19,10,19,11,Uruguay
2095,2008-08-01,16,9,18,11,Uruguay
2096,2008-09-01,16,12,18,11,Uruguay
2097,2008-10-01,15,13,16,13,Uruguay
2098,2008-11-01,14,12,19,10,Uruguay
2099,2008-12-01,13,10,13,12,Uruguay
2100,2009-01-01,10,9,19,11,Uruguay
2101,2009-02-01,13,14,20,13,Uruguay
2102,2009-03-01,13,13,17,14,Uruguay
2103,2009-04-01,16,21,15,11,Uruguay
2104,2009-05-01,22,20,19,12,Uruguay
2105,2009-06-01,18,22,15,11,Uruguay
2106,2009-07-01,21,23,16,12,Uruguay
2107,2009-08-01,14,14,13,11,Uruguay
2108,2009-09-01,11,13,14,11,Uruguay
2109,2009-10-01,12,15,14,13,Uruguay
2110,2009-11-01,12,16,14,12,Uruguay
2111,2009-12-01,11,17,13,10,Uruguay
2112,2010-01-01,9,19,16,14,Uruguay
2113,2010-02-01,11,21,18,14,Uruguay
2114,2010-03-01,9,19,16,15,Uruguay
2115,2010-04-01,14,18,18,11,Uruguay
2116,2010-05-01,13,16,18,12,Uruguay
2117,2010-06-01,11,13,15,13,Uruguay
2118,2010-07-01,11,17,14,12,Uruguay
2119,2010-08-01,10,19,14,12,Uruguay
2120,2010-09-01,10,18,18,14,Uruguay
2121,2010-10-01,11,18,14,11,Uruguay
2122,2010-11-01,10,19,12,11,Uruguay
2123,2010-12-01,7,17,13,12,Uruguay
2124,2011-01-01,8,19,16,12,Uruguay
2125,2011-02-01,8,18,16,13,Uruguay
2126,2011-03-01,8,18,13,13,Uruguay
2127,2011-04-01,9,18,13,11,Uruguay
2128,2011-05-01,10,17,14,12,Uruguay
2129,2011-06-01,9,18,14,11,Uruguay
2130,2011-07-01,9,20,14,10,Uruguay
2131,2011-08-01,9,22,14,12,Uruguay
2132,2011-09-01,9,22,15,12,Uruguay
2133,2011-10-01,10,20,14,13,Uruguay
2134,2011-11-01,9,19,14,11,Uruguay
2135,2011-12-01,8,16,13,11,Uruguay
2136,2012-01-01,7,19,15,11,Uruguay
2137,2012-02-01,8,21,17,11,Uruguay
2138,2012-03-01,8,18,15,12,Uruguay
2139,2012-04-01,7,19,13,11,Uruguay
2140,2012-05-01,8,19,14,10,Uruguay
2141,2012-06-01,9,19,14,11,Uruguay
2142,2012-07-01,9,18,14,11,Uruguay
2143,2012-08-01,9,19,14,11,Uruguay
2144,2012-09-01,8,19,14,12,Uruguay
2145,2012-10-01,7,19,13,11,Uruguay
2146,2012-11-01,8,19,13,11,Uruguay
2147,2012-12-01,5,17,12,11,Uruguay
2148,2013-01-01,6,19,14,12,Uruguay
2149,2013-02-01,6,19,15,12,Uruguay
2150,2013-03-01,7,19,15,11,Uruguay
2151,2013-04-01,7,17,15,12,Uruguay
2152,2013-05-01,7,19,14,13,Uruguay
2153,2013-06-01,7,19,13,11,Uruguay
2154,2013-07-01,7,18,15,10,Uruguay
2155,2013-08-01,7,20,14,10,Uruguay
2156,2013-09-01,7,19,14,13,Uruguay
2157,2013-10-01,7,19,14,12,Uruguay
2158,2013-11-01,7,19,13,11,Uruguay
2159,2013-12-01,5,17,13,11,Uruguay
2160,2014-01-01,5,18,14,11,Uruguay
2161,2014-02-01,6,20,15,12,Uruguay
2162,2014-03-01,6,20,14,12,Uruguay
2163,2014-04-01,6,20,13,12,Uruguay
2164,2014-05-01,7,20,13,13,Uruguay
2165,2014-06-01,6,17,12,10,Uruguay
2166,2014-07-01,8,19,17,12,Uruguay
2167,2014-08-01,11,22,14,12,Uruguay
2168,2014-09-01,7,22,15,13,Uruguay
2169,2014-10-01,9,23,14,13,Uruguay
2170,2014-11-01,7,20,14,13,Uruguay
2171,2014-12-01,5,18,13,12,Uruguay
2172,2015-01-01,6,22,14,12,Uruguay
2173,2015-02-01,5,21,16,14,Uruguay
2174,2015-03-01,6,21,15,13,Uruguay
2175,2015-04-01,7,22,17,12,Uruguay
2176,2015-05-01,7,21,16,15,Uruguay
2177,2015-06-01,7,21,15,13,Uruguay
2178,2015-07-01,6,22,16,13,Uruguay
2179,2015-08-01,6,25,15,15,Uruguay
2180,2015-09-01,7,21,16,14,Uruguay
2181,2015-10-01,6,24,17,14,Uruguay
2182,2015-11-01,7,26,16,13,Uruguay
2183,2015-12-01,6,24,13,14,Uruguay
2184,2016-01-01,11,28,14,12,Uruguay
2185,2016-02-01,10,37,17,13,Uruguay
2186,2016-03-01,9,29,15,12,Uruguay
2187,2016-04-01,8,24,14,12,Uruguay
2188,2016-05-01,8,26,16,14,Uruguay
2189,2016-06-01,8,23,15,13,Uruguay
2190,2016-07-01,6,21,14,12,Uruguay
2191,2016-08-01,6,22,15,13,Uruguay
2192,2016-09-01,6,24,15,13,Uruguay
2193,2016-10-01,5,23,17,13,Uruguay
2194,2016-11-01,5,23,15,24,Uruguay
2195,2016-12-01,4,21,12,23,Uruguay
2196,2017-01-01,5,26,20,22,Uruguay
2197,2017-02-01,5,24,24,25,Uruguay
2198,2017-03-01,5,25,24,25,Uruguay
2199,2017-04-01,5,24,22,26,Uruguay
2200,2017-05-01,7,25,24,28,Uruguay
2201,2017-06-01,7,26,24,30,Uruguay
2202,2017-07-01,6,25,25,28,Uruguay
2203,2017-08-01,6,26,25,28,Uruguay
2204,2017-09-01,5,26,24,23,Uruguay
2205,2017-10-01,6,28,26,25,Uruguay
2206,2017-11-01,6,30,25,24,Uruguay
2207,2017-12-01,5,27,16,21,Uruguay
2208,2018-01-01,4,27,5,21,Uruguay
2209,2018-02-01,5,28,17,24,Uruguay
2210,2018-03-01,5,24,18,26,Uruguay
2211,2018-04-01,6,26,14,26,Uruguay
2212,2018-05-01,6,26,5,26,Uruguay
2213,2018-06-01,6,23,12,19,Uruguay
2214,2018-07-01,6,24,22,22,Uruguay
2215,2018-08-01,5,25,26,25,Uruguay
2216,2018-09-01,5,30,24,24,Uruguay
2217,2018-10-01,5,28,29,23,Uruguay
2218,2018-11-01,5,25,28,25,Uruguay
2219,2018-12-01,4,26,24,25,Uruguay
2220,2019-01-01,4,28,27,23,Uruguay
2221,2019-02-01,5,28,31,25,Uruguay
2222,2019-03-01,4,26,21,29,Uruguay
2223,2019-04-01,5,30,19,30,Uruguay
2224,2019-05-01,6,29,18,30,Uruguay
2225,2019-06-01,6,27,16,27,Uruguay
2226,2019-07-01,6,28,18,31,Uruguay
2227,2019-08-01,5,30,21,32,Uruguay
2228,2019-09-01,5,29,21,30,Uruguay
2229,2019-10-01,4,23,19,30,Uruguay
2230,2019-11-01,4,27,20,30,Uruguay
2231,2019-12-01,4,27,18,31,Uruguay
2232,2020-01-01,13,33,20,32,Uruguay
2233,2020-02-01,17,37,23,33,Uruguay
2234,2020-03-01,98,100,24,43,Uruguay
2235,2020-04-01,37,35,21,36,Uruguay
2236,2020-05-01,18,29,18,30,Uruguay
2237,2020-06-01,14,29,19,26,Uruguay
2238,2020-07-01,11,35,21,29,Uruguay
2239,2020-08-01,7,28,20,31,Uruguay
2240,2020-09-01,6,34,20,28,Uruguay
2241,2020-10-01,7,36,20,30,Uruguay
2242,2020-11-01,9,43,20,30,Uruguay
2243,2020-12-01,12,55,19,39,Uruguay
2244,2021-01-01,9,49,21,28,Uruguay
2245,2021-02-01,7,42,20,29,Uruguay
2246,2021-03-01,15,60,28,33,Uruguay
2247,2021-04-01,13,54,22,27,Uruguay
2248,2021-05-01,8,43,20,24,Uruguay
2249,2021-06-01,8,37,21,24,Uruguay
2250,2021-07-01,6,32,21,24,Uruguay
2251,2021-08-01,7,33,21,26,Uruguay
2252,2021-09-01,7,31,22,24,Uruguay
2253,2021-10-01,7,32,22,20,Uruguay
2254,2021-11-01,8,32,19,15,Uruguay
2255,2021-12-01,7,37,19,18,Uruguay
2256,2022-01-01,9,89,24,17,Uruguay
2257,2022-02-01,6,47,21,13,Uruguay
2258,2022-03-01,6,33,19,14,Uruguay
2259,2022-04-01,5,33,18,15,Uruguay
2260,2022-05-01,8,39,20,16,Uruguay
2261,2022-06-01,7,38,22,17,Uruguay
2262,2022-07-01,6,36,19,17,Uruguay
2263,2022-08-01,6,35,19,16,Uruguay
2264,2022-09-01,5,33,18,16,Uruguay
2265,2022-10-01,6,31,17,17,Uruguay
2266,2022-11-01,5,33,13,17,Uruguay
2267,2022-12-01,10,37,24,20,Uruguay
2268,2023-01-01,5,33,30,20,Uruguay
2269,2023-02-01,5,30,29,19,Uruguay
2270,2023-03-01,6,33,31,22,Uruguay
2271,2023-04-01,6,33,28,21,Uruguay
2272,2023-05-01,8,32,30,22,Uruguay
2273,2023-06-01,12,32,29,22,Uruguay
2274,2023-07-01,8,31,27,21,Uruguay
2275,2023-08-01,5,30,29,21,Uruguay
2276,2023-09-01,6,30,29,24,Uruguay
2277,2023-10-01,5,33,28,18,Uruguay
2278,2023-11-01,5,30,30,18,Uruguay
2279,2023-12-01,5,27,27,18,Uruguay
2280,2024-01-01,5,32,29,15,Uruguay
2281,2024-02-01,5,31,29,7,Uruguay
2282,2024-03-01,6,38,28,16,Uruguay
2283,2024-04-01,8,33,31,19,Uruguay
2284,2024-05-01,8,29,30,18,Uruguay
2285,2024-06-01,7,26,26,17,Uruguay
2286,2024-07-01,8,25,29,18,Uruguay
2287,2024-08-01,8,28,30,20,Uruguay
2288,2024-09-01,6,28,28,18,Uruguay
2289,2024-10-01,6,26,29,17,Uruguay
2290,2024-11-01,6,27,28,17,Uruguay
2291,2024-12-01,6,26,26,19,Uruguay
2292,2025-01-01,11,28,27,18,Uruguay
2293,2025-02-01,5,27,32,18,Uruguay
2294,2025-03-01,5,25,21,13,Uruguay
2295,2004-01-01,10,5,26,10,United States
2296,2004-02-01,10,4,26,10,United States
2297,2004-03-01,10,5,27,10,United States
2298,2004-04-01,9,5,27,10,United States
2299,2004-05-01,11,5,27,9,United States
2300,2004-06-01,9,5,28,10,United States
2301,2004-07-01,10,5,28,10,United States
2302,2004-08-01,10,5,29,11,United States
2303,2004-09-01,8,5,27,10,United States
2304,2004-10-01,7,5,26,10,United States
2305,2004-11-01,7,5,25,10,United States
2306,2004-12-01,6,5,24,9,United States
2307,2005-01-01,6,5,26,10,United States
2308,2005-02-01,8,6,26,10,United States
2309,2005-03-01,7,5,28,11,United States
2310,2005-04-01,7,5,28,10,United States
2311,2005-05-01,7,5,28,11,United States
2312,2005-06-01,6,5,29,10,United States
2313,2005-07-01,6,5,28,10,United States
2314,2005-08-01,6,5,29,10,United States
2315,2005-09-01,6,5,29,10,United States
2316,2005-10-01,6,5,27,10,United States
2317,2005-11-01,6,5,25,9,United States
2318,2005-12-01,6,5,24,9,United States
2319,2006-01-01,6,5,29,10,United States
2320,2006-02-01,7,5,27,10,United States
2321,2006-03-01,6,6,28,10,United States
2322,2006-04-01,5,5,27,10,United States
2323,2006-05-01,5,5,27,10,United States
2324,2006-06-01,4,5,29,10,United States
2325,2006-07-01,5,5,28,10,United States
2326,2006-08-01,5,5,30,10,United States
2327,2006-09-01,5,5,28,10,United States
2328,2006-10-01,5,5,28,9,United States
2329,2006-11-01,4,5,26,10,United States
2330,2006-12-01,5,5,24,9,United States
2331,2007-01-01,5,5,28,10,United States
2332,2007-02-01,5,5,28,10,United States
2333,2007-03-01,5,5,29,10,United States
2334,2007-04-01,4,5,28,10,United States
2335,2007-05-01,4,5,29,10,United States
2336,2007-06-01,4,5,29,10,United States
2337,2007-07-01,4,5,28,10,United States
2338,2007-08-01,5,5,30,10,United States
2339,2007-09-01,5,5,27,10,United States
2340,2007-10-01,5,6,28,11,United States
2341,2007-11-01,5,5,26,10,United States
2342,2007-12-01,4,5,24,9,United States
2343,2008-01-01,4,5,28,10,United States
2344,2008-02-01,5,6,27,10,United States
2345,2008-03-01,5,6,27,10,United States
2346,2008-04-01,5,5,28,10,United States
2347,2008-05-01,5,6,27,10,United States
2348,2008-06-01,4,5,28,10,United States
2349,2008-07-01,4,5,30,11,United States
2350,2008-08-01,5,5,27,10,United States
2351,2008-09-01,5,7,28,10,United States
2352,2008-10-01,5,7,27,11,United States
2353,2008-11-01,5,7,23,9,United States
2354,2008-12-01,5,7,25,9,United States
2355,2009-01-01,5,7,28,11,United States
2356,2009-02-01,5,8,27,11,United States
2357,2009-03-01,6,9,27,11,United States
2358,2009-04-01,8,8,26,11,United States
2359,2009-05-01,6,9,26,11,United States
2360,2009-06-01,5,9,29,12,United States
2361,2009-07-01,5,9,28,11,United States
2362,2009-08-01,5,9,27,11,United States
2363,2009-09-01,6,10,25,11,United States
2364,2009-10-01,6,12,27,12,United States
2365,2009-11-01,5,12,25,11,United States
2366,2009-12-01,5,10,22,9,United States
2367,2010-01-01,5,11,27,11,United States
2368,2010-02-01,5,11,24,11,United States
2369,2010-03-01,5,11,27,12,United States
2370,2010-04-01,5,11,26,11,United States
2371,2010-05-01,5,11,26,10,United States
2372,2010-06-01,4,10,27,11,United States
2373,2010-07-01,4,9,25,10,United States
2374,2010-08-01,4,9,25,11,United States
2375,2010-09-01,4,9,25,10,United States
2376,2010-10-01,4,9,23,10,United States
2377,2010-11-01,5,10,22,10,United States
2378,2010-12-01,4,9,20,10,United States
2379,2011-01-01,4,10,25,11,United States
2380,2011-02-01,4,10,24,11,United States
2381,2011-03-01,4,10,26,12,United States
2382,2011-04-01,4,9,23,10,United States
2383,2011-05-01,4,9,25,10,United States
2384,2011-06-01,4,9,26,11,United States
2385,2011-07-01,3,9,25,10,United States
2386,2011-08-01,3,10,25,11,United States
2387,2011-09-01,3,10,26,11,United States
2388,2011-10-01,3,8,24,11,United States
2389,2011-11-01,3,7,23,10,United States
2390,2011-12-01,4,7,22,9,United States
2391,2012-01-01,4,9,24,11,United States
2392,2012-02-01,4,10,23,10,United States
2393,2012-03-01,4,8,22,10,United States
2394,2012-04-01,4,8,24,11,United States
2395,2012-05-01,4,9,23,10,United States
2396,2012-06-01,4,9,24,10,United States
2397,2012-07-01,5,8,23,11,United States
2398,2012-08-01,7,8,24,11,United States
2399,2012-09-01,6,9,22,11,United States
2400,2012-10-01,4,9,23,11,United States
2401,2012-11-01,3,9,20,10,United States
2402,2012-12-01,4,9,19,9,United States
2403,2013-01-01,4,11,22,11,United States
2404,2013-02-01,4,9,22,11,United States
2405,2013-03-01,4,9,21,11,United States
2406,2013-04-01,3,8,22,11,United States
2407,2013-05-01,4,8,22,10,United States
2408,2013-06-01,3,8,22,10,United States
2409,2013-07-01,3,8,23,11,United States
2410,2013-08-01,3,8,23,11,United States
2411,2013-09-01,3,8,22,11,United States
2412,2013-10-01,3,8,22,11,United States
2413,2013-11-01,3,8,20,11,United States
2414,2013-12-01,3,8,20,11,United States
2415,2014-01-01,4,9,21,12,United States
2416,2014-02-01,4,8,21,11,United States
2417,2014-03-01,4,8,20,11,United States
2418,2014-04-01,4,8,22,12,United States
2419,2014-05-01,5,8,21,12,United States
2420,2014-06-01,3,8,22,12,United States
2421,2014-07-01,5,8,23,12,United States
2422,2014-08-01,7,8,22,12,United States
2423,2014-09-01,6,8,21,12,United States
2424,2014-10-01,13,9,22,13,United States
2425,2014-11-01,4,8,19,11,United States
2426,2014-12-01,4,8,19,11,United States
2427,2015-01-01,4,9,20,12,United States
2428,2015-02-01,4,8,19,12,United States
2429,2015-03-01,4,9,20,12,United States
2430,2015-04-01,4,8,20,12,United States
2431,2015-05-01,3,8,21,11,United States
2432,2015-06-01,3,8,22,12,United States
2433,2015-07-01,3,8,23,13,United States
2434,2015-08-01,3,7,22,13,United States
2435,2015-09-01,4,8,21,12,United States
2436,2015-10-01,3,8,21,13,United States
2437,2015-11-01,3,8,19,11,United States
2438,2015-12-01,3,8,18,11,United States
2439,2016-01-01,6,8,21,13,United States
2440,2016-02-01,10,8,21,14,United States
2441,2016-03-01,5,8,22,13,United States
2442,2016-04-01,5,8,22,13,United States
2443,2016-05-01,5,7,21,13,United States
2444,2016-06-01,5,7,22,12,United States
2445,2016-07-01,4,8,20,12,United States
2446,2016-08-01,6,7,21,13,United States
2447,2016-09-01,4,7,21,13,United States
2448,2016-10-01,3,7,20,13,United States
2449,2016-11-01,3,19,20,24,United States
2450,2016-12-01,3,20,19,21,United States
2451,2017-01-01,4,22,24,47,United States
2452,2017-02-01,4,23,26,58,United States
2453,2017-03-01,4,22,26,54,United States
2454,2017-04-01,3,23,25,62,United States
2455,2017-05-01,4,21,25,62,United States
2456,2017-06-01,3,22,26,56,United States
2457,2017-07-01,3,24,26,61,United States
2458,2017-08-01,3,21,28,63,United States
2459,2017-09-01,3,21,26,57,United States
2460,2017-10-01,3,22,26,60,United States
2461,2017-11-01,3,19,26,63,United States
2462,2017-12-01,3,22,19,55,United States
2463,2018-01-01,4,28,10,65,United States
2464,2018-02-01,4,29,21,65,United States
2465,2018-03-01,4,23,21,62,United States
2466,2018-04-01,3,23,18,56,United States
2467,2018-05-01,3,22,9,59,United States
2468,2018-06-01,3,22,16,26,United States
2469,2018-07-01,3,23,25,20,United States
2470,2018-08-01,3,21,28,19,United States
2471,2018-09-01,3,21,26,17,United States
2472,2018-10-01,4,23,25,20,United States
2473,2018-11-01,3,22,25,20,United States
2474,2018-12-01,3,22,24,20,United States
2475,2019-01-01,3,23,27,25,United States
2476,2019-02-01,4,24,26,24,United States
2477,2019-03-01,4,24,23,27,United States
2478,2019-04-01,3,22,21,40,United States
2479,2019-05-01,3,25,22,40,United States
2480,2019-06-01,3,23,22,38,United States
2481,2019-07-01,3,21,23,36,United States
2482,2019-08-01,3,21,21,40,United States
2483,2019-09-01,4,23,21,39,United States
2484,2019-10-01,4,22,22,39,United States
2485,2019-11-01,3,22,20,36,United States
2486,2019-12-01,4,22,19,34,United States
2487,2020-01-01,15,29,22,39,United States
2488,2020-02-01,23,32,22,38,United States
2489,2020-03-01,100,80,26,35,United States
2490,2020-04-01,37,39,21,31,United States
2491,2020-05-01,16,27,17,30,United States
2492,2020-06-01,10,31,19,32,United States
2493,2020-07-01,11,38,21,36,United States
2494,2020-08-01,7,29,19,34,United States
2495,2020-09-01,6,30,18,33,United States
2496,2020-10-01,7,33,22,38,United States
2497,2020-11-01,6,35,19,31,United States
2498,2020-12-01,7,36,19,31,United States
2499,2021-01-01,6,32,20,33,United States
2500,2021-02-01,5,22,21,29,United States
2501,2021-03-01,5,9,20,26,United States
2502,2021-04-01,4,8,20,19,United States
2503,2021-05-01,4,10,19,16,United States
2504,2021-06-01,4,11,21,16,United States
2505,2021-07-01,4,11,21,16,United States
2506,2021-08-01,6,12,23,17,United States
2507,2021-09-01,5,20,22,12,United States
2508,2021-10-01,4,16,20,14,United States
2509,2021-11-01,4,13,20,15,United States
2510,2021-12-01,5,16,20,15,United States
2511,2022-01-01,5,16,23,16,United States
2512,2022-02-01,4,10,20,16,United States
2513,2022-03-01,4,11,20,16,United States
2514,2022-04-01,4,21,19,16,United States
2515,2022-05-01,5,29,18,15,United States
2516,2022-06-01,4,31,21,15,United States
2517,2022-07-01,4,34,21,15,United States
2518,2022-08-01,4,33,20,17,United States
2519,2022-09-01,4,29,18,15,United States
2520,2022-10-01,4,29,19,16,United States
2521,2022-11-01,5,30,18,14,United States
2522,2022-12-01,5,29,19,14,United States
2523,2023-01-01,4,23,24,16,United States
2524,2023-02-01,5,26,24,15,United States
2525,2023-03-01,5,29,24,17,United States
2526,2023-04-01,4,27,24,15,United States
2527,2023-05-01,4,28,25,17,United States
2528,2023-06-01,3,25,25,16,United States
2529,2023-07-01,3,26,24,15,United States
2530,2023-08-01,4,26,24,16,United States
2531,2023-09-01,5,28,23,15,United States
2532,2023-10-01,4,25,25,17,United States
2533,2023-11-01,5,24,24,15,United States
2534,2023-12-01,5,23,22,14,United States
2535,2024-01-01,4,23,24,15,United States
2536,2024-02-01,5,23,24,13,United States
2537,2024-03-01,4,24,23,15,United States
2538,2024-04-01,4,23,24,17,United States
2539,2024-05-01,4,24,23,17,United States
2540,2024-06-01,3,22,22,15,United States
2541,2024-07-01,3,22,23,16,United States
2542,2024-08-01,5,21,24,17,United States
2543,2024-09-01,4,20,22,16,United States
2544,2024-10-01,4,20,23,17,United States
2545,2024-11-01,4,20,23,16,United States
2546,2024-12-01,5,21,21,16,United States
2547,2025-01-01,7,21,23,17,United States
2548,2025-02-01,5,23,24,17,United States
2549,2025-03-01,4,21,18,13,United States
