date,tavg,tmin,tmax,prcp,wdir,wspd,pres
2019-12-30,19.450377212449233,13.011834073833331,26.319135144558693,2.226111313933508,194.4311692322497,9.722816585174762,1016.1097360691971
2020-01-06,19.083391539222095,11.511171983101368,26.336976489794996,1.7572086212703346,119.68048024536527,11.313644855028432,1014.2481407582383
2020-01-13,20.0136235355406,14.086101277819447,26.512647208212663,1.8242704678799428,70.50032601031631,12.548238527086411,1012.8547727116446
2020-01-20,19.412923884104938,14.504581559704844,25.3246121863661,2.9916296194456646,218.7936424149726,9.854209187892064,1015.7186089667055
2020-01-27,19.66923493413666,13.603087055355246,25.94847682296836,2.7804969987034442,143.06209207045816,10.089568129433575,1015.4571010874932
2020-02-03,19.25823000000584,11.332153028980182,27.07809643943125,2.5150289483549346,158.4573776248301,9.93358918108797,1014.7849235502474
2020-02-10,20.10572581352064,13.412684433711139,26.937426962042654,8.745862476689693,61.43260517173498,11.776558318988668,1013.3767712227235
2020-02-17,19.93934583968913,14.48125748828932,26.45468129473209,6.054798814081104,153.1591536240101,11.356418594836823,1013.8597992562818
2020-02-24,19.92995451610798,14.86116512548223,26.019846964989615,8.855485026517796,185.90103944496082,10.395030893609702,1015.9016513838793
2020-03-02,20.33824191681291,14.087790661596726,27.282547226400016,3.1123011994482312,157.26453423337503,10.613678064568289,1014.7206063503445
2020-03-09,20.448371792773354,16.00495979057958,25.845879657032075,2.767224224202007,135.22149022290168,11.075754539949108,1015.2425253750862
2020-03-16,19.654588557622183,14.060956847140782,26.07143269092356,2.3884759337740564,191.23827999600994,11.219636075582732,1016.2117062586879
2020-03-23,20.003079818233836,14.529673131076137,25.878470478352636,1.866561049136342,180.78149758847002,10.676054856140182,1014.5491388980148
2020-03-30,20.31031988242209,15.607636723797924,25.801951130329,4.628406964224856,82.95758374118499,10.251907490588696,1013.9574892838972
2020-04-06,20.56757499206727,15.800335055628803,25.8745479746687,3.028124483385647,54.72069007438427,10.745448995235938,1014.8039521392822
2020-04-13,19.56457152568218,14.11298100464334,25.60809579902661,2.2409455676883874,158.25656619755742,9.985719600294349,1016.4993545019266
2020-04-20,19.83315338215693,14.608703394452196,25.966335067950645,4.637721662332193,121.42978617569686,8.996265743435353,1015.6429534588782
2020-04-27,20.283689699038664,15.006702072006595,25.65211907193595,2.294778585520698,60.876399011600064,10.006302044662016,1015.2355336805392
2020-05-04,20.999081936510077,15.773527050813072,25.548885483912585,2.211875850454354,62.74191409844495,10.270327040694612,1014.284738355317
2020-05-11,20.475638078607968,15.435180995265144,26.00410499617487,2.7298831635807903,128.84176515491347,8.831454525110976,1015.0752465847606
2020-05-18,20.745719815206183,15.443365008396848,25.686873050720997,2.301189060355074,94.22008030442375,9.845479057985234,1014.9515662224364
2020-05-25,19.703518077566798,15.200609817017076,24.75669439002661,4.341489107313143,172.33873137191745,8.455852299716508,1015.5110994916316
2020-06-01,19.681632316569623,15.089342168843375,24.842919602221315,4.443224750282494,53.93557270522405,8.199124879293437,1015.8648501670565
2020-06-08,19.483123723030406,14.615381707263694,25.242416972854414,4.3518927599602115,149.85884159820006,8.19018514143961,1015.5150690309405
2020-06-15,19.47479873460784,14.532145182738011,24.74347936280544,9.607573974338903,91.96536243107535,8.903902030861854,1014.6712658249943
2020-06-22,19.94674122356988,15.03520526598225,25.663170653863467,2.8156900696350506,55.441236879035706,9.709576545591892,1013.393216916182
2020-06-29,19.211437479579967,14.128154171268948,24.652090916154936,5.377202262799075,113.13489982983049,8.95473395130942,1013.8287510391689
2020-07-06,19.12810007367747,14.635140776738412,24.465933596374157,4.486324734508968,102.72691851274044,8.712352848765766,1015.1258983991287
2020-07-13,19.88760081896155,14.653336769157814,25.1123974571372,3.973730345518476,59.063530301287074,10.171960039234921,1014.0399389709803
2020-07-20,18.899470714149466,14.345086700845226,24.201898686430262,6.536991561394435,126.75918187884751,8.951428160028756,1014.898138485146
2020-07-27,19.906450512106293,14.299200646215251,25.380063131036852,7.486513534057531,70.3643090669646,9.999247330202147,1014.4627634142872
2020-08-03,20.21510321446616,14.878913449003708,25.218936708448858,1.9813494222428643,90.85088671642791,11.334226631363862,1014.234339986761
2020-08-10,20.045092871351756,15.141006478892427,25.339110548834586,3.5291602361509753,95.72261282199536,9.822755316197762,1013.7502249844295
2020-08-17,18.9600831170105,14.430298502893598,24.560599480744617,7.003239671039587,158.09013842996782,8.069284235286089,1014.4024011233406
2020-08-24,19.33211814439928,13.936920693811022,25.333568728586318,5.21138392836719,137.80842503062445,9.194137798848535,1014.7235943701592
2020-08-31,19.468095643042897,14.213601313525771,25.42082126932208,6.6145774473990455,126.05536383065882,8.68114084358955,1014.198412331546
2020-09-07,18.93242920990738,13.022767302512921,25.212056590263494,3.1119740452513627,182.55928249444202,8.665321132126422,1014.276884008969
2020-09-14,18.990953133769864,14.150876448516822,24.87352108073254,17.161337944107306,152.94756991797811,8.039830302387042,1014.9954194829461
2020-09-21,19.224434865127375,13.864325569867106,25.268481258204012,2.2051936611426037,87.64495018721139,9.022438768323685,1014.9650628891908
2020-09-28,18.660228774426994,13.699660026320776,24.17230331242045,5.058723071146618,117.07942478017037,9.158119559611748,1013.3695301577123
2020-10-05,18.29968437175046,13.205027442985982,24.449209725983586,5.86001110658438,98.83519814475935,8.726811061116223,1014.9161322952242
2020-10-12,18.95529670886305,13.276350551932314,24.863138808363384,5.7950644310675115,72.46949386884232,8.837206313979316,1013.2454249406331
2020-10-19,18.82990950129994,14.362403113969862,24.023511841599394,5.730117755550643,164.32298250687978,8.48791356877563,1014.1047151314335
2020-10-26,18.59605260035698,14.699830729511346,24.27333946523607,5.665171080033775,243.6538147851663,8.010475281949393,1014.4304525198171
2020-11-02,18.452806704260134,13.915363921295398,24.131118353391315,5.600224404516907,241.63031192620704,8.327830924561233,1014.251946891537
2020-11-09,18.2688249444552,14.86075967635318,23.90213488732499,5.535277729000039,268.9946008895725,7.587221672379424,1015.3722769385201
2020-11-16,18.12112272963201,14.409459969889529,23.57339524384398,5.470331053483171,220.25070568905105,7.102145361600521,1014.7082022501547
2020-11-23,18.559441183034156,14.43185734607122,24.38671425388141,5.4053843779663024,170.4187254316394,8.008526473834223,1014.161036147866
2020-11-30,18.692866279232753,14.28690692525576,24.074313847647538,5.340437702449434,136.5514030251307,8.286048084336196,1017.2579521825568
2020-12-07,18.3120572019985,12.81485293750323,24.273340644368368,5.275491026932566,168.98699596321416,8.28863930387702,1019.5392357500448
2020-12-14,18.720829075043337,13.557221921860702,24.447208392383846,5.210544351415699,82.65975526074169,9.253278172503219,1018.6232616571617
2020-12-21,18.401164424514086,13.84916231743968,24.194519514229075,5.14559767589883,152.2838078510367,8.892182605979425,1018.5278787885601
2020-12-28,18.39567915617796,14.090416928635946,24.150941586356623,4.997061536250224,165.28822863423335,8.950577509373913,1019.0647789726916
2021-01-04,17.858395903933936,13.116793243092312,23.330464368479333,4.246487361875535,133.4472930556025,8.392675368239855,1019.1140251583081
2021-01-11,18.369826842654984,12.683811215579242,24.88788236781986,4.03252599656157,157.9209206322541,8.859732613765654,1018.4574236705249
2021-01-18,18.028212021183702,12.265724177347346,24.81166850104384,3.791038190722987,132.32630906869,9.179373524270991,1018.284027434276
2021-01-25,18.540830365438207,12.364451516693688,25.09891100886074,3.5363398750434487,92.02210792450329,10.464871267121314,1017.776883878692
2021-02-01,19.26843024553466,13.45849136422318,25.373166846078437,4.921885648254374,80.51464030447812,9.993739149274068,1018.5753622689045
2021-02-08,18.908998559207202,14.463506778246085,24.652074745024798,3.2782650884425664,150.31650032485135,9.050962101874775,1018.6828811361149
2021-02-15,18.601583102226904,13.918650814782666,23.777277612082116,3.233644388951265,208.73061123978025,9.928645915586966,1019.7017769769103
2021-02-22,18.910932536774187,14.727336182223345,23.862764729740224,3.6500501367075664,88.61416205231554,10.138197408298373,1017.9779134618223
2021-03-01,18.14175851907007,14.493271677415992,23.121577490124643,3.3684023006426513,133.1971760482112,8.894680921416878,1018.7448259779911
2021-03-08,18.064333477979908,14.499138216130701,23.168542655763527,3.1749636060755377,174.74013975321512,9.27967719754538,1020.0682477219342
2021-03-15,17.666652980185162,13.462463689017765,23.590980435276645,3.5700109850952138,229.69221419324384,8.388841166587024,1018.307118539805
2021-03-22,18.269181149384025,14.113906827233686,24.166827840541178,3.493683781350625,144.81090220012064,8.768477838866751,1017.5005004619777
2021-03-29,19.382331556696275,15.340563330907917,24.10131012288719,3.4862170584623415,71.86134043113253,10.683866092217867,1012.4235147838705
2021-04-05,18.71603327214502,14.851181608429275,23.926963212095384,4.24212736064241,102.68911675756465,8.846302599113033,1016.8799145463709
2021-04-12,19.085732763248593,14.670825885219987,24.29043546739879,3.9739088525532154,112.694986485667,9.545615113535534,1018.6540567246186
2021-04-19,19.02738001887508,14.031996124179454,25.15048075443762,3.1695672328461972,154.19398029050808,9.079480983106258,1019.2378773462772
2021-04-26,18.180876929277794,14.809088460724926,23.030308619178065,2.704300464677324,197.32916064702428,7.870264768235087,1020.1559856488362
2021-05-03,18.421719577344096,14.833133261129431,23.86334115665722,2.4507190411789934,185.26555283316048,8.23788283184962,1020.7984067710315
2021-05-10,19.491449338002074,15.211398509794352,24.874451066083754,3.4559522350555363,56.06736314352878,9.946443909899589,1019.1108374076235
2021-05-17,19.466377850187335,14.939667160037049,24.743506770577614,3.4646656538703517,63.393860294590844,9.462338793991972,1019.603503344513
2021-05-24,19.183761121279247,15.291009906612727,23.795620445302827,3.884836245426698,129.59086519642693,9.170427999526053,1019.9755560416322
2021-05-31,19.197727543005296,15.055277004373059,24.426997897121705,2.921896141642598,75.13603372685061,9.012675380265417,1019.3537197501288
2021-06-07,18.290478121537124,14.721593992155729,23.00711836377861,3.116689316010196,97.89160062651773,7.475015325399758,1020.4624970765035
2021-06-14,18.78913294152839,14.567003156648491,23.686096332525768,3.0742807008455024,91.56164087231981,9.440161451508093,1020.7655661196613
2021-06-21,17.957437818857613,13.100590907259743,23.425324068144807,3.196157556405363,181.37934829325192,7.7211737406631,1020.7066179506004
2021-06-28,18.73072656751453,13.998522004652829,23.97637802786934,2.8813332412656325,125.76468372067096,9.312405694883433,1020.9005444023279
2021-07-05,18.971436170188202,14.309058035186807,24.20523999571228,2.7427882128195304,66.99188165775412,9.698581612216456,1019.8086992717765
2021-07-12,19.10497909160332,14.646768934642834,24.23035620641023,2.9388859338744524,62.97758697048355,10.94667463856722,1020.2337759811243
2021-07-19,18.979038100904052,14.669803651624024,23.84266218238764,2.4595789811118394,115.71442427836466,10.580053365775157,1020.1884968599913
2021-07-26,18.917611928400408,14.552308648265974,24.551480745104744,2.6553023970273624,73.07724414529731,9.765824025223141,1020.6154637712534
2021-08-02,18.637548760922467,13.868651156813991,23.96895938498707,2.596001977978045,127.81055034792166,10.718479830491193,1021.9261967656455
2021-08-09,18.878124308230753,14.6428597266097,23.999370940344154,2.784770808656046,98.55179576423355,9.079974629728435,1021.1475788386779
2021-08-16,18.341354051560597,14.647700919896952,23.270090926565995,2.3898399930658933,139.5301251213329,7.58878168102183,1019.629289967979
2021-08-23,18.85061091108161,14.46610007282348,24.746563815189415,3.0036677797051694,101.42312082609044,8.737381817393423,1018.5921175399842
2021-08-30,18.58122917797167,13.855903382677605,23.895640259591406,1.9645235829624796,96.25910701102258,8.511625206413726,1020.0274975669809
2021-09-06,18.58392498696207,14.457737528054304,23.688899862648064,2.4836268093448948,106.54689422442071,8.433913591001172,1020.4157818438288
2021-09-13,18.62724766190218,12.994070336681085,24.374155681731565,1.889890063888383,117.51040131201997,9.291241661810039,1020.6284708478336
2021-09-20,18.78455076398862,14.446810835876544,24.230881151730753,1.9574015152623325,110.29204230093545,9.587141576769287,1019.9104089499933
2021-09-27,18.39988645605711,13.24762721541423,24.382563224751852,1.375444976973279,125.9309805011558,8.17670412794164,1019.4554468183511
2021-10-04,19.184201870251684,14.748137897374935,24.65284923117153,1.8651031579382475,161.30010626673626,8.59743261179015,1018.2847773333812
2021-10-11,18.720502421620996,14.160660536471907,24.22023582715649,1.6669680865825947,221.16422275481509,7.966711876672201,1019.9153235288246
2021-10-18,18.282122282324753,13.463359861631469,24.1060985030522,1.44194314684748,192.363994067007,7.833823410629885,1020.4863988049871
2021-10-25,18.62644505250207,14.66415612449874,23.495345185463805,0.9333001751825689,195.79525597933716,7.930139912771643,1020.5972647672155
2021-11-01,18.471492878546176,13.81985389275785,24.17859185415931,1.001307194654036,244.92899407036197,8.246963646758378,1019.8749822376815
2021-11-08,18.720864739542797,14.632692870309539,24.119470347108464,0.883485970545067,207.1912176011045,8.402482937407893,1019.3830056442314
2021-11-15,19.060799852584065,13.91615234174557,24.880545427289103,1.3064353841642284,210.0918186185488,8.965195475346464,1018.7159526032946
2021-11-22,18.323552717105123,14.377816072214916,23.463092764359125,3.676293999368132,219.03200023291245,7.1921916836612665,1019.3292592322163
2021-11-29,19.15740992914409,14.374493134629605,24.866396079367686,2.823932275887926,117.90540694534126,8.958767098113258,1019.3054340098225
2021-12-06,19.407213912952425,14.658239583854279,24.8602295665454,0.8429938978735942,172.40373700027163,9.021450116787795,1019.1248591469255
2021-12-13,19.067043528544684,14.074282592345778,24.74343518276773,12.758811062863344,133.65880600254258,8.727866683701134,1019.0993694083924
2021-12-20,19.810281647241336,15.011056781722605,25.413677878000364,1.728206876335442,218.5347557723363,8.785427464780772,1020.0542222259519
2021-12-27,19.308010443344838,14.502392624581162,25.238231383990932,2.6746290317356354,224.72205770297634,8.227503620717465,1019.8473711816571
2022-01-03,18.70100712844695,13.198369553666376,25.340978072428396,1.4360914687096107,159.5899697453468,8.886526082467926,1020.0140957208953
2022-01-10,18.455788579536584,13.806073731270093,23.935370808272133,1.4385886084781014,166.149161037245,9.110594196773244,1021.1602684378607
2022-01-17,19.42399576661947,14.067056742717964,25.635037135582724,0.7400526933895,133.54652585886222,9.572569474644505,1019.6341778099819
2022-01-24,19.150547694107157,13.3858465084889,25.079002958383608,1.4396252047754614,224.57726992618072,10.545155199480467,1019.7162939296429
2022-01-31,18.73132829777824,12.880429397192403,25.15560451091303,1.2311182879304394,225.198654765092,9.144340170639733,1019.7619118848705
2022-02-07,18.912617749076425,14.754461041372886,24.497327174643225,3.28888974825167,200.30982975109765,8.950278918484925,1019.1238978358621
2022-02-14,19.080160151876196,14.621880389580388,24.674137394166248,2.1157643007443476,220.57433052204496,10.17299800808799,1019.6750248508632
2022-02-21,19.140081952099738,14.751502253428725,24.695927318421866,3.595663988286895,197.32503890377575,9.918291700191181,1019.8081482928616
2022-02-28,18.551620100430682,15.313913414277726,23.21013977090489,6.341205654407838,175.56715823408695,8.858067500705477,1020.1528850342264
2022-03-07,18.676244756779607,12.889458351438119,24.508155773108392,1.7027751323724407,228.37633866158882,9.428053764814608,1019.9412218575427
2022-03-14,19.05005512542829,14.041987802927668,24.916073830524535,2.6646334721300806,235.04737979997503,9.279832672350173,1019.6052422308978
2022-03-21,19.445117909787577,15.519559565434955,24.586021230289553,3.938113821071048,119.91618580330187,8.992823957104445,1018.7966139064395
2022-03-28,19.187605163848648,15.022415460770963,24.52786487986714,2.0002824359612137,118.9034415679915,9.055394620449407,1019.6750242338996
2022-04-04,19.550797066749816,15.07766015211584,25.02873327779442,4.401605769536017,138.86117602952802,9.042763112563835,1019.2915905738466
2022-04-11,19.67335752091722,14.85897164853112,25.361051737523052,1.486181408507454,99.17416551393396,9.692691901641968,1018.8119960136837
2022-04-18,18.562280856935477,14.923632627822487,23.74855091174615,3.19847774847587,248.93418299491535,7.656041187752009,1020.6644508091028
2022-04-25,18.741848181819424,14.681991947911618,24.329225697460913,6.973053491668828,147.90591320398727,8.197999819111178,1019.7189537935374
2022-05-02,19.3323307109857,14.741939629231595,24.930845722513986,3.887088300052988,130.42143574885787,8.190372562391763,1021.0660748601042
2022-05-09,19.68719569353195,15.64146307720433,25.213253185764724,5.638012214674964,120.38729717095826,8.098616092459686,1019.7358555141519
2022-05-16,19.137606949818583,15.105606109528225,24.302929018583335,7.1948847180587,94.75251813264909,7.91010059633619,1022.4804274138465
2022-05-23,19.292099709912996,14.862126603857863,24.49503635862698,4.38632153727857,81.03134268749359,9.134335145262796,1020.2237658989122
2022-05-30,18.473030411743586,14.493627241853034,23.582935182292804,6.616493123458032,138.97349834980997,7.632179653395651,1020.4312601721095
2022-06-06,18.459146381660197,14.626207039656489,23.448755096168707,6.326372603731805,191.73290851387077,7.49084886693649,1020.6320975414781
2022-06-13,18.036589047167045,14.098295132007141,23.25439028750944,8.329454468053669,197.51595639744582,7.22370206061717,1020.7207106773056
2022-06-20,18.22436968136388,14.3980705267895,23.50029705311649,3.855870988607603,152.76033103438613,7.704328279626616,1020.3994888222029
2022-06-27,18.649300376885407,14.157759102606008,24.075129769516813,6.179133788633233,146.5916671967063,7.767106713276691,1020.9731532476101
2022-07-04,19.410839903362948,14.42873278980068,24.65536272483015,4.203556263076761,87.70327265418776,9.56462930501213,1020.611082320352
2022-07-11,19.30686526408378,14.439024853965478,24.96954875855221,3.888245439517703,91.38000141187045,9.09382847391348,1020.851984369456
2022-07-18,18.936257952130273,14.027425241080453,24.350942260572257,4.213152469085792,105.84682347142868,9.028452213444174,1020.5270862335739
2022-07-25,18.706401030412717,14.485147974210333,24.114874216433467,6.79671658642176,136.3962703388056,8.54933750885175,1021.031555803073
2022-08-01,18.933232776123784,14.96933168760931,24.52675113524554,6.832955908519684,76.26479367175996,8.991861243058953,1019.8330776725428
2022-08-08,19.134391189600723,14.302028296299445,24.514295844512855,4.9083544214162815,126.02303943047785,9.861264833059826,1021.2112383354355
2022-08-15,19.02469993635429,13.346563693190983,24.93107124533414,4.8451840608243755,99.94046090363666,9.508520327958632,1020.6580001314271
2022-08-22,18.802611246647015,13.783166641208208,24.873065158640536,3.407020105368131,135.87524618739425,8.925945306829592,1020.5797948728781
2022-08-29,18.834282008844696,14.67100906586923,24.32263614722461,4.607714535270797,148.12442005974594,9.028972545481038,1019.5215667124345
2022-09-05,19.337226961294977,13.948385654409753,24.93356080464277,6.995796647641621,94.1686527358223,9.389920608734542,1020.502065510179
2022-09-12,18.481480170579257,13.403998176262833,24.56581167288166,4.400882404218963,139.87450880271425,8.153415087795606,1020.78511082133
2022-09-19,18.050919222910757,13.204625964520712,24.009719517669428,5.63410992395306,216.69983260333393,7.791626685383318,1020.7473368138266
2022-09-26,18.721660934439512,13.781624354428946,24.655602484867597,22.590933534721376,197.95465914243064,9.024471044634513,1020.5081648820344
2022-10-03,18.74052494584337,14.28950422982079,24.01054912358024,5.448757772291509,159.8177192634944,8.286567180254805,1019.8093159146061
2022-10-10,18.653358305367153,13.508693549178542,24.348435237187743,4.756759849157999,129.5508994243077,8.13133882885738,1020.6010395904876
2022-10-17,18.730389016146326,14.643729873471676,23.89372633682421,8.24569268449721,239.4083332738591,7.937135994905206,1020.3625469538207
2022-10-24,18.906834450764922,14.828949370135591,23.52118799966583,6.4933280537639435,246.13935822775872,8.231503202576544,1020.3285996912516
2022-10-31,18.708073064269794,14.392889025840846,23.527237857585146,6.250730405062426,213.3663200368721,8.496791500431817,1020.3999452566883
2022-11-07,18.256998640179308,14.295920869061774,23.1100501464979,9.748611415126854,231.67271347549655,7.783837492299176,1020.9931981533166
2022-11-14,19.018079506571407,14.506045940898156,23.601766828383436,5.0797594593468585,173.9196261155809,7.69906429466505,1019.6335383935303
2022-11-21,18.724879985129437,14.219517890769765,23.346636167232354,5.686326087820172,238.83408182422795,8.560385216505088,1019.812601256631
2022-11-28,18.26774762856611,14.25012830618916,22.93019889640042,6.7102362524953145,225.33193283487736,8.970403297457342,1018.9366650574202
2022-12-05,18.202414416987217,13.836996406039408,23.16449512851973,3.7287221097091665,220.39980247233487,8.709295611452275,1019.4997795749715
2022-12-12,18.289272925146268,12.482130336835672,24.275115432957936,2.0291004608395005,140.9951446104521,8.69665220087659,1018.8670347960712
2022-12-19,18.82009133831071,12.742822768926834,25.086208673041245,1.2803340284019848,99.44790841570558,9.723242477700712,1019.588311174017
2022-12-26,18.53789207933095,13.469856187635544,23.90679528926748,3.241824303240145,232.154809041907,8.760821925586514,1020.8176247321361
2023-01-02,18.507416055644047,14.372038089549482,23.281377785136026,6.022227924777613,134.23191786479805,8.799830212164602,1021.2478011729819
2023-01-09,18.383535620244526,14.636145468702344,23.382730964756384,8.052323771714752,202.6406723295377,8.87437908439321,1021.1799338473946
2023-01-16,18.405409902931858,13.615150437445864,23.66172198472177,2.8930633075757166,136.92768834726115,9.398764747551995,1019.7169824687641
2023-01-23,18.496270463418288,11.764698797063193,24.890241625829216,1.313477897295287,119.7458081577582,10.781650843774722,1019.176080826612
2023-01-30,18.418697961949054,11.532230185147176,24.8774390299535,1.3922177285841748,171.71146363778712,11.077171895210212,1019.3285572924386
2023-02-06,19.280801615287157,13.346555089687104,25.164366383571917,3.1609283517921756,78.69505957144338,11.090509442892321,1018.6027934608944
2023-02-13,19.186383340814018,13.767025863171384,24.6504637295561,5.435425501913106,97.37737915137906,10.221522887982493,1018.9138585141109
2023-02-20,18.689632861484345,13.455638693131508,24.36754121592929,3.128219531058758,182.09931713032043,10.284780147187801,1020.5599330833359
2023-02-27,20.08524038018163,15.379600708884103,25.144860328393122,5.246701648149178,91.30059083580352,10.570277215561065,1019.3051406157876
2023-03-06,18.29099223601092,14.83428206025832,22.870011471599927,9.603215252181526,236.6309268331731,8.809538433650424,1020.8277540887318
2023-03-13,18.606320826027694,14.548859769082583,23.12322664840385,9.480669685308785,230.24837023380766,8.866353346801786,1020.7916581958361
2023-03-20,19.322791821583984,14.618453110219807,24.423586669269415,4.410209009373497,219.7733952105907,10.667140489414672,1020.1620207310023
2023-03-27,19.12422142799499,14.81195323406129,23.950581565229633,7.833603623478986,103.63279055097028,9.80740357346137,1019.8590163809998
2023-04-03,19.379009504471032,14.56732651785594,24.126403125125837,3.371788426724834,128.82412351902286,9.969384431889585,1019.0666420151402
2023-04-10,19.343433412047595,14.854757457483261,24.968730647508174,6.260566536678206,105.73186826807738,9.677628622491886,1019.6129189623396
2023-04-17,19.127219585705344,14.948889987223366,24.026399014650018,7.45225588655735,191.07630082726004,8.792417263123548,1019.9421004798103
2023-04-24,19.318879298679104,15.121944864010132,23.997257351453552,5.152188569564087,137.50126972920557,8.7962714062919,1020.9869044327269
2023-05-01,20.428436482617478,14.510278437811094,25.879648538370308,1.5727706762053408,77.63676075473495,11.361601335241494,1019.4761959513061
2023-05-08,20.382391363814488,15.439450104779663,25.452642560595166,3.6074881619472747,94.34247100735527,10.654559722420798,1020.5080326627454
2023-05-15,20.10188856277836,15.29304484049842,25.369026308099674,6.194490664858441,125.71644984451343,8.8389219299863,1020.9591323744971
2023-05-22,19.604544234283843,15.633013864747358,24.539690709220558,8.374101994577675,126.85705543655044,7.870096597750361,1020.5938946571927
2023-05-29,19.595088880695823,14.60562310565297,24.79283332745562,4.885451765997487,143.39499225706436,8.318877659542995,1020.9080455666941
2023-06-05,19.575551724630433,14.53626761004919,24.577832770314917,5.813055340903667,78.9110393167753,8.809758571982531,1021.9526396465754
2023-06-12,20.254333231455924,15.02991238830575,24.700207445266425,3.6179070731128165,87.52982544089298,11.15445255028185,1020.4730860927004
2023-06-19,20.579116669638637,15.413675265491033,25.844358066938643,2.7115707759408036,92.95173515366848,9.874854028655394,1020.1997950173591
2023-06-26,20.301767125536763,15.139525483255188,25.316234702888632,3.3956706328444826,76.35351725974158,10.224844137632326,1020.4912400740876
2023-07-03,19.280885027359584,14.56997515615168,24.269358303310607,4.645945614265647,136.17424051682858,7.917965071168527,1020.9050681757316
2023-07-10,20.251871478204748,14.31241212594376,25.042484305184626,2.8768130891004846,65.14767903512066,10.621037627881265,1019.7140483288606
2023-07-17,20.495632863000612,15.442980500702662,25.22957219044294,1.3109028144698962,84.90450815673253,11.900524064317539,1021.2087488040123
2023-07-24,20.452056895782427,15.379544146052831,25.295584491492793,4.1357762901114405,86.72074589738217,10.164565732499383,1021.2653434376618
2023-07-31,20.428356286946627,14.988592867530587,25.39767035449634,2.2498688747755873,84.75781231570883,11.302890657918471,1022.0122339803441
2023-08-07,20.167726375567423,14.89223726140494,25.00351007882659,2.5543733854977724,98.18041790755413,9.721779738257762,1021.4927436368208
2023-08-14,20.030332077734162,14.76971453438195,25.64672109905671,5.313549644574555,128.3354897689455,9.254893904017958,1019.5411855229233
2023-08-21,19.773971552108783,14.487012874520925,25.282812885833664,5.9110890625083465,131.6789186295801,9.813462065384172,1019.9460061472746
2023-08-28,20.532688743276786,13.963317575231272,25.98471118495851,2.1887922225579794,93.32229270158918,11.216118585650191,1020.9770909875914
2023-09-04,20.20997555055519,14.34792329080041,25.323676410446343,3.445287428355004,83.44910524648951,10.116175347164628,1020.6493395577124
2023-09-11,20.31816437303946,14.026582607479684,25.60406567276808,2.5999716022501427,74.77172054679593,10.755340663156128,1020.5721685677147
2023-09-18,19.837569961636113,13.609257222902059,26.012635508562806,2.752559172051002,63.61082073305182,10.14036859613552,1019.9260725522054
2023-09-25,20.41268734831183,14.071434039572683,26.16469316857828,4.115144690448187,145.60766160973571,9.51863225707796,1020.2249312883916
2023-10-02,19.39552902054751,14.497704283132363,25.25669112918274,7.9658307516939635,191.10941286676183,8.580891806115451,1020.6609284498662
2023-10-09,19.346827666431984,14.216674700699281,26.200084315732262,5.021633140581907,135.65562276710733,8.775460694627192,1020.7003064607115
2023-10-16,18.86364458332049,14.228478079726516,24.53703459329221,3.5726714984495174,134.80839395588038,9.312077579222713,1020.6445107439998
2023-10-23,18.530057417430303,14.488413046195378,23.97841861899672,9.525844093442748,246.14964180693238,8.28779928601462,1020.0198572330116
2023-10-30,18.657550758036837,15.0831265743081,24.168604827908528,7.646682425553005,257.36347458895915,7.266827825727084,1019.6288677281918
2023-11-06,19.792501001106082,15.418182115968905,25.004676193890408,4.814700721588497,115.9177578402708,8.651833054797835,1019.4507441294638
2023-11-13,19.562503218253344,14.775730063684664,25.483221530918094,6.250189870084825,180.6644698844294,8.989329712803224,1020.1094555433035
2023-11-20,18.980348659499935,14.155596062521443,24.829611612494176,4.704982093636221,164.64589218940839,8.741224732348725,1020.4747429864674
2023-11-27,19.216266305711645,12.896203642261515,25.43501840359454,0.7144696399968241,151.80125746574865,10.199856990820951,1019.7995032181026
2023-12-04,19.27394382099323,13.55801686264103,25.32158260621613,1.9025375796352404,95.94827657648099,10.323226258880277,1019.3558325593542
2023-12-11,19.49374624348303,14.694347969389652,25.424447402209346,4.54020224255605,163.52027061065297,9.15122180952766,1018.6458643402026
2023-12-18,19.810996442168374,14.66221261101128,25.917042146040995,3.1516733152763448,136.60158138204898,9.487142661683936,1019.6165212263888
2023-12-25,19.37927058547772,14.869657451314499,25.026106099894708,3.7880230224291247,187.16315126870833,8.61781612850848,1021.8134558241819
2024-01-01,19.278840463440332,12.857456705086674,25.5568471085382,1.0683480787176773,157.60571398315818,9.928428985813682,1020.7745235933397
2024-01-08,19.271199144658517,13.108592887398904,26.0136116084508,1.9497728620077193,186.83127800392364,9.570861932271681,1020.5320050729916
2024-01-15,19.723037638843696,13.454998691958929,25.908402103632945,1.3413601349253885,63.08637840336309,12.418779479560083,1020.3088738532394
2024-01-22,19.499755191841622,12.345987929422616,26.23532792320819,3.659186918254278,132.45225412193713,11.655942334163454,1020.8099047406148
2024-01-29,19.743051919457574,14.820167484504955,26.12753192522566,6.129955914732889,176.73159933995709,10.338815238869755,1020.7436520418189
2024-02-05,19.55431704400652,14.749336559006794,25.21154495932925,3.647557068928706,123.97112161116779,9.695579067790964,1020.6849398344559
2024-02-12,20.621530068461773,14.498387820317674,26.678843795740427,0.9964521103729247,136.56935954769463,10.463541319488533,1020.3957901568393
2024-02-19,19.4512138081732,13.001694004032275,26.105155669523008,2.357172058339547,202.11129975554738,12.371421262850934,1021.3214162002301
2024-02-26,19.88725113223479,14.099991027886569,26.484996985462256,2.1513784746886055,198.90958228075917,11.041912151698499,1020.8982387652144
2024-03-04,20.32879957784359,14.984103511628206,26.277462217498794,7.067514311788837,102.58760619124975,10.695377510691833,1020.140323893758
2024-03-11,20.775425441436738,15.739720238941603,26.60666967967943,2.1738420577420157,81.1573367274692,12.032706295365825,1019.4778085555541
2024-03-18,20.287591135771525,14.82806246678865,26.1752662055945,3.6338590899434413,165.7920791226772,10.284697733759698,1020.4754317176279
2024-03-25,18.948709494025348,14.47802076205956,25.27334249855286,6.932706726717433,158.0070611038134,10.381400274675988,1021.3437652485592
2024-04-01,19.700821569699652,15.083926461400292,25.341873065142956,7.737041130665456,117.44493791939739,10.028815828906469,1020.9679641971268
2024-04-08,20.278256537105285,13.911087233403249,27.250054715862117,1.1963893944634723,38.837417383422725,11.606518914885623,1020.1935059040342
2024-04-15,19.842094629985326,15.147084765932627,26.188234170348036,7.069043024499438,178.89142984613792,9.834143314924555,1020.4196935983157
2024-04-22,19.391513066498533,15.831953365471033,24.784097471834286,9.07023095811183,126.52941151763342,8.648645234835701,1020.5298964268169
2024-04-29,19.799547671633302,15.55445415891835,24.681198267925485,6.892186178046207,167.0472891812808,8.152360325059949,1019.7414884667403
2024-05-06,19.71791395905302,15.928134718618583,24.89666030244405,10.16488031766231,123.19401196653016,8.51624303799595,1020.2863266067594
2024-05-13,19.957346057735183,15.406555274776158,24.92428492818009,7.179987752402888,89.91077032765581,9.266936295406522,1020.7597369334829
2024-05-20,19.627889149712825,14.804479496686048,24.268845121253417,4.930589173749133,127.00879126818165,9.254526287878434,1021.0670803125723
2024-05-27,19.878713321029092,15.138760193176156,25.599829697156927,6.741502871350795,111.01868225639346,8.98754706122285,1021.0562783804418
2024-06-03,19.6199246318072,15.13030288089456,24.690700859307302,6.796218711682416,129.91161711007476,9.64920953162265,1021.5652158228817
2024-06-10,18.94355383495935,14.812304295013268,24.10994283580359,7.003996802909029,132.6180068852605,7.900783586358522,1021.3735696174043
2024-06-17,18.86579675421597,14.586416269934293,24.278397278856293,7.558052990734542,144.55145842984825,8.137117955693846,1020.4014668404549
2024-06-24,18.71903766136112,14.619974054244391,24.069116967750524,7.014895445032468,166.71389682684773,8.078098283350444,1021.4559645786122
2024-07-01,18.95850595262168,14.756245315532437,24.504119210038176,6.700860847967024,111.67378709657591,8.756702549979034,1020.7103540937013
2024-07-08,19.528979811359225,13.967275027545286,25.53643366734675,2.3704798070326367,75.49113808165357,10.507638943298014,1020.8887418458781
2024-07-15,19.573558863647673,14.296547651703987,25.035745892458674,3.964001099345321,81.77761072706438,10.283508686475884,1021.5532225198532
2024-07-22,19.59096461382254,14.410261175032627,24.95581231607483,3.362036694497385,80.30851057331238,10.252045705040326,1021.6488744238507
2024-07-29,19.567249261475943,14.10382242008974,25.956528970606577,3.1409067591149893,85.30906076010898,11.048197503195727,1021.5221993407775
2024-08-05,18.827573652175893,13.374343360637369,24.59237668905852,9.523904007239876,99.28615135381968,8.888740805446387,1021.2074032226044
2024-08-12,19.47237322447727,13.385073176098789,25.980984825564594,2.548784626761171,74.92198327347437,11.584161133231605,1021.4872116482927
2024-08-19,19.275438347128265,13.79470938800871,25.200098650548306,3.929511024785019,84.72832092831467,9.945033014562753,1021.0298833142485
2024-08-26,19.318160349705376,13.274597855471436,25.692373734082157,39.52895641438329,131.17008973795268,10.963841802503863,1020.5168911777617
2024-09-02,20.081848722621057,14.239685201862661,26.24760566613363,3.069475521439681,139.73518370624464,10.563686101130552,1020.0704505794055
2024-09-09,20.198336531304438,14.425951149683183,26.51884200637196,1.792747665383496,82.38533259531252,11.583533581999257,1020.3925458358752
2024-09-16,19.980900864499205,13.801648136106612,26.149574747007275,3.244292155541625,135.0720353959983,11.36736880948464,1019.7690760886895
2024-09-23,18.780020854935227,13.532400138551878,24.96146445735519,6.173831868258492,167.10634963421515,8.850299938815171,1020.9212254746261
2024-09-30,18.439818109571345,13.716465710409825,24.953220931644356,5.662280438655131,231.95855976351686,8.331133266723931,1021.166199669042
2024-10-07,18.904410109205067,14.084975996503037,24.96794501854729,8.558498386975915,183.732576068137,9.22926321720799,1021.299609233624
2024-10-14,19.47400085264706,13.614148845113586,25.773878800184786,6.435501773591454,135.17114921592784,9.803919658070457,1020.7742299094296
2024-10-21,19.564529178282772,14.317111824575383,25.31319433807706,6.083889119422358,112.48055520546362,9.424482380903319,1020.0171374782522
2024-10-28,19.06170780850369,14.858563374670497,24.313084296360653,10.240663237168677,210.3292658009605,8.986522636012156,1019.7635578020243
2024-11-04,18.355666166307515,14.326093608997857,23.97411256138493,8.83861977210675,253.321032963184,8.281996659665438,1020.1403714092736
2024-11-11,18.163321171570836,14.539468079506134,23.20822387350589,8.137549592254654,200.23400541486563,7.573879632388392,1019.9811590104302
2024-11-18,18.606932313551905,14.491014942533813,23.872201594465512,8.625686504579372,203.46392736784864,8.231969861402197,1020.5540123829298
2024-11-25,18.834077633581728,13.732379874611926,24.827365095852297,22.830974362891713,90.42222532272528,9.673642088365366,1020.3044666720768
2024-12-02,19.036162680067182,13.892360058057662,25.848276200900084,12.784247222298253,197.1951536104509,9.545046663573308,1019.5684234844477
2024-12-09,18.86506695783859,13.703137095627367,24.861928298017006,1.5090921869056797,154.49674478984554,10.64664643252919,1019.1229450084878
2024-12-16,19.32511893823438,14.351254110356,25.81835978838884,2.4766366174937167,76.17866628888979,9.419621424741113,1020.7542900178677
2024-12-23,18.97964194958343,14.954641310616633,24.802459179084213,4.109291341507071,211.90576779928182,8.708465300564798,1020.7280556645045
2024-12-30,18.392926100729348,14.770807659525305,23.58513675993996,5.59906562619082,234.63034776324716,8.152352553759677,1020.1485579144562
