time,tavg,tmin,tmax,prcp,snow,wdir,wspd,wpgt,pres,tsun
2023-01-01,26.4,25.0,29.0,2.2,,89.0,16.8,,1014.0,
2023-01-02,26.2,24.8,29.0,1.9,,97.0,18.5,,1014.4,
2023-01-03,26.2,22.9,29.0,4.6,,89.0,16.9,,1014.6,
2023-01-04,26.2,25.0,28.0,2.0,,94.0,17.3,,1014.5,
2023-01-05,26.6,25.0,29.0,1.4,,98.0,18.0,,1014.3,
2023-01-06,25.8,23.7,28.0,12.9,,102.0,19.6,,1014.1,
2023-01-07,25.9,25.0,27.8,1.2,,106.0,18.2,,1014.3,
2023-01-08,26.6,25.0,29.0,1.4,,99.0,16.8,,1014.5,
2023-01-09,26.2,24.9,28.0,2.1,,107.0,17.5,,1013.9,
2023-01-10,26.3,24.5,29.5,0.2,,111.0,16.3,,1013.5,
2023-01-11,25.9,24.0,29.0,1.3,,101.0,15.0,,1014.4,
2023-01-12,26.6,25.0,28.8,0.8,,104.0,16.6,,1014.2,
2023-01-13,26.2,24.6,29.0,0.8,,117.0,15.6,,1012.9,
2023-01-14,26.4,24.0,30.0,0.0,,117.0,15.6,,1013.0,
2023-01-15,25.9,23.0,29.0,0.0,,100.0,12.0,,1013.7,
2023-01-16,26.0,23.0,28.5,0.7,,102.0,13.5,,1013.2,
2023-01-17,26.5,24.0,30.0,0.1,,113.0,15.8,,1012.7,
2023-01-18,26.3,24.0,29.0,0.5,,108.0,16.5,,1013.8,
2023-01-19,26.3,24.0,29.0,1.8,,109.0,18.9,,1014.7,
2023-01-20,25.9,24.0,28.0,3.0,,95.0,23.4,,1015.3,
2023-01-21,26.2,24.8,28.0,2.2,,100.0,23.1,,1014.3,
2023-01-22,26.3,24.0,29.0,1.1,,107.0,21.8,,1013.8,
2023-01-23,26.5,25.0,28.1,1.6,,110.0,23.0,,1014.5,
2023-01-24,26.7,25.9,29.0,0.6,,103.0,24.2,,1014.6,
2023-01-25,26.8,25.1,29.0,0.0,,103.0,23.9,,1013.9,
2023-01-26,26.0,23.2,30.0,0.7,,95.0,23.3,,1013.9,
2023-01-27,26.6,24.0,29.4,0.0,,91.0,20.4,,1014.2,
2023-01-28,24.5,22.7,28.0,0.0,,109.0,14.5,,1014.4,
2023-01-29,25.4,24.0,27.0,1.8,,93.0,21.1,,1014.2,
2023-01-30,24.9,22.0,28.0,0.5,,111.0,13.3,,1014.3,
2023-01-31,26.3,23.9,29.0,0.5,,86.0,15.2,,1014.4,
2023-02-01,25.5,22.0,29.0,2.7,,99.0,17.2,,1015.0,
2023-02-02,25.7,23.0,28.5,0.0,,108.0,19.4,,1015.4,
2023-02-03,26.3,24.0,29.5,0.0,,106.0,22.0,,1015.1,
2023-02-04,26.3,24.0,29.0,0.5,,109.0,21.2,,1016.1,
2023-02-05,26.8,25.0,29.2,0.9,,105.0,25.3,,1015.3,
2023-02-06,26.9,25.0,30.0,0.8,,106.0,23.5,,1014.4,
2023-02-07,26.5,25.0,29.0,1.6,,89.0,23.0,,1014.1,
2023-02-08,26.7,25.0,30.0,0.8,,88.0,23.0,,1014.0,
2023-02-09,26.9,25.7,29.1,2.6,,82.0,24.2,,1014.0,
2023-02-10,26.3,24.0,29.0,2.1,,99.0,24.6,,1013.8,
2023-02-11,26.5,25.0,29.1,1.5,,102.0,24.3,,1012.9,
2023-02-12,26.3,25.0,28.6,1.8,,107.0,24.2,,1012.2,
2023-02-13,26.2,24.0,29.0,2.7,,105.0,20.5,,1012.0,
2023-02-14,26.4,25.0,28.4,1.6,,88.0,19.4,,1013.0,
2023-02-15,26.3,24.5,29.0,2.5,,86.0,23.9,,1014.2,
2023-02-16,26.4,25.0,29.6,1.2,,93.0,23.3,,1014.0,
2023-02-17,26.0,24.0,29.3,0.6,,95.0,21.5,,1013.6,
2023-02-18,26.0,24.0,29.0,1.4,,84.0,19.1,,1014.6,
2023-02-19,26.0,23.0,29.0,1.4,,99.0,17.7,,1014.6,
2023-02-20,26.5,25.0,29.8,7.6,,87.0,24.1,,1014.4,
2023-02-21,26.2,23.0,29.0,1.2,,98.0,19.4,,1014.6,
2023-02-22,26.6,25.0,29.0,0.9,,88.0,21.6,,1016.6,
2023-02-23,26.4,23.8,30.0,0.4,,99.0,20.1,,1017.2,
2023-02-24,26.7,25.0,30.0,0.4,,80.0,21.1,,1016.8,
2023-02-25,26.0,24.0,29.0,2.5,,88.0,19.5,,1015.8,
2023-02-26,26.2,23.7,29.1,0.3,,104.0,18.1,,1014.4,
2023-02-27,26.3,23.0,29.2,0.0,,103.0,19.5,,1014.0,
2023-02-28,26.4,24.9,29.0,0.0,,101.0,21.3,,1014.2,
2023-03-01,26.8,25.0,29.3,0.7,,101.0,22.6,,1014.2,
2023-03-02,26.7,25.0,30.0,0.0,,100.0,23.9,,1013.0,
2023-03-03,26.5,25.0,30.0,0.6,,101.0,26.9,,1012.0,
2023-03-04,26.9,25.0,29.0,0.0,,104.0,26.7,,1012.3,
2023-03-05,27.1,25.7,30.0,0.0,,102.0,26.0,,1012.7,
2023-03-06,26.7,25.6,29.0,0.7,,90.0,23.9,,1013.2,
2023-03-07,26.7,25.0,29.4,0.0,,99.0,20.0,,1012.4,
2023-03-08,26.4,24.0,29.1,0.2,,94.0,17.1,,1012.2,
2023-03-09,26.8,25.0,29.5,2.3,,75.0,16.0,,1012.9,
2023-03-10,26.6,25.0,29.0,0.0,,69.0,16.8,,1013.9,
2023-03-11,26.8,24.0,30.0,0.0,,84.0,16.0,,1013.3,
2023-03-12,26.8,25.6,29.0,1.1,,92.0,15.8,,1014.0,
2023-03-13,27.3,25.0,30.0,0.0,,100.0,19.8,,1014.5,
2023-03-14,27.1,25.0,29.4,0.0,,105.0,21.2,,1014.5,
2023-03-15,27.2,24.9,31.0,0.0,,113.0,22.8,,1013.6,
2023-03-16,26.8,25.0,29.0,0.0,,95.0,20.9,,1013.0,
2023-03-17,27.0,24.2,30.0,0.2,,94.0,20.0,,1013.9,
2023-03-18,27.0,25.0,30.0,0.0,,101.0,20.9,,1014.7,
2023-03-19,27.0,25.0,30.0,0.0,,99.0,20.4,,1014.8,
2023-03-20,27.0,24.6,30.0,1.4,,103.0,22.6,,1015.4,
2023-03-21,26.9,25.0,30.0,0.5,,98.0,23.2,,1015.2,
2023-03-22,27.2,25.0,30.0,1.1,,90.0,22.2,,1014.7,
2023-03-23,27.2,25.0,30.0,1.4,,85.0,20.3,,1014.4,
2023-03-24,27.0,24.0,30.0,1.6,,89.0,17.3,,1013.6,
2023-03-25,26.5,24.9,29.0,0.9,,82.0,19.6,,1014.3,
2023-03-26,27.4,25.0,30.2,0.0,,102.0,25.8,,1014.5,
2023-03-27,27.2,25.6,30.0,0.0,,96.0,26.8,,1014.5,
2023-03-28,27.2,25.8,30.0,0.2,,99.0,24.3,,1013.9,
2023-03-29,27.0,25.0,30.0,1.1,,100.0,23.5,,1013.5,
2023-03-30,26.9,25.0,29.8,1.4,,95.0,24.2,,1013.9,
2023-03-31,27.1,25.4,30.0,0.1,,92.0,24.9,,1015.1,
2023-04-01,26.3,25.0,29.0,2.2,,92.0,24.3,,1014.7,
2023-04-02,27.0,25.0,30.0,0.9,,89.0,23.9,,1013.9,
2023-04-03,27.3,25.5,30.1,0.0,,99.0,23.2,,1012.5,
2023-04-04,27.4,25.7,30.0,0.0,,97.0,24.8,,1011.7,
2023-04-05,27.3,25.5,30.0,0.0,,93.0,22.4,,1011.8,
2023-04-06,27.5,25.6,31.0,0.0,,93.0,21.1,,1011.5,
2023-04-07,27.1,25.7,29.0,0.2,,102.0,20.1,,1011.7,
2023-04-08,27.0,26.0,29.2,0.0,,100.0,20.4,,1012.6,
2023-04-09,27.4,25.9,30.3,0.1,,109.0,24.3,,1012.5,
2023-04-10,27.1,25.8,30.0,0.0,,100.0,23.5,,1012.1,
2023-04-11,27.3,25.7,29.7,0.0,,107.0,23.4,,1011.6,
2023-04-12,27.2,25.4,30.0,0.0,,106.0,21.2,,1011.6,
2023-04-13,27.0,25.0,30.0,0.0,,101.0,21.2,,1011.2,
2023-04-14,27.1,25.0,30.0,0.0,,93.0,21.4,,1011.7,
2023-04-15,27.4,25.0,30.3,0.0,,100.0,20.6,,1012.8,
2023-04-16,27.3,25.0,30.0,0.0,,100.0,20.0,,1012.9,
2023-04-17,27.4,25.6,30.2,0.0,,92.0,19.4,,1011.9,
2023-04-18,27.4,25.0,31.0,0.1,,96.0,18.2,,1011.7,
2023-04-19,27.2,24.7,31.0,0.0,,103.0,20.5,,1012.5,
2023-04-20,27.5,25.9,30.0,0.7,,92.0,22.2,,1012.6,
2023-04-21,27.4,26.0,30.0,1.0,,91.0,17.7,,1010.8,
2023-04-22,27.4,25.0,30.0,0.5,,78.0,10.2,,1009.5,
2023-04-23,27.6,25.0,30.3,0.4,,57.0,7.0,,1010.3,
2023-04-24,27.1,24.0,29.0,0.2,,41.0,7.5,,1011.2,
2023-04-25,27.7,24.8,31.0,0.0,,91.0,13.2,,1012.0,
2023-04-26,27.7,24.9,31.2,0.0,,99.0,16.3,,1011.8,
2023-04-27,27.8,25.0,31.2,0.0,,90.0,16.0,,1011.9,
2023-04-28,27.8,25.9,31.0,0.0,,100.0,16.1,,1011.8,
2023-04-29,28.1,26.4,31.0,0.0,,97.0,18.9,,1012.2,
2023-04-30,28.0,26.0,31.3,0.0,,97.0,20.9,,1012.6,
2023-05-01,28.1,26.0,31.0,0.0,,109.0,21.5,,1012.1,
2023-05-02,28.1,26.0,32.0,0.0,,105.0,20.5,,1011.8,
2023-05-03,27.9,26.0,30.6,0.0,,105.0,22.7,,1010.6,
2023-05-04,28.2,26.0,31.0,0.0,,107.0,24.8,,1011.5,
2023-05-05,28.1,26.5,31.0,0.0,,100.0,25.4,,1012.0,
2023-05-06,28.0,26.8,31.0,0.0,,107.0,27.4,,1012.8,
2023-05-07,28.1,26.5,30.7,0.0,,102.0,26.7,,1011.8,
2023-05-08,28.1,26.8,30.0,0.1,,107.0,24.0,,1011.5,
2023-05-09,28.1,26.8,30.7,0.3,,107.0,24.7,,1012.4,
2023-05-10,28.0,26.4,30.6,0.0,,108.0,26.5,,1012.7,
2023-05-11,27.7,26.0,31.0,0.0,,98.0,20.2,,1012.7,
2023-05-12,27.8,25.9,30.2,0.0,,100.0,21.8,,1012.1,
2023-05-13,28.0,26.8,30.2,0.2,,107.0,23.1,,1011.7,
2023-05-14,27.6,26.6,29.0,4.1,,111.0,25.4,,1012.6,
2023-05-15,27.7,26.0,30.0,0.4,,101.0,20.9,,1013.7,
2023-05-16,28.0,26.0,31.0,0.1,,96.0,20.2,,1012.7,
2023-05-17,28.2,26.0,31.5,0.0,,100.0,16.8,,1012.4,
2023-05-18,28.0,26.0,30.5,0.0,,101.0,23.6,,1011.6,
2023-05-19,28.2,26.7,31.0,0.0,,94.0,23.3,,1011.7,
2023-05-20,28.3,26.7,31.0,0.4,,101.0,22.4,,1010.3,
2023-05-21,27.9,26.7,30.0,0.3,,101.0,18.2,,1009.5,
2023-05-22,28.8,26.6,33.0,3.6,,114.0,13.8,,1010.4,
2023-05-23,28.5,25.9,32.6,0.0,,108.0,16.3,,1010.8,
2023-05-24,28.6,26.8,31.1,0.0,,105.0,20.5,,1009.5,
2023-05-25,28.3,27.0,31.0,0.0,,102.0,19.0,,1008.9,
2023-05-26,28.4,26.8,31.0,0.0,,100.0,18.5,,1010.6,
2023-05-27,28.8,27.0,32.2,0.0,,106.0,19.7,,1012.2,
2023-05-28,28.5,27.0,32.0,0.0,,102.0,17.5,,1012.0,
2023-05-29,28.8,26.9,32.0,0.3,,98.0,19.6,,1011.1,
2023-05-30,28.7,26.6,31.9,0.6,,100.0,18.9,,1011.0,
2023-05-31,28.6,27.0,31.0,0.0,,107.0,22.4,,1011.3,
2023-06-01,29.2,27.0,32.2,0.0,,108.0,21.1,,1010.7,
2023-06-02,29.3,27.0,33.0,0.3,,113.0,20.6,,1010.0,
2023-06-03,30.1,27.0,35.1,0.0,,119.0,18.8,,1008.4,
2023-06-04,30.1,27.6,34.6,0.0,,110.0,18.2,,1009.3,
2023-06-05,29.5,27.6,33.0,0.0,,105.0,19.8,,1011.2,
2023-06-06,29.3,27.6,32.0,0.7,,103.0,20.2,,1012.0,
2023-06-07,29.5,27.8,32.0,0.0,,110.0,23.5,,1012.1,
2023-06-08,29.1,27.9,31.5,0.0,,102.0,24.8,,1013.2,
2023-06-09,29.6,27.0,33.0,0.0,,110.0,24.2,,1013.0,
2023-06-10,29.3,27.7,32.0,2.8,,103.0,23.0,,1012.7,
2023-06-11,29.3,27.0,32.0,1.2,,98.0,22.0,,1013.3,
2023-06-12,29.4,27.0,32.0,0.3,,99.0,23.0,,1013.0,
2023-06-13,29.2,27.9,31.2,0.2,,100.0,22.6,,1011.9,
2023-06-14,29.3,27.7,32.0,2.8,,103.0,25.0,,1012.3,
2023-06-15,29.1,27.0,31.0,3.7,,105.0,25.9,,1012.8,
2023-06-16,29.0,27.9,31.0,2.1,,102.0,24.6,,1013.6,
2023-06-17,28.9,27.0,31.0,3.0,,103.0,21.6,,1013.7,
2023-06-18,28.7,25.8,33.0,0.1,,118.0,23.2,,1013.3,
2023-06-19,28.8,27.0,31.0,0.2,,103.0,24.1,,1012.7,
2023-06-20,28.8,27.0,31.0,0.0,,105.0,23.8,,1012.3,
2023-06-21,28.9,27.0,32.0,0.1,,98.0,20.8,,1011.5,
2023-06-22,29.2,27.0,32.0,1.1,,105.0,19.6,,1011.6,
2023-06-23,28.7,26.9,32.0,1.5,,64.0,12.5,,1011.8,
2023-06-24,28.4,26.8,31.3,10.5,,129.0,23.3,,1010.5,
2023-06-25,29.2,27.5,32.0,0.0,,106.0,22.6,,1011.6,
2023-06-26,29.1,27.0,32.0,0.1,,101.0,19.9,,1012.4,
2023-06-27,29.0,27.0,32.0,0.0,,98.0,16.0,,1012.2,
2023-06-28,28.7,26.0,32.0,4.8,,91.0,13.5,,1010.8,
2023-06-29,30.1,27.0,35.0,0.0,,114.0,23.3,,1010.8,
2023-06-30,29.3,27.9,33.0,0.0,,113.0,26.6,,1011.4,
2023-07-01,29.4,27.9,33.0,0.0,,105.0,25.1,,1011.8,
2023-07-02,29.3,27.7,32.1,0.4,,100.0,18.1,,1011.4,
2023-07-03,29.6,27.8,32.8,0.1,,96.0,19.7,,1012.8,
2023-07-04,29.5,27.8,32.0,1.5,,89.0,16.9,,1012.7,
2023-07-05,29.3,28.0,32.0,5.9,,107.0,28.0,,1014.0,
2023-07-06,29.3,27.8,32.0,0.1,,100.0,23.9,,1013.2,
2023-07-07,29.3,27.0,32.1,0.0,,96.0,20.9,,1012.6,
2023-07-08,29.2,27.0,33.0,0.0,,95.0,18.8,,1012.8,
2023-07-09,29.5,27.9,32.2,0.1,,100.0,22.1,,1013.7,
2023-07-10,29.4,27.8,33.0,3.8,,93.0,20.2,,1013.0,
2023-07-11,28.7,27.3,33.0,9.6,,98.0,18.9,,1012.3,
2023-07-12,29.2,27.0,32.0,0.1,,102.0,19.5,,1011.4,
2023-07-13,29.5,27.4,32.0,0.1,,99.0,21.5,,1011.1,
2023-07-14,29.5,28.0,33.0,1.7,,92.0,23.4,,1011.8,
2023-07-15,28.2,26.0,30.6,5.2,,100.0,20.6,,1012.3,
2023-07-16,29.2,27.0,32.0,4.5,,97.0,23.5,,1012.3,
2023-07-17,29.2,27.0,32.0,0.0,,98.0,18.7,,1013.2,
2023-07-18,29.3,27.9,32.0,1.1,,103.0,21.9,,1014.6,
2023-07-19,29.2,27.7,31.0,0.0,,102.0,21.7,,1015.1,
2023-07-20,29.4,28.0,33.0,0.0,,105.0,23.7,,1014.0,
2023-07-21,29.2,27.8,31.4,0.0,,103.0,23.5,,1013.0,
2023-07-22,28.9,27.8,31.0,0.1,,104.0,21.5,,1012.9,
2023-07-23,29.3,27.8,32.2,0.1,,103.0,23.8,,1014.5,
2023-07-24,29.3,27.7,32.0,0.0,,96.0,23.3,,1015.0,
2023-07-25,28.5,27.3,31.3,2.5,,82.0,14.9,,1012.5,
2023-07-26,28.6,26.0,32.0,0.6,,110.0,17.9,,1010.8,
2023-07-27,29.6,28.0,32.0,0.3,,105.0,24.5,,1012.0,
2023-07-28,29.6,28.0,32.0,0.5,,98.0,23.7,,1013.6,
2023-07-29,29.2,28.0,32.0,0.1,,98.0,22.1,,1013.7,
2023-07-30,29.7,27.7,32.0,0.0,,100.0,22.3,,1012.9,
2023-07-31,29.5,27.0,32.0,0.0,,103.0,21.5,,1012.7,
2023-08-01,29.9,27.7,34.1,0.0,,109.0,20.6,,1013.7,
2023-08-02,29.9,27.9,33.0,0.0,,105.0,20.2,,1014.1,
2023-08-03,29.5,27.0,33.0,0.0,,100.0,16.2,,1013.4,
2023-08-04,29.6,27.0,33.2,0.2,,105.0,18.3,,1012.6,
2023-08-05,29.7,27.9,32.1,0.0,,104.0,21.6,,1012.9,
2023-08-06,29.9,28.0,33.4,0.0,,105.0,22.0,,1012.7,
2023-08-07,29.8,27.8,34.5,0.0,,105.0,18.6,,1013.4,
2023-08-08,29.7,27.6,32.0,0.0,,102.0,19.8,,1013.1,
2023-08-09,29.8,27.9,32.2,0.0,,105.0,18.2,,1012.0,
2023-08-10,29.8,28.0,32.3,0.0,,104.0,21.2,,1011.8,
2023-08-11,29.8,28.0,32.3,0.0,,109.0,23.5,,1012.5,
2023-08-12,29.9,28.0,33.0,0.7,,96.0,16.6,,1012.6,
2023-08-13,29.5,28.0,32.0,0.0,,105.0,21.0,,1011.6,
2023-08-14,30.1,28.0,34.0,0.4,,106.0,21.4,,1011.8,
2023-08-15,29.8,27.0,33.0,1.1,,99.0,13.3,,1011.5,
2023-08-16,29.5,27.0,33.0,1.5,,105.0,12.3,,1011.5,
2023-08-17,29.6,26.8,33.0,0.0,,103.0,15.8,,1011.4,
2023-08-18,30.2,27.6,35.0,1.2,,91.0,14.1,,1009.6,
2023-08-19,29.8,28.0,32.0,4.0,,92.0,12.6,,1008.7,
2023-08-20,28.9,26.4,32.0,5.0,,71.0,8.2,,1006.7,
2023-08-21,28.9,26.0,31.0,0.4,,154.0,8.8,,1005.8,
2023-08-22,29.5,28.0,32.5,0.3,,109.0,13.7,,1006.6,
2023-08-23,30.0,27.0,34.0,1.7,,89.0,9.8,,1008.9,
2023-08-24,30.2,28.0,33.0,0.1,,81.0,10.7,,1010.6,
2023-08-25,30.0,28.0,33.0,0.0,,96.0,11.2,,1010.3,
2023-08-26,30.3,27.0,33.0,0.0,,101.0,11.4,,1008.9,
2023-08-27,30.8,28.0,34.5,0.0,,108.0,15.0,,1009.1,
2023-08-28,31.3,28.9,37.0,0.0,,111.0,22.2,,1010.4,
2023-08-29,30.4,29.0,33.0,0.3,,108.0,21.4,,1012.6,
2023-08-30,30.0,28.0,33.0,0.0,,107.0,21.4,,1011.4,
2023-08-31,30.6,28.6,34.4,0.0,,110.0,25.0,,1011.2,
2023-09-01,30.4,28.7,33.5,0.0,,100.0,23.2,,1011.9,
2023-09-02,30.1,28.0,33.0,0.0,,95.0,18.3,,1009.9,
2023-09-03,30.6,28.7,34.1,0.9,,105.0,19.0,,1010.0,
2023-09-04,30.3,28.8,33.0,0.0,,106.0,21.6,,1011.0,
2023-09-05,30.0,28.6,33.0,0.4,,106.0,22.4,,1012.3,
2023-09-06,30.2,28.0,33.8,0.0,,102.0,22.3,,1011.2,
2023-09-07,30.1,28.0,32.7,0.0,,100.0,20.5,,1010.0,
2023-09-08,29.8,28.0,32.0,0.8,,100.0,21.0,,1010.4,
2023-09-09,29.9,27.0,33.0,0.0,,101.0,19.4,,1010.6,
2023-09-10,30.1,28.0,33.0,0.1,,92.0,18.0,,1010.9,
2023-09-11,30.3,27.7,34.0,0.0,,90.0,16.5,,1010.3,
2023-09-12,30.5,27.6,33.7,0.0,,97.0,14.4,,1009.5,
2023-09-13,30.9,28.0,34.9,0.0,,106.0,14.3,,1008.8,
2023-09-14,31.3,29.0,36.0,0.0,,112.0,20.7,,1009.1,
2023-09-15,30.5,29.0,33.0,0.2,,104.0,21.0,,1009.9,
2023-09-16,30.5,28.9,33.0,0.0,,94.0,21.2,,1010.8,
2023-09-17,30.2,28.0,33.0,0.0,,98.0,19.7,,1010.6,
2023-09-18,30.4,28.0,33.0,0.0,,107.0,18.8,,1010.6,
2023-09-19,30.6,29.0,34.0,0.0,,101.0,19.8,,1010.8,
2023-09-20,30.4,28.0,33.0,0.0,,103.0,19.5,,1010.7,
2023-09-21,30.6,29.0,33.5,0.0,,88.0,17.0,,1010.2,
2023-09-22,30.5,28.6,34.6,4.2,,103.0,19.5,,1009.1,
2023-09-23,30.5,28.6,33.2,0.2,,103.0,20.8,,1008.8,
2023-09-24,31.0,29.0,35.0,0.0,,110.0,23.3,,1010.0,
2023-09-25,30.6,29.0,33.5,1.3,,100.0,21.4,,1011.3,
2023-09-26,30.6,29.0,34.0,0.0,,94.0,18.7,,1011.2,
2023-09-27,30.5,28.0,34.0,0.0,,82.0,13.5,,1009.9,
2023-09-28,30.2,27.0,34.0,0.0,,99.0,11.3,,1008.7,
2023-09-29,30.6,28.0,34.0,0.0,,101.0,14.8,,1009.0,
2023-09-30,30.7,28.0,34.0,0.1,,95.0,13.6,,1009.3,
2023-10-01,30.4,28.0,33.0,0.0,,90.0,11.5,,1008.8,
2023-10-02,30.5,28.0,34.0,0.0,,83.0,8.2,,1007.4,
2023-10-03,30.1,26.0,33.1,0.0,,86.0,10.7,,1007.1,
2023-10-04,28.8,26.9,32.0,8.6,,108.0,9.4,,1009.0,
2023-10-05,29.8,26.6,33.0,2.2,,100.0,7.0,,1010.9,
2023-10-06,30.0,27.0,32.7,5.4,,66.0,8.3,,1011.2,
2023-10-07,28.7,27.0,31.0,5.2,,124.0,12.9,,1010.9,
2023-10-08,30.1,28.0,33.0,0.9,,110.0,17.8,,1010.2,
2023-10-09,30.6,29.0,33.3,0.0,,108.0,20.2,,1010.7,
2023-10-10,30.3,28.0,33.1,0.0,,105.0,22.0,,1010.8,
2023-10-11,30.2,28.0,33.1,0.9,,103.0,20.4,,1010.1,
2023-10-12,30.5,28.5,34.0,0.0,,107.0,19.9,,1009.7,
2023-10-13,30.4,28.0,33.3,0.0,,101.0,17.1,,1009.5,
2023-10-14,30.3,28.0,33.2,0.1,,102.0,15.8,,1010.0,
2023-10-15,30.5,28.0,33.3,0.9,,100.0,15.3,,1010.5,
2023-10-16,30.6,28.7,33.0,0.3,,102.0,17.1,,1010.7,
2023-10-17,30.4,28.7,33.4,0.0,,103.0,18.9,,1010.6,
2023-10-18,30.2,28.0,33.4,0.1,,108.0,19.8,,1010.4,
2023-10-19,30.4,28.2,34.0,0.2,,103.0,21.0,,1009.7,
2023-10-20,30.3,28.2,32.8,2.2,,112.0,15.5,,1008.9,
2023-10-21,28.4,26.6,31.3,8.6,,43.0,5.9,,1010.0,
2023-10-22,28.6,26.6,31.3,4.1,,357.0,6.4,,1010.6,
2023-10-23,28.9,26.3,31.6,0.0,,69.0,9.5,,1010.1,
2023-10-24,29.7,27.6,32.3,2.3,,103.0,12.3,,1009.4,
2023-10-25,29.7,27.8,32.6,10.4,,103.0,9.5,,1008.7,
2023-10-26,28.6,26.0,32.1,16.0,,127.0,10.1,,1008.4,
2023-10-27,28.2,25.0,30.2,8.8,,17.0,8.7,,1008.5,
2023-10-28,28.2,24.8,30.8,1.8,,11.0,6.3,,1008.9,
2023-10-29,28.3,25.7,31.8,4.0,,108.0,7.2,,1009.2,
2023-10-30,28.5,25.0,31.4,9.4,,85.0,8.9,,1009.7,
2023-10-31,27.2,24.0,31.0,3.8,,118.0,10.9,,1009.7,
2023-11-01,27.2,24.0,29.0,13.3,,123.0,12.1,,1009.1,
2023-11-02,27.5,24.0,30.8,25.0,,132.0,14.5,,1009.9,
2023-11-03,27.7,24.3,30.6,5.6,,132.0,15.1,,1010.0,
2023-11-04,28.6,25.0,31.0,7.6,,110.0,17.9,,1009.6,
2023-11-05,28.0,25.5,30.4,3.5,,118.0,12.4,,1008.8,
2023-11-06,28.5,26.1,30.5,14.2,,120.0,13.9,,1009.2,
2023-11-07,28.6,24.8,33.3,1.2,,144.0,15.1,,1009.9,
2023-11-08,29.6,27.6,33.0,1.3,,119.0,17.7,,1009.8,
2023-11-09,29.6,28.0,31.6,1.3,,112.0,21.8,,1009.8,
2023-11-10,29.6,28.0,31.1,0.4,,104.0,21.9,,1010.4,
2023-11-11,29.2,28.4,30.6,3.4,,107.0,24.0,,1009.8,
2023-11-12,28.9,27.0,30.7,5.0,,110.0,21.3,,1010.1,
2023-11-13,28.8,27.0,30.8,6.1,,111.0,22.0,,1010.2,
2023-11-14,29.1,27.9,30.9,4.0,,113.0,23.5,,1009.8,
2023-11-15,28.9,26.9,30.7,5.3,,111.0,24.2,,1010.1,
2023-11-16,28.9,27.2,31.0,0.3,,113.0,20.8,,1010.2,
2023-11-17,29.3,27.7,31.6,1.2,,117.0,19.8,,1009.4,
2023-11-18,29.1,27.6,32.1,3.0,,126.0,18.1,,1010.0,
2023-11-19,28.5,27.0,30.7,10.2,,127.0,12.8,,1010.8,
2023-11-20,27.9,25.8,31.7,3.8,,183.0,8.8,,1010.6,
2023-11-21,28.0,25.3,30.4,1.2,,60.0,6.2,,1009.8,
2023-11-22,28.1,25.8,30.7,1.7,,112.0,10.9,,1010.0,
2023-11-23,28.3,26.0,30.5,0.8,,110.0,15.9,,1011.5,
2023-11-24,29.0,27.2,31.1,1.3,,106.0,19.7,,1012.4,
2023-11-25,28.7,27.3,30.5,0.2,,108.0,19.2,,1012.9,
2023-11-26,28.5,26.4,30.8,0.6,,105.0,19.2,,1012.6,
2023-11-27,28.4,27.0,30.3,1.3,,95.0,21.4,,1012.5,
2023-11-28,28.4,26.0,30.6,0.2,,111.0,20.5,,1012.4,
2023-11-29,28.7,27.3,31.0,0.8,,108.0,20.8,,1012.1,
2023-11-30,28.2,26.0,30.6,1.7,,112.0,17.9,,1012.5,
2023-12-01,28.5,26.6,31.2,0.0,,100.0,20.3,,1013.1,
2023-12-02,28.5,27.2,30.5,0.9,,101.0,21.3,,1012.9,
2023-12-03,28.5,27.0,30.8,0.1,,102.0,19.5,,1012.6,
2023-12-04,28.3,25.6,31.0,0.1,,111.0,20.9,,1012.6,
2023-12-05,28.3,27.0,30.0,0.0,,102.0,19.9,,1012.4,
2023-12-06,28.4,27.0,30.9,1.5,,109.0,20.5,,1011.7,
2023-12-07,28.0,27.1,30.3,3.1,,89.0,18.6,,1012.4,
2023-12-08,27.6,25.4,29.5,14.3,,107.0,20.8,,1012.8,
2023-12-09,28.4,26.9,30.1,1.5,,109.0,20.9,,1011.9,
2023-12-10,27.4,25.6,29.7,0.9,,106.0,21.9,,1011.3,
2023-12-11,28.1,26.7,30.1,1.3,,110.0,20.0,,1010.7,
2023-12-12,28.3,26.0,30.4,1.8,,101.0,20.6,,1011.1,
2023-12-13,28.2,26.8,30.0,2.4,,93.0,24.0,,1010.7,
2023-12-14,28.1,26.0,29.8,0.6,,97.0,20.6,,1009.4,
2023-12-15,28.2,26.6,30.0,0.0,,99.0,19.4,,1009.2,
2023-12-16,28.5,27.0,30.8,0.9,,110.0,18.5,,1010.6,
2023-12-17,28.5,26.9,31.3,0.0,,121.0,18.4,,1010.7,
2023-12-18,28.7,26.8,32.0,0.0,,124.0,16.8,,1009.7,
2023-12-19,28.1,26.0,30.6,0.0,,110.0,12.6,,1009.2,
2023-12-20,28.3,26.0,30.9,0.4,,91.0,14.6,,1010.0,
2023-12-21,26.9,25.4,28.0,5.0,,89.0,18.4,,1011.2,
2023-12-22,27.9,27.0,29.8,1.3,,90.0,20.6,,1012.1,
2023-12-23,28.1,27.2,30.0,2.0,,102.0,19.6,,1012.2,
2023-12-24,28.3,26.0,30.3,0.5,,102.0,19.7,,1011.9,
2023-12-25,28.2,27.1,30.3,1.7,,97.0,17.5,,1012.6,
2023-12-26,28.2,26.6,30.3,0.9,,107.0,16.3,,1012.4,
2023-12-27,28.2,26.2,30.6,0.1,,97.0,13.9,,1012.6,
2023-12-28,27.6,25.5,29.8,0.1,,106.0,11.9,,1012.2,
2023-12-29,27.6,25.6,29.6,0.7,,101.0,16.2,,1013.5,
2023-12-30,28.2,27.0,30.2,0.0,,90.0,17.0,,1014.7,
2023-12-31,27.5,25.3,30.0,2.3,,96.0,16.4,,1015.0,
