week,dengue,zika,chik,var,date,tavg,tmin,tmax,prcp,wdir,wspd,pres,mob_index,google_physician,google_hospital,google_pharmacy,google_symptom
2020-03-23,949,3.0,1.0,351.0,2020-03-23,20.00307981823384,14.529673131076136,25.87847047835264,1.866561049136342,180.78149758847,10.676054856140182,1014.5491388980148,7.531666666666666,28,10,6,44
2020-03-30,1006,1.0,4.0,275.0,2020-03-30,20.31031988242209,15.607636723797924,25.801951130329,4.628406964224856,82.95758374118499,10.251907490588696,1013.9574892838972,4.344285714285714,31,8,6,40
2020-04-06,931,3.0,2.0,212.0,2020-04-06,20.56757499206727,15.800335055628803,25.8745479746687,3.028124483385647,54.72069007438427,10.745448995235938,1014.8039521392822,2.705714285714286,40,8,6,38
2020-04-13,883,1.0,0.0,188.0,2020-04-13,19.56457152568218,14.11298100464334,25.60809579902661,2.240945567688388,158.25656619755742,9.985719600294347,1016.4993545019266,1.977142857142857,27,8,5,31
2020-04-20,879,3.0,3.0,195.0,2020-04-20,19.83315338215693,14.608703394452196,25.966335067950645,4.637721662332193,121.42978617569686,8.996265743435353,1015.6429534588782,2.207142857142857,24,7,5,29
2020-04-27,801,0.0,1.0,171.0,2020-04-27,20.283689699038664,15.006702072006595,25.65211907193595,2.294778585520698,60.876399011600064,10.006302044662016,1015.2355336805392,2.6485714285714286,23,8,5,29
2020-05-04,809,2.0,3.0,189.0,2020-05-04,20.99908193651008,15.773527050813072,25.548885483912585,2.211875850454354,62.74191409844495,10.270327040694612,1014.284738355317,2.972857142857143,24,8,5,31
2020-05-11,826,3.0,2.0,194.0,2020-05-11,20.475638078607968,15.435180995265144,26.00410499617487,2.7298831635807903,128.84176515491347,8.831454525110976,1015.0752465847606,3.3328571428571427,25,8,5,31
2020-05-18,788,1.0,1.0,178.0,2020-05-18,20.745719815206183,15.443365008396848,25.686873050721,2.301189060355074,94.22008030442376,9.845479057985234,1014.9515662224364,3.88,24,7,5,30
2020-05-25,660,0.0,4.0,161.0,2020-05-25,19.7035180775668,15.200609817017076,24.75669439002661,4.341489107313143,172.33873137191745,8.455852299716508,1015.5110994916316,4.424285714285714,23,8,5,28
2020-06-01,694,3.0,1.0,163.0,2020-06-01,19.681632316569623,15.089342168843377,24.842919602221315,4.443224750282494,53.93557270522405,8.199124879293437,1015.8648501670564,4.6571428571428575,26,7,5,30
2020-06-08,552,2.0,1.0,157.0,2020-06-08,19.48312372303041,14.615381707263694,25.24241697285441,4.351892759960212,149.85884159820006,8.19018514143961,1015.5150690309404,4.938571428571429,22,6,5,29
2020-06-15,550,2.0,1.0,145.0,2020-06-15,19.47479873460784,14.532145182738011,24.74347936280544,9.607573974338903,91.96536243107536,8.903902030861854,1014.6712658249944,5.474285714285714,25,7,5,34
2020-06-22,497,2.0,2.0,119.0,2020-06-22,19.94674122356988,15.03520526598225,25.663170653863467,2.81569006963505,55.441236879035706,9.709576545591892,1013.393216916182,5.821428571428571,24,6,6,35
2020-06-29,522,1.0,0.0,130.0,2020-06-29,19.211437479579967,14.128154171268948,24.652090916154936,5.377202262799075,113.13489982983047,8.95473395130942,1013.8287510391688,6.067142857142857,27,8,5,39
2020-07-06,438,1.0,0.0,137.0,2020-07-06,19.12810007367747,14.635140776738412,24.46593359637416,4.486324734508968,102.72691851274044,8.712352848765766,1015.1258983991288,6.07,26,7,5,44
2020-07-13,347,2.0,1.0,129.0,2020-07-13,19.88760081896155,14.653336769157814,25.1123974571372,3.973730345518476,59.063530301287074,10.17196003923492,1014.0399389709804,6.405714285714287,27,8,5,39
2020-07-20,340,3.0,1.0,120.0,2020-07-20,18.899470714149462,14.345086700845226,24.201898686430265,6.536991561394435,126.75918187884751,8.951428160028756,1014.898138485146,6.067142857142857,30,8,5,38
2020-07-27,302,2.0,1.0,113.0,2020-07-27,19.906450512106293,14.299200646215253,25.38006313103685,7.486513534057531,70.3643090669646,9.999247330202149,1014.4627634142872,5.368571428571428,25,7,5,35
2020-08-03,322,1.0,1.0,108.0,2020-08-03,20.21510321446616,14.878913449003708,25.218936708448854,1.9813494222428645,90.85088671642792,11.334226631363862,1014.234339986761,5.312857142857142,25,7,5,30
2020-08-10,277,1.0,2.0,132.0,2020-08-10,20.04509287135176,15.141006478892429,25.339110548834583,3.5291602361509757,95.72261282199536,9.822755316197762,1013.7502249844296,5.425714285714286,26,7,5,30
2020-08-17,275,1.0,1.0,139.0,2020-08-17,18.9600831170105,14.430298502893598,24.560599480744617,7.003239671039587,158.09013842996782,8.069284235286089,1014.4024011233406,5.5685714285714285,26,7,4,27
2020-08-24,276,0.0,0.0,122.0,2020-08-24,19.33211814439928,13.936920693811022,25.33356872858632,5.21138392836719,137.80842503062445,9.194137798848535,1014.7235943701592,5.525714285714286,25,7,4,27
2020-08-31,252,0.0,1.0,140.0,2020-08-31,19.468095643042897,14.213601313525771,25.42082126932208,6.6145774473990455,126.05536383065882,8.68114084358955,1014.198412331546,5.917142857142857,28,8,5,27
2020-09-07,321,2.0,2.0,143.0,2020-09-07,18.93242920990738,13.02276730251292,25.212056590263494,3.1119740452513627,182.559282494442,8.665321132126422,1014.276884008969,7.234285714285714,24,7,4,27
2020-09-14,272,0.0,1.0,159.0,2020-09-14,18.990953133769864,14.150876448516822,24.87352108073254,17.161337944107306,152.94756991797811,8.039830302387042,1014.995419482946,7.908571428571428,26,7,5,26
2020-09-21,295,1.0,1.0,160.0,2020-09-21,19.22443486512737,13.864325569867106,25.26848125820401,2.205193661142604,87.64495018721139,9.022438768323685,1014.9650628891908,7.718571428571429,27,7,4,28
2020-09-28,298,0.0,0.0,157.0,2020-09-28,18.660228774426997,13.699660026320776,24.17230331242045,5.058723071146618,117.07942478017036,9.158119559611748,1013.3695301577123,8.148571428571428,27,7,5,29
2020-10-05,319,0.0,0.0,156.0,2020-10-05,18.29968437175046,13.205027442985982,24.449209725983582,5.86001110658438,98.83519814475936,8.726811061116223,1014.9161322952242,8.805714285714286,25,7,4,30
2020-10-12,332,0.0,0.0,170.0,2020-10-12,18.95529670886305,13.276350551932314,24.863138808363384,5.795064431067512,72.46949386884232,8.837206313979316,1013.2454249406333,9.501428571428573,27,7,4,30
2020-10-19,301,3.0,0.0,186.0,2020-10-19,18.82990950129994,14.362403113969862,24.023511841599397,5.730117755550643,164.32298250687978,8.48791356877563,1014.1047151314336,9.625714285714285,26,7,4,30
2020-10-26,245,2.0,0.0,158.0,2020-10-26,18.59605260035698,14.699830729511346,24.27333946523607,5.665171080033775,243.6538147851663,8.010475281949393,1014.4304525198172,9.07857142857143,24,7,4,27
2020-11-02,280,1.0,1.0,172.0,2020-11-02,18.452806704260134,13.915363921295398,24.131118353391315,5.600224404516907,241.63031192620704,8.327830924561233,1014.251946891537,8.678571428571429,25,7,4,27
2020-11-09,275,0.0,0.0,162.0,2020-11-09,18.2688249444552,14.86075967635318,23.90213488732499,5.535277729000039,268.9946008895725,7.587221672379424,1015.37227693852,8.76,22,7,4,25
2020-11-16,287,1.0,1.0,154.0,2020-11-16,18.12112272963201,14.409459969889529,23.57339524384398,5.470331053483171,220.25070568905105,7.102145361600521,1014.7082022501548,9.505714285714287,25,7,5,30
2020-11-23,279,1.0,3.0,151.0,2020-11-23,18.55944118303416,14.43185734607122,24.38671425388141,5.4053843779663024,170.4187254316394,8.008526473834223,1014.161036147866,10.037142857142857,46,7,5,30
2020-11-30,307,0.0,1.0,151.0,2020-11-30,18.692866279232756,14.28690692525576,24.074313847647534,5.340437702449434,136.5514030251307,8.286048084336196,1017.2579521825568,9.911428571428571,24,7,5,33
2020-12-07,307,1.0,0.0,149.0,2020-12-07,18.3120572019985,12.81485293750323,24.273340644368368,5.275491026932566,168.98699596321416,8.28863930387702,1019.5392357500448,10.227142857142857,26,8,5,35
2020-12-14,290,3.0,1.0,144.0,2020-12-14,18.720829075043337,13.557221921860702,24.44720839238385,5.210544351415699,82.65975526074169,9.25327817250322,1018.6232616571616,10.934285714285712,19,6,4,37
2020-12-21,312,1.0,3.0,140.0,2020-12-21,18.40116442451409,13.84916231743968,24.194519514229075,5.14559767589883,152.2838078510367,8.892182605979425,1018.52787878856,11.565714285714288,21,7,5,42
2020-12-28,313,2.0,0.0,115.0,2020-12-28,18.39567915617796,14.090416928635946,24.150941586356623,4.997061536250224,165.28822863423335,8.950577509373913,1019.0647789726916,11.595714285714285,29,8,5,42
2021-01-04,407,2.0,1.0,162.0,2021-01-04,17.858395903933936,13.116793243092312,23.330464368479333,4.246487361875535,133.4472930556025,8.392675368239855,1019.114025158308,11.629999999999999,29,8,5,37
2021-01-11,421,1.0,0.0,170.0,2021-01-11,18.369826842654984,12.683811215579242,24.88788236781986,4.03252599656157,157.9209206322541,8.859732613765654,1018.4574236705248,12.154285714285715,30,8,5,33
2021-01-18,382,0.0,0.0,169.0,2021-01-18,18.028212021183705,12.265724177347346,24.81166850104384,3.791038190722987,132.32630906869,9.179373524270993,1018.284027434276,11.635714285714286,27,8,5,30
2021-01-25,430,0.0,0.0,156.0,2021-01-25,18.540830365438207,12.364451516693688,25.09891100886074,3.5363398750434487,92.02210792450327,10.464871267121314,1017.776883878692,11.45142857142857,27,7,5,27
2021-02-01,441,0.0,0.0,189.0,2021-02-01,19.26843024553466,13.45849136422318,25.37316684607844,4.921885648254374,80.51464030447812,9.993739149274068,1018.5753622689044,11.828571428571427,25,8,5,24
2021-02-08,449,0.0,0.0,159.0,2021-02-08,18.9089985592072,14.463506778246083,24.6520747450248,3.2782650884425664,150.31650032485135,9.050962101874775,1018.6828811361148,10.918571428571429,24,8,4,24
2021-02-15,482,1.0,2.0,200.0,2021-02-15,18.601583102226904,13.918650814782666,23.77727761208212,3.233644388951265,208.73061123978025,9.928645915586966,1019.7017769769104,10.445714285714287,25,7,4,24
2021-02-22,444,2.0,1.0,158.0,2021-02-22,18.910932536774187,14.727336182223343,23.862764729740224,3.6500501367075664,88.61416205231554,10.138197408298373,1017.9779134618224,11.782857142857143,24,8,5,23
2021-03-01,466,1.0,2.0,182.0,2021-03-01,18.14175851907007,14.493271677415992,23.121577490124643,3.368402300642652,133.1971760482112,8.894680921416878,1018.7448259779912,12.27,24,7,5,23
2021-03-08,391,0.0,1.0,186.0,2021-03-08,18.064333477979908,14.4991382161307,23.168542655763527,3.1749636060755377,174.74013975321512,9.27967719754538,1020.0682477219342,11.227142857142857,24,7,5,23
2021-03-15,346,0.0,0.0,190.0,2021-03-15,17.666652980185162,13.462463689017763,23.590980435276645,3.5700109850952138,229.69221419324384,8.388841166587024,1018.307118539805,10.797142857142857,23,7,4,24
2021-03-22,330,1.0,1.0,175.0,2021-03-22,18.269181149384025,14.113906827233686,24.166827840541178,3.493683781350625,144.81090220012064,8.768477838866751,1017.5005004619776,11.575714285714286,22,7,5,29
2021-03-29,293,1.0,2.0,163.0,2021-03-29,19.382331556696275,15.340563330907916,24.10131012288719,3.486217058462341,71.86134043113253,10.683866092217867,1012.4235147838704,12.425714285714287,24,8,5,31
2021-04-05,308,0.0,1.0,240.0,2021-04-05,18.71603327214502,14.851181608429275,23.926963212095384,4.24212736064241,102.68911675756463,8.846302599113033,1016.8799145463709,11.891428571428571,23,8,5,30
2021-04-12,294,0.0,0.0,176.0,2021-04-12,19.085732763248597,14.670825885219989,24.29043546739879,3.973908852553216,112.694986485667,9.545615113535534,1018.6540567246186,10.85142857142857,23,8,5,30
2021-04-19,280,0.0,1.0,190.0,2021-04-19,19.02738001887508,14.031996124179454,25.15048075443762,3.169567232846197,154.19398029050808,9.079480983106258,1019.2378773462772,10.642857142857142,22,8,5,28
2021-04-26,271,1.0,2.0,157.0,2021-04-26,18.180876929277797,14.809088460724926,23.030308619178065,2.704300464677324,197.32916064702428,7.870264768235087,1020.1559856488362,9.772857142857143,21,8,4,24
2021-05-03,273,0.0,1.0,157.0,2021-05-03,18.421719577344096,14.833133261129433,23.86334115665722,2.4507190411789934,185.26555283316048,8.23788283184962,1020.7984067710316,7.524285714285715,22,8,5,27
2021-05-10,320,1.0,2.0,150.0,2021-05-10,19.491449338002077,15.211398509794352,24.874451066083758,3.4559522350555363,56.06736314352878,9.946443909899587,1019.1108374076236,6.357142857142857,23,8,5,31
2021-05-17,346,0.0,0.0,159.0,2021-05-17,19.46637785018733,14.939667160037049,24.74350677057761,3.464665653870352,63.39386029459085,9.462338793991972,1019.603503344513,6.8999999999999995,24,8,5,30
2021-05-24,331,0.0,1.0,175.0,2021-05-24,19.183761121279247,15.291009906612729,23.795620445302827,3.884836245426698,129.59086519642693,9.170427999526051,1019.9755560416322,7.485714285714286,25,9,4,32
2021-05-31,401,0.0,0.0,158.0,2021-05-31,19.197727543005296,15.05527700437306,24.426997897121705,2.921896141642598,75.13603372685061,9.012675380265415,1019.3537197501288,7.582857142857143,24,7,5,35
2021-06-07,390,1.0,1.0,121.0,2021-06-07,18.290478121537124,14.721593992155729,23.00711836377861,3.116689316010196,97.89160062651771,7.475015325399758,1020.4624970765036,8.165714285714285,25,8,4,34
2021-06-14,355,1.0,1.0,184.0,2021-06-14,18.78913294152839,14.567003156648491,23.686096332525768,3.0742807008455024,91.5616408723198,9.440161451508091,1020.7655661196612,9.791428571428572,27,7,5,35
2021-06-21,364,0.0,1.0,179.0,2021-06-21,17.957437818857613,13.100590907259743,23.425324068144807,3.196157556405363,181.37934829325192,7.7211737406631,1020.7066179506004,11.194285714285714,25,8,5,34
2021-06-28,415,1.0,1.0,182.0,2021-06-28,18.73072656751453,13.998522004652829,23.97637802786934,2.8813332412656325,125.76468372067096,9.312405694883433,1020.900544402328,11.842857142857143,24,8,5,32
2021-07-05,431,0.0,1.0,214.0,2021-07-05,18.9714361701882,14.309058035186808,24.20523999571228,2.7427882128195304,66.99188165775412,9.698581612216456,1019.8086992717764,12.49,25,9,5,31
2021-07-12,425,1.0,0.0,207.0,2021-07-12,19.10497909160332,14.646768934642834,24.23035620641023,2.9388859338744524,62.97758697048355,10.94667463856722,1020.2337759811244,12.654285714285715,24,7,5,29
2021-07-19,478,1.0,1.0,198.0,2021-07-19,18.97903810090405,14.669803651624024,23.84266218238764,2.45957898111184,115.71442427836466,10.580053365775155,1020.1884968599912,12.698571428571428,24,8,4,28
2021-07-26,489,1.0,1.0,230.0,2021-07-26,18.917611928400408,14.552308648265974,24.551480745104744,2.6553023970273624,73.07724414529731,9.76582402522314,1020.6154637712534,12.842857142857143,24,7,4,29
2021-08-02,585,0.0,1.0,269.0,2021-08-02,18.637548760922467,13.868651156813993,23.96895938498707,2.596001977978045,127.81055034792166,10.718479830491193,1021.9261967656456,12.507142857142856,25,8,5,27
2021-08-09,563,2.0,2.0,315.0,2021-08-09,18.878124308230756,14.6428597266097,23.999370940344157,2.784770808656046,98.55179576423356,9.079974629728436,1021.147578838678,13.322857142857144,24,8,5,26
2021-08-16,604,0.0,1.0,309.0,2021-08-16,18.3413540515606,14.647700919896952,23.270090926565995,2.3898399930658933,139.5301251213329,7.58878168102183,1019.629289967979,13.281428571428572,25,8,5,24
2021-08-23,670,1.0,0.0,366.0,2021-08-23,18.85061091108161,14.46610007282348,24.74656381518941,3.0036677797051694,101.42312082609044,8.737381817393423,1018.5921175399842,12.29142857142857,23,8,5,24
2021-08-30,759,2.0,3.0,379.0,2021-08-30,18.58122917797167,13.855903382677605,23.895640259591406,1.96452358296248,96.25910701102258,8.511625206413726,1020.0274975669809,11.262857142857143,23,8,5,23
2021-09-06,859,0.0,0.0,434.0,2021-09-06,18.58392498696207,14.457737528054304,23.688899862648064,2.4836268093448948,106.54689422442073,8.433913591001172,1020.4157818438288,10.982857142857142,23,8,5,24
2021-09-13,853,1.0,0.0,450.0,2021-09-13,18.62724766190218,12.994070336681084,24.374155681731565,1.889890063888383,117.51040131201997,9.29124166181004,1020.6284708478336,11.901428571428571,24,7,5,24
2021-09-20,1039,1.0,0.0,459.0,2021-09-20,18.78455076398862,14.446810835876544,24.230881151730756,1.9574015152623323,110.29204230093544,9.587141576769287,1019.9104089499932,13.26,25,8,5,23
2021-09-27,1082,0.0,1.0,465.0,2021-09-27,18.39988645605711,13.24762721541423,24.38256322475185,1.375444976973279,125.9309805011558,8.17670412794164,1019.4554468183512,13.18142857142857,25,7,5,25
2021-10-04,1125,2.0,1.0,466.0,2021-10-04,19.184201870251684,14.748137897374937,24.65284923117153,1.8651031579382475,161.30010626673626,8.59743261179015,1018.2847773333812,12.48,23,7,5,24
2021-10-11,1126,2.0,0.0,544.0,2021-10-11,18.720502421621,14.160660536471909,24.22023582715649,1.6669680865825949,221.16422275481509,7.966711876672201,1019.9153235288246,12.44,16,7,4,23
2021-10-18,1105,0.0,1.0,507.0,2021-10-18,18.282122282324757,13.463359861631467,24.1060985030522,1.44194314684748,192.363994067007,7.833823410629885,1020.4863988049872,13.52,13,7,4,23
2021-10-25,1158,2.0,0.0,508.0,2021-10-25,18.62644505250207,14.66415612449874,23.495345185463805,0.9333001751825688,195.7952559793372,7.930139912771643,1020.5972647672156,13.974285714285715,12,8,5,23
2021-11-01,1324,3.0,1.0,454.0,2021-11-01,18.471492878546176,13.81985389275785,24.17859185415931,1.001307194654036,244.928994070362,8.246963646758378,1019.8749822376816,13.18142857142857,12,8,4,24
2021-11-08,1409,1.0,0.0,499.0,2021-11-08,18.7208647395428,14.63269287030954,24.119470347108464,0.883485970545067,207.1912176011045,8.402482937407893,1019.3830056442314,13.42,12,7,4,23
2021-11-15,1472,1.0,1.0,449.0,2021-11-15,19.060799852584065,13.91615234174557,24.880545427289103,1.3064353841642284,210.0918186185488,8.965195475346464,1018.7159526032946,14.517142857142858,12,8,4,22
2021-11-22,1308,1.0,0.0,405.0,2021-11-22,18.323552717105123,14.377816072214916,23.463092764359125,3.676293999368132,219.03200023291245,7.1921916836612665,1019.3292592322164,14.407142857142857,25,7,5,27
2021-11-29,1182,1.0,2.0,395.0,2021-11-29,19.15740992914409,14.374493134629605,24.86639607936769,2.823932275887926,117.90540694534126,8.958767098113258,1019.3054340098224,13.930000000000001,11,7,5,24
2021-12-06,1190,4.0,2.0,395.0,2021-12-06,19.407213912952425,14.65823958385428,24.8602295665454,0.8429938978735942,172.40373700027163,9.021450116787795,1019.1248591469256,14.835714285714285,10,7,5,25
2021-12-13,1038,1.0,1.0,354.0,2021-12-13,19.067043528544684,14.074282592345778,24.74343518276773,12.758811062863344,133.65880600254258,8.727866683701134,1019.0993694083924,15.98,10,6,4,30
2021-12-20,1030,3.0,0.0,307.0,2021-12-20,19.810281647241336,15.011056781722605,25.413677878000364,1.728206876335442,218.5347557723363,8.785427464780772,1020.054222225952,16.99857142857143,11,7,5,44
2021-12-27,880,0.0,0.0,298.0,2021-12-27,19.30801044334484,14.502392624581162,25.23823138399093,2.674629031735636,224.72205770297637,8.227503620717465,1019.8473711816572,16.78,12,8,6,56
2022-01-03,830,0.0,3.0,281.0,2022-01-03,18.70100712844695,13.198369553666376,25.3409780724284,1.436091468709611,159.5899697453468,8.886526082467926,1020.0140957208952,16.922857142857143,12,8,6,49
2022-01-10,746,1.0,2.0,271.0,2022-01-10,18.455788579536584,13.806073731270091,23.935370808272133,1.4385886084781014,166.149161037245,9.110594196773244,1021.1602684378609,17.852857142857143,11,8,6,40
2022-01-17,722,0.0,2.0,244.0,2022-01-17,19.42399576661947,14.067056742717964,25.635037135582724,0.7400526933895,133.54652585886222,9.572569474644505,1019.634177809982,16.517142857142858,11,7,6,32
2022-01-24,682,0.0,0.0,230.0,2022-01-24,19.15054769410716,13.3858465084889,25.079002958383608,1.4396252047754614,224.57726992618072,10.545155199480469,1019.7162939296428,14.995714285714286,11,8,5,28
2022-01-31,760,2.0,0.0,330.0,2022-01-31,18.73132829777824,12.880429397192405,25.15560451091303,1.2311182879304394,225.198654765092,9.144340170639731,1019.7619118848704,15.78857142857143,11,8,5,26
2022-02-07,760,0.0,2.0,338.0,2022-02-07,18.912617749076425,14.754461041372886,24.497327174643225,3.28888974825167,200.30982975109765,8.950278918484925,1019.123897835862,16.264285714285716,12,8,5,24
2022-02-14,658,0.0,1.0,423.0,2022-02-14,19.0801601518762,14.621880389580388,24.674137394166248,2.115764300744348,220.57433052204496,10.17299800808799,1019.6750248508632,15.924285714285714,12,7,5,23
2022-02-21,616,0.0,0.0,478.0,2022-02-21,19.140081952099735,14.751502253428724,24.695927318421862,3.595663988286895,197.32503890377572,9.91829170019118,1019.8081482928616,16.115714285714287,12,8,6,23
2022-02-28,660,0.0,1.0,583.0,2022-02-28,18.55162010043068,15.313913414277726,23.21013977090489,6.341205654407838,175.56715823408695,8.858067500705477,1020.1528850342264,15.514285714285714,12,8,5,23
2022-03-07,641,0.0,1.0,610.0,2022-03-07,18.676244756779607,12.88945835143812,24.508155773108392,1.7027751323724407,228.3763386615888,9.428053764814608,1019.9412218575428,14.381428571428572,12,8,5,24
2022-03-14,613,0.0,2.0,619.0,2022-03-14,19.05005512542829,14.041987802927668,24.91607383052453,2.6646334721300806,235.04737979997503,9.279832672350173,1019.6052422308978,13.95857142857143,12,7,5,27
2022-03-21,669,1.0,3.0,632.0,2022-03-21,19.445117909787577,15.519559565434957,24.586021230289557,3.938113821071048,119.91618580330189,8.992823957104445,1018.7966139064396,15.26,13,9,5,26
2022-03-28,683,4.0,1.0,605.0,2022-03-28,19.187605163848648,15.022415460770963,24.52786487986714,2.0002824359612137,118.9034415679915,9.055394620449407,1019.6750242338996,15.744285714285713,13,8,5,26
2022-04-04,657,1.0,3.0,522.0,2022-04-04,19.550797066749816,15.07766015211584,25.02873327779442,4.401605769536017,138.86117602952802,9.042763112563836,1019.2915905738466,14.9,10,7,5,26
2022-04-11,611,0.0,1.0,447.0,2022-04-11,19.67335752091722,14.85897164853112,25.36105173752305,1.486181408507454,99.17416551393396,9.692691901641968,1018.8119960136836,16.204285714285714,13,8,5,26
2022-04-18,787,0.0,1.0,505.0,2022-04-18,18.56228085693548,14.923632627822489,23.74855091174615,3.19847774847587,248.93418299491532,7.656041187752009,1020.6644508091028,17.774285714285714,13,8,5,25
2022-04-25,739,1.0,0.0,451.0,2022-04-25,18.741848181819424,14.681991947911618,24.329225697460917,6.973053491668828,147.90591320398727,8.197999819111178,1019.7189537935374,17.32857142857143,13,8,5,25
2022-05-02,792,0.0,4.0,516.0,2022-05-02,19.3323307109857,14.741939629231595,24.930845722513983,3.887088300052988,130.42143574885787,8.190372562391763,1021.0660748601042,16.18285714285714,12,8,5,25
2022-05-09,946,1.0,1.0,460.0,2022-05-09,19.68719569353195,15.64146307720433,25.213253185764724,5.638012214674964,120.38729717095826,8.098616092459686,1019.735855514152,14.915714285714285,11,8,5,28
2022-05-16,1021,0.0,0.0,515.0,2022-05-16,19.137606949818583,15.105606109528225,24.30292901858333,7.1948847180587,94.75251813264909,7.91010059633619,1022.4804274138464,14.825714285714286,10,8,5,31
2022-05-23,1065,1.0,1.0,510.0,2022-05-23,19.292099709913,14.862126603857863,24.49503635862698,4.38632153727857,81.03134268749359,9.134335145262796,1020.2237658989122,15.424285714285714,11,9,5,26
2022-05-30,1099,1.0,2.0,488.0,2022-05-30,18.473030411743583,14.493627241853034,23.582935182292804,6.616493123458032,138.97349834980997,7.632179653395651,1020.4312601721095,14.370000000000001,12,9,5,25
2022-06-06,1023,0.0,1.0,402.0,2022-06-06,18.4591463816602,14.626207039656489,23.448755096168707,6.326372603731805,191.7329085138708,7.49084886693649,1020.632097541478,13.955714285714285,11,8,5,26
2022-06-13,876,3.0,1.0,356.0,2022-06-13,18.036589047167045,14.09829513200714,23.25439028750944,8.329454468053669,197.51595639744585,7.22370206061717,1020.7207106773056,14.77,10,8,5,27
2022-06-20,901,1.0,1.0,319.0,2022-06-20,18.22436968136388,14.3980705267895,23.50029705311649,3.855870988607603,152.76033103438613,7.704328279626616,1020.3994888222028,14.965714285714286,11,8,5,26
2022-06-27,964,1.0,0.0,329.0,2022-06-27,18.649300376885407,14.157759102606008,24.075129769516813,6.179133788633233,146.5916671967063,7.767106713276691,1020.97315324761,15.775714285714285,11,8,6,29
2022-07-04,992,6.0,0.0,345.0,2022-07-04,19.410839903362948,14.42873278980068,24.65536272483015,4.203556263076761,87.70327265418776,9.56462930501213,1020.611082320352,17.01,12,8,5,27
2022-07-11,1131,0.0,1.0,361.0,2022-07-11,19.30686526408378,14.439024853965478,24.96954875855221,3.888245439517703,91.38000141187044,9.09382847391348,1020.851984369456,17.18285714285714,14,9,5,29
2022-07-18,1177,4.0,0.0,377.0,2022-07-18,18.936257952130276,14.027425241080453,24.350942260572257,4.213152469085792,105.84682347142868,9.028452213444174,1020.527086233574,16.62142857142857,14,9,5,31
2022-07-25,990,1.0,1.0,482.0,2022-07-25,18.70640103041272,14.485147974210332,24.114874216433467,6.79671658642176,136.3962703388056,8.54933750885175,1021.031555803073,16.897142857142857,15,8,5,29
2022-08-01,1149,1.0,1.0,454.0,2022-08-01,18.933232776123784,14.96933168760931,24.52675113524554,6.832955908519684,76.26479367175996,8.991861243058953,1019.8330776725428,17.15142857142857,11,8,5,27
2022-08-08,1032,0.0,1.0,476.0,2022-08-08,19.134391189600723,14.302028296299444,24.51429584451285,4.9083544214162815,126.02303943047784,9.861264833059826,1021.2112383354356,18.361428571428572,12,8,5,29
2022-08-15,1091,0.0,2.0,485.0,2022-08-15,19.02469993635429,13.346563693190983,24.93107124533414,4.845184060824376,99.94046090363666,9.508520327958632,1020.6580001314272,19.02,11,9,5,28
2022-08-22,1019,0.0,2.0,455.0,2022-08-22,18.80261124664701,13.783166641208208,24.873065158640536,3.407020105368131,135.87524618739425,8.925945306829592,1020.579794872878,17.154285714285713,13,9,5,28
2022-08-29,1058,0.0,2.0,491.0,2022-08-29,18.834282008844696,14.67100906586923,24.32263614722461,4.607714535270797,148.12442005974594,9.028972545481038,1019.5215667124344,16.638571428571428,14,10,5,28
2022-09-05,1045,0.0,2.0,487.0,2022-09-05,19.337226961294977,13.948385654409751,24.93356080464277,6.995796647641621,94.1686527358223,9.389920608734542,1020.502065510179,17.672857142857143,13,9,5,26
2022-09-12,879,1.0,1.0,440.0,2022-09-12,18.481480170579257,13.403998176262832,24.56581167288166,4.400882404218963,139.87450880271425,8.153415087795606,1020.78511082133,17.80142857142857,14,8,5,27
2022-09-19,980,1.0,6.0,462.0,2022-09-19,18.05091922291076,13.204625964520712,24.009719517669428,5.63410992395306,216.69983260333396,7.791626685383318,1020.7473368138266,15.945714285714287,14,9,5,25
2022-09-26,952,0.0,6.0,542.0,2022-09-26,18.721660934439512,13.781624354428946,24.6556024848676,22.590933534721376,197.95465914243064,9.024471044634511,1020.5081648820344,14.385714285714286,16,9,5,27
2022-10-03,1008,1.0,6.0,490.0,2022-10-03,18.74052494584337,14.28950422982079,24.01054912358024,5.448757772291509,159.8177192634944,8.286567180254805,1019.809315914606,14.191428571428572,11,9,5,26
2022-10-10,1022,1.0,1.0,449.0,2022-10-10,18.653358305367156,13.508693549178542,24.348435237187743,4.756759849157999,129.5508994243077,8.13133882885738,1020.6010395904876,14.947142857142856,14,8,5,26
2022-10-17,1232,0.0,0.0,555.0,2022-10-17,18.73038901614633,14.643729873471676,23.89372633682421,8.24569268449721,239.4083332738591,7.937135994905206,1020.3625469538208,16.22,15,9,5,25
2022-10-24,1118,0.0,1.0,437.0,2022-10-24,18.90683445076492,14.828949370135591,23.52118799966583,6.493328053763944,246.13935822775872,8.231503202576544,1020.3285996912516,16.137142857142855,12,8,5,23
2022-10-31,1225,0.0,1.0,509.0,2022-10-31,18.708073064269797,14.392889025840846,23.527237857585146,6.250730405062426,213.3663200368721,8.496791500431817,1020.3999452566884,15.268571428571429,12,8,5,26
2022-11-07,1140,0.0,1.0,495.0,2022-11-07,18.256998640179308,14.295920869061774,23.1100501464979,9.748611415126854,231.67271347549652,7.783837492299176,1020.9931981533166,14.857142857142858,14,8,5,27
2022-11-14,1291,3.0,0.0,498.0,2022-11-14,19.018079506571407,14.506045940898156,23.60176682838344,5.0797594593468585,173.9196261155809,7.69906429466505,1019.6335383935304,14.934285714285712,12,7,5,24
2022-11-21,1291,3.0,2.0,396.0,2022-11-21,18.72487998512944,14.219517890769763,23.346636167232354,5.686326087820172,238.83408182422795,8.560385216505088,1019.812601256631,15.328571428571427,22,7,4,24
2022-11-28,1263,0.0,1.0,338.0,2022-11-28,18.26774762856611,14.25012830618916,22.93019889640042,6.7102362524953145,225.33193283487736,8.970403297457342,1018.9366650574202,15.254285714285714,12,6,5,24
2022-12-05,1416,1.0,0.0,323.0,2022-12-05,18.202414416987217,13.836996406039408,23.16449512851973,3.7287221097091674,220.39980247233487,8.709295611452275,1019.4997795749716,15.428571428571429,13,11,5,27
2022-12-12,1360,0.0,1.0,311.0,2022-12-12,18.289272925146268,12.482130336835672,24.275115432957936,2.0291004608395005,140.9951446104521,8.69665220087659,1018.8670347960712,15.705714285714285,12,11,4,25
2022-12-19,1307,1.0,3.0,279.0,2022-12-19,18.82009133831071,12.742822768926834,25.086208673041245,1.2803340284019848,99.44790841570558,9.723242477700712,1019.588311174017,15.875714285714285,11,12,4,26
2022-12-26,1246,1.0,1.0,266.0,2022-12-26,18.53789207933095,13.469856187635544,23.90679528926748,3.241824303240145,232.154809041907,8.760821925586514,1020.817624732136,16.142857142857142,14,14,5,26
2023-01-02,1554,0.0,1.0,375.0,2023-01-02,18.507416055644047,14.372038089549482,23.281377785136023,6.022227924777613,134.23191786479805,8.799830212164602,1021.247801172982,16.830000000000002,14,15,5,27
2023-01-09,1397,1.0,1.0,320.0,2023-01-09,18.38353562024453,14.636145468702344,23.382730964756384,8.052323771714752,202.6406723295377,8.87437908439321,1021.1799338473946,17.48857142857143,16,16,5,27
2023-01-16,1431,0.0,0.0,354.0,2023-01-16,18.405409902931854,13.615150437445864,23.66172198472177,2.8930633075757166,136.92768834726115,9.398764747551995,1019.716982468764,16.164285714285715,16,16,5,28
2023-01-23,1246,0.0,2.0,373.0,2023-01-23,18.496270463418288,11.764698797063192,24.890241625829216,1.313477897295287,119.7458081577582,10.781650843774722,1019.176080826612,14.99,15,16,6,25
2023-01-30,1351,0.0,0.0,398.0,2023-01-30,18.418697961949054,11.532230185147176,24.8774390299535,1.3922177285841748,171.71146363778712,11.077171895210212,1019.3285572924386,14.94,17,16,6,24
2023-02-06,1422,0.0,0.0,421.0,2023-02-06,19.28080161528716,13.346555089687104,25.16436638357192,3.160928351792176,78.69505957144338,11.09050944289232,1018.6027934608944,14.242857142857144,15,16,6,25
2023-02-13,1212,0.0,0.0,432.0,2023-02-13,19.186383340814015,13.767025863171384,24.6504637295561,5.435425501913106,97.37737915137906,10.221522887982491,1018.9138585141108,13.365714285714287,14,17,5,26
2023-02-20,1157,1.0,0.0,463.0,2023-02-20,18.689632861484345,13.455638693131508,24.36754121592929,3.128219531058758,182.09931713032043,10.2847801471878,1020.559933083336,13.492857142857144,16,17,5,26
2023-02-27,1223,0.0,1.0,454.0,2023-02-27,20.08524038018163,15.379600708884103,25.14486032839312,5.246701648149178,91.30059083580352,10.570277215561063,1019.3051406157876,14.354285714285714,18,17,6,26
2023-03-06,1195,1.0,0.0,461.0,2023-03-06,18.29099223601092,14.83428206025832,22.870011471599927,9.603215252181526,236.6309268331731,8.809538433650424,1020.8277540887318,25.647142857142857,19,17,6,26
2023-03-13,1198,0.0,0.0,474.0,2023-03-13,18.60632082602769,14.548859769082584,23.12322664840385,9.480669685308785,230.2483702338077,8.866353346801786,1020.791658195836,26.788571428571426,17,17,6,28
2023-03-20,1256,0.0,2.0,543.0,2023-03-20,19.322791821583984,14.618453110219807,24.42358666926941,4.410209009373497,219.7733952105907,10.667140489414672,1020.1620207310024,17.517142857142858,18,17,6,28
2023-03-27,1204,0.0,1.0,501.0,2023-03-27,19.12422142799499,14.81195323406129,23.950581565229637,7.833603623478986,103.63279055097028,9.80740357346137,1019.8590163809998,21.874285714285715,14,13,6,27
2023-04-03,1071,0.0,0.0,496.0,2023-04-03,19.379009504471032,14.56732651785594,24.12640312512584,3.371788426724834,128.82412351902286,9.969384431889583,1019.0666420151402,28.547142857142855,19,18,6,27
2023-04-10,1356,0.0,0.0,577.0,2023-04-10,19.343433412047595,14.85475745748326,24.96873064750817,6.260566536678206,105.73186826807738,9.677628622491886,1019.6129189623396,23.542857142857144,19,17,6,27
2023-04-17,1289,1.0,2.0,566.0,2023-04-17,19.127219585705344,14.948889987223366,24.026399014650018,7.45225588655735,191.07630082726004,8.792417263123548,1019.9421004798104,18.33285714285714,18,18,6,27
2023-04-24,1243,0.0,0.0,581.0,2023-04-24,19.318879298679104,15.121944864010132,23.997257351453552,5.152188569564087,137.50126972920555,8.7962714062919,1020.9869044327268,22.37857142857143,17,16,6,27
2023-05-01,1698,0.0,1.0,628.0,2023-05-01,20.42843648261748,14.510278437811094,25.879648538370308,1.5727706762053408,77.63676075473495,11.361601335241494,1019.476195951306,19.96142857142857,19,17,6,29
2023-05-08,1696,0.0,2.0,696.0,2023-05-08,20.382391363814488,15.439450104779665,25.45264256059517,3.6074881619472743,94.34247100735529,10.654559722420798,1020.5080326627454,15.038571428571428,21,17,6,28
2023-05-15,1749,1.0,3.0,690.0,2023-05-15,20.10188856277836,15.29304484049842,25.369026308099677,6.194490664858441,125.71644984451343,8.8389219299863,1020.9591323744972,14.264285714285714,22,16,5,28
2023-05-22,1630,0.0,0.0,725.0,2023-05-22,19.604544234283843,15.633013864747358,24.53969070922056,8.374101994577675,126.85705543655044,7.870096597750361,1020.5938946571928,15.081428571428571,20,17,6,27
2023-05-29,1810,0.0,0.0,740.0,2023-05-29,19.595088880695823,14.60562310565297,24.79283332745562,4.885451765997487,143.39499225706436,8.318877659542995,1020.908045566694,15.124285714285715,20,17,6,26
2023-06-05,1718,0.0,2.0,682.0,2023-06-05,19.575551724630436,14.53626761004919,24.57783277031492,5.813055340903667,78.9110393167753,8.809758571982531,1021.9526396465754,14.662857142857144,20,16,6,27
2023-06-12,1604,0.0,1.0,644.0,2023-06-12,20.254333231455924,15.02991238830575,24.700207445266425,3.617907073112817,87.52982544089298,11.15445255028185,1020.4730860927004,14.94,19,17,6,27
2023-06-19,1679,0.0,1.0,567.0,2023-06-19,20.57911666963864,15.413675265491031,25.844358066938643,2.711570775940804,92.95173515366848,9.874854028655394,1020.1997950173592,15.295714285714286,18,17,6,28
2023-06-26,1651,0.0,1.0,599.0,2023-06-26,20.301767125536763,15.139525483255188,25.316234702888632,3.3956706328444826,76.35351725974158,10.224844137632326,1020.4912400740876,15.248571428571427,18,16,6,27
2023-07-03,1895,1.0,1.0,621.0,2023-07-03,19.280885027359584,14.56997515615168,24.269358303310607,4.645945614265647,136.17424051682858,7.917965071168527,1020.9050681757316,15.754285714285714,18,19,6,27
2023-07-10,1988,0.0,0.0,724.0,2023-07-10,20.251871478204748,14.31241212594376,25.042484305184622,2.8768130891004846,65.14767903512066,10.621037627881265,1019.7140483288606,15.655714285714286,17,16,6,26
2023-07-17,2103,0.0,0.0,754.0,2023-07-17,20.49563286300061,15.442980500702662,25.22957219044294,1.3109028144698962,84.90450815673253,11.90052406431754,1021.2087488040124,14.421428571428573,18,18,6,26
2023-07-24,2001,0.0,0.0,825.0,2023-07-24,20.452056895782427,15.379544146052831,25.295584491492797,4.1357762901114405,86.72074589738217,10.164565732499383,1021.2653434376618,27.587142857142855,17,17,6,25
2023-07-31,2180,1.0,1.0,802.0,2023-07-31,20.428356286946627,14.988592867530588,25.39767035449634,2.2498688747755877,84.75781231570883,11.302890657918471,1022.012233980344,31.12142857142857,20,17,6,27
2023-08-07,2015,1.0,0.0,902.0,2023-08-07,20.167726375567423,14.89223726140494,25.00351007882659,2.5543733854977724,98.18041790755412,9.721779738257762,1021.4927436368208,23.074285714285715,18,16,6,25
2023-08-14,1992,3.0,0.0,881.0,2023-08-14,20.03033207773416,14.76971453438195,25.64672109905671,5.313549644574555,128.3354897689455,9.254893904017958,1019.5411855229232,17.404285714285713,17,17,6,25
2023-08-21,2137,1.0,1.0,929.0,2023-08-21,19.773971552108783,14.487012874520923,25.282812885833664,5.9110890625083465,131.6789186295801,9.813462065384172,1019.9460061472746,20.181428571428572,18,18,6,26
2023-08-28,2174,2.0,1.0,934.0,2023-08-28,20.532688743276783,13.963317575231272,25.98471118495851,2.1887922225579794,93.32229270158918,11.216118585650191,1020.9770909875914,25.40285714285714,18,17,6,25
2023-09-04,2198,1.0,0.0,912.0,2023-09-04,20.20997555055519,14.34792329080041,25.323676410446343,3.445287428355004,83.44910524648951,10.116175347164628,1020.6493395577124,23.262857142857143,18,17,6,24
2023-09-11,2158,1.0,2.0,842.0,2023-09-11,20.31816437303946,14.026582607479684,25.60406567276808,2.5999716022501427,74.77172054679593,10.755340663156128,1020.5721685677148,18.40142857142857,17,17,6,25
2023-09-18,2311,0.0,1.0,829.0,2023-09-18,19.837569961636117,13.60925722290206,26.01263550856281,2.752559172051002,63.61082073305182,10.14036859613552,1019.9260725522054,17.03857142857143,17,17,6,25
2023-09-25,2118,0.0,3.0,814.0,2023-09-25,20.41268734831183,14.071434039572685,26.16469316857828,4.115144690448187,145.60766160973571,9.51863225707796,1020.2249312883916,20.78857142857143,17,17,6,24
2023-10-02,2358,1.0,0.0,776.0,2023-10-02,19.39552902054751,14.497704283132364,25.25669112918274,7.9658307516939635,191.10941286676183,8.580891806115451,1020.6609284498662,24.00714285714286,16,17,6,24
2023-10-09,2222,0.0,0.0,684.0,2023-10-09,19.346827666431984,14.21667470069928,26.200084315732266,5.021633140581907,135.65562276710733,8.775460694627192,1020.7003064607115,28.214285714285715,18,18,6,24
2023-10-16,2476,1.0,1.0,724.0,2023-10-16,18.86364458332049,14.228478079726516,24.53703459329221,3.5726714984495174,134.80839395588038,9.312077579222713,1020.6445107439998,29.141428571428573,18,16,5,25
2023-10-23,2501,0.0,5.0,611.0,2023-10-23,18.530057417430303,14.488413046195378,23.97841861899672,9.525844093442748,246.1496418069324,8.28779928601462,1020.0198572330116,21.12,16,15,5,21
2023-10-30,2317,1.0,3.0,587.0,2023-10-30,18.65755075803684,15.0831265743081,24.168604827908528,7.646682425553005,257.36347458895915,7.266827825727084,1019.6288677281918,15.867142857142857,16,18,6,24
2023-11-06,2474,1.0,1.0,594.0,2023-11-06,19.79250100110608,15.418182115968904,25.004676193890408,4.814700721588497,115.9177578402708,8.651833054797835,1019.4507441294638,18.52857142857143,15,16,5,26
2023-11-13,2788,0.0,2.0,610.0,2023-11-13,19.562503218253344,14.775730063684664,25.48322153091809,6.250189870084825,180.6644698844294,8.989329712803224,1020.1094555433036,19.295714285714286,15,17,5,23
2023-11-20,3026,3.0,1.0,532.0,2023-11-20,18.98034865949993,14.155596062521443,24.829611612494176,4.704982093636221,164.6458921894084,8.741224732348725,1020.4747429864674,16.701428571428572,17,16,6,25
2023-11-27,3118,0.0,1.0,459.0,2023-11-27,19.216266305711645,12.896203642261517,25.43501840359454,0.7144696399968241,151.80125746574865,10.199856990820953,1019.7995032181026,16.692857142857143,23,14,6,24
2023-12-04,3369,0.0,1.0,388.0,2023-12-04,19.27394382099323,13.55801686264103,25.32158260621613,1.9025375796352404,95.948276576481,10.323226258880275,1019.3558325593542,17.18,14,16,5,26
2023-12-11,3446,1.0,1.0,430.0,2023-12-11,19.49374624348303,14.694347969389652,25.424447402209346,4.54020224255605,163.52027061065297,9.15122180952766,1018.6458643402026,22.437142857142856,11,14,4,24
2023-12-18,3312,2.0,2.0,344.0,2023-12-18,19.81099644216837,14.66221261101128,25.917042146040995,3.1516733152763448,136.60158138204898,9.487142661683936,1019.6165212263888,30.012857142857143,12,12,5,25
2023-12-25,3184,1.0,0.0,345.0,2023-12-25,19.37927058547772,14.8696574513145,25.026106099894708,3.7880230224291247,187.16315126870836,8.61781612850848,1021.813455824182,28.035714285714285,13,15,6,25
