date,country,value,model
2020-01-20,Brazil,0.0,arima
2020-01-27,Brazil,0.0,arima
2020-02-03,Brazil,0.0,arima
2020-02-10,Brazil,0.0,arima
2020-02-17,Brazil,0.0,arima
2020-02-24,Brazil,0.092527376,arima
2020-03-02,Brazil,5.3375856,arima
2020-03-09,Brazil,47.99404568,arima
2020-03-16,Brazil,385.3446132,arima
2020-03-23,Brazil,3379.167721,arima
2020-03-30,Brazil,7585.592373,arima
2020-04-06,Brazil,19389.82073,arima
2020-04-13,Brazil,34743.21643,arima
2020-04-20,Brazil,56600.50216,arima
2020-04-27,Brazil,89590.61011,arima
2020-05-04,Brazil,144249.8846,arima
2020-05-11,Brazil,229148.7288,arima
2020-05-18,Brazil,323068.4292,arima
2020-05-25,Brazil,500286.8921,arima
2020-06-01,Brazil,669339.9619,arima
2020-06-08,Brazil,871121.4168,arima
2020-06-15,Brazil,1028629.421,arima
2020-06-22,Brazil,1300031.873,arima
2020-06-29,Brazil,1616470.916,arima
2020-07-06,Brazil,1839305.3,arima
2020-07-13,Brazil,2106750.9,arima
2020-07-20,Brazil,2304903.658,arima
2020-07-27,Brazil,2742267.295,arima
2020-08-03,Brazil,3034962.673,arima
2020-08-10,Brazil,3315064.453,arima
2020-08-17,Brazil,3617131.951,arima
2020-08-24,Brazil,3838939.829,arima
2020-08-31,Brazil,4093271.361,arima
2020-09-07,Brazil,4403274.719,arima
2020-09-14,Brazil,4487140.592,arima
2020-09-21,Brazil,4743823.041,arima
2020-09-28,Brazil,4909763.61,arima
2020-10-05,Brazil,5088450.553,arima
2020-10-12,Brazil,5268260.171,arima
2020-10-19,Brazil,5364396.213,arima
2020-10-26,Brazil,5553049.723,arima
2020-11-02,Brazil,5698426.611,arima
2020-11-09,Brazil,5773793.435,arima
2020-11-16,Brazil,6084099.494,arima
2020-11-23,Brazil,6292833.64,arima
2020-11-30,Brazil,6565969.196,arima
2020-12-07,Brazil,6901728.917,arima
2020-12-14,Brazil,7199818.233,arima
2020-12-21,Brazil,7571352.742,arima
2020-12-28,Brazil,7689906.861,arima
2021-01-04,Brazil,7960799.914,arima
2021-01-11,Brazil,8508158.815,arima
2021-01-18,Brazil,8872504.796,arima
2021-01-25,Brazil,9176118.519,arima
2021-02-01,Brazil,9539389.51,arima
2021-02-08,Brazil,9816693.067,arima
2021-02-15,Brazil,10143157.61,arima
2021-02-22,Brazil,10485165.61,arima
2021-03-01,Brazil,10943168.57,arima
2021-03-08,Brazil,11508479.16,arima
2021-03-15,Brazil,11932436.13,arima
2021-03-22,Brazil,12502418.73,arima
2021-03-29,Brazil,13062386.03,arima
2021-04-05,Brazil,13377132.29,arima
2021-04-12,Brazil,13960662.33,arima
2021-04-19,Brazil,14376107.75,arima
2021-04-26,Brazil,14695759.87,arima
2021-05-03,Brazil,15151384.86,arima
2021-05-10,Brazil,15606639.39,arima
2021-05-17,Brazil,16068185.81,arima
2021-05-24,Brazil,16534043.62,arima
2021-05-31,Brazil,16918845.9,arima
2021-06-07,Brazil,17364329.5,arima
2021-06-14,Brazil,17882755.38,arima
2021-06-21,Brazil,18438740.68,arima
2021-06-28,Brazil,18890010.77,arima
2021-07-05,Brazil,19055532.92,arima
2021-07-12,Brazil,19374361.03,arima
2021-07-19,Brazil,19651891.89,arima
2021-07-26,Brazil,20009460.74,arima
2021-08-02,Brazil,20178085.27,arima
2021-08-09,Brazil,20387832.05,arima
2021-08-16,Brazil,20565102.56,arima
2021-08-23,Brazil,20792995.28,arima
2021-08-30,Brazil,20919668.95,arima
2021-09-06,Brazil,21048019.45,arima
2021-09-13,Brazil,21116688.41,arima
2021-09-20,Brazil,21536832.76,arima
2021-09-27,Brazil,21488157.69,arima
2021-10-04,Brazil,21571948.26,arima
2021-10-11,Brazil,21709963.62,arima
2021-10-18,Brazil,21728590.73,arima
2021-10-25,Brazil,21843115.18,arima
2021-11-01,Brazil,21921067.58,arima
2021-11-08,Brazil,21974505.62,arima
2021-11-15,Brazil,22064174.31,arima
2021-11-22,Brazil,22100357.17,arima
2021-11-29,Brazil,22171881.13,arima
2021-12-06,Brazil,22232415.09,arima
2021-12-13,Brazil,22258420.21,arima
2021-12-20,Brazil,22257362.0,arima
2021-12-27,Brazil,22292263.87,arima
2022-01-03,Brazil,22385565.3,arima
2022-01-10,Brazil,22835988.77,arima
2022-01-17,Brazil,23599462.64,arima
2022-01-24,Brazil,25253800.27,arima
2022-01-31,Brazil,26729506.07,arima
2022-02-07,Brazil,27605601.31,arima
2022-02-14,Brazil,28231344.4,arima
2022-02-21,Brazil,28754131.32,arima
2022-02-28,Brazil,29195759.64,arima
2022-03-07,Brazil,29199165.38,arima
2022-03-14,Brazil,29660625.04,arima
2022-03-21,Brazil,29893673.4,arima
2022-03-28,Brazil,30046345.78,arima
2022-04-04,Brazil,30145670.59,arima
2022-04-11,Brazil,30316605.21,arima
2022-04-18,Brazil,30358612.7,arima
2022-04-25,Brazil,30464913.6,arima
2022-05-02,Brazil,30589362.58,arima
2022-05-09,Brazil,30703480.11,arima
2022-05-16,Brazil,30841641.84,arima
2022-05-23,Brazil,30913014.74,arima
2022-05-30,Brazil,31152922.33,arima
2022-06-06,Brazil,31353752.74,arima
2022-06-13,Brazil,31829729.05,arima
2022-06-20,Brazil,31740160.09,arima
2022-06-27,Brazil,32491751.1,arima
2022-07-04,Brazil,33000346.91,arima
2022-07-11,Brazil,33270676.92,arima
2022-07-18,Brazil,33678277.85,arima
2022-07-25,Brazil,33834454.11,arima
2022-08-01,Brazil,34044302.74,arima
2022-08-08,Brazil,34242879.23,arima
2022-08-15,Brazil,34442893.17,arima
2022-08-22,Brazil,34652934.47,arima
2022-08-29,Brazil,34877107.68,arima
2022-09-05,Brazil,35116436.41,arima
2022-09-12,Brazil,35369805.87,arima
2022-09-19,Brazil,35634890.83,arima
2022-09-26,Brazil,35908861.69,arima
2022-10-03,Brazil,36188896.91,arima
2022-10-10,Brazil,36472505.59,arima
2022-10-17,Brazil,36757694.43,arima
2022-10-24,Brazil,37043016.04,arima
2022-10-31,Brazil,37327536.66,arima
2022-11-07,Brazil,37610756.27,arima
2022-11-14,Brazil,37892507.84,arima
2022-11-21,Brazil,38172854.92,arima
2022-11-28,Brazil,38452000.07,arima
2022-12-05,Brazil,38730210.63,arima
2022-12-12,Brazil,39007764.17,arima
2022-12-19,Brazil,39284912.73,arima
2022-12-26,Brazil,39561863.01,arima
2023-01-02,Brazil,39838769.05,arima
2023-01-09,Brazil,40115733.74,arima
2023-01-16,Brazil,40392815.58,arima
2023-01-23,Brazil,40670038.15,arima
2023-01-30,Brazil,40947400.18,arima
2023-02-06,Brazil,41224884.75,arima
2023-02-13,Brazil,41502466.96,arima
2023-02-20,Brazil,41780119.75,arima
2023-02-27,Brazil,42057817.79,arima
2023-03-06,Brazil,42335539.77,arima
