,Dengue,Varicela,Chikungunya,Zika
1/1/2007,314.8591277,249.8881966,NA,NA
1/8/2007,550.8949052,556.6489383,NA,NA
1/15/2007,787.2586603,863.3306618,NA,NA
1/22/2007,1055.390161,1159.63953,NA,NA
1/29/2007,1411.422632,1403.016493,NA,NA
2/5/2007,1824.331466,1804.725544,NA,NA
2/12/2007,2196.009186,2085.263994,NA,NA
2/19/2007,2561.73756,2453.428981,NA,NA
2/26/2007,2736.60472,2845.412667,NA,NA
3/5/2007,3099.114132,3132.643707,NA,NA
3/12/2007,3311.115593,3570.8006,NA,NA
3/19/2007,3591.769565,4032.904425,NA,NA
3/26/2007,3869.681331,4331.68707,NA,NA
4/2/2007,4127.61476,4851.314801,NA,NA
4/9/2007,4371.216421,5190.839825,NA,NA
4/16/2007,4751.742545,5915.008839,NA,NA
4/23/2007,5004.258456,6537.672205,NA,NA
4/30/2007,5283.252464,6903.717375,NA,NA
5/7/2007,5598.211578,7478.588549,NA,NA
5/14/2007,5914.830968,7974.763904,NA,NA
5/21/2007,6406.12212,8520.339359,NA,NA
5/28/2007,6748.215999,8917.62346,NA,NA
6/4/2007,7039.184496,8682.93969,NA,NA
6/11/2007,7499.641495,9159.126792,NA,NA
6/18/2007,7744.993477,9158.67897,NA,NA
6/25/2007,8216.581585,9121.098232,NA,NA
7/2/2007,8646.333489,10048.21259,NA,NA
7/9/2007,9062.255645,10697.49903,NA,NA
7/16/2007,9594.327604,11117.58396,NA,NA
7/23/2007,10052.9222,11726.36671,NA,NA
7/30/2007,10452.10316,12206.02454,NA,NA
8/6/2007,10847.55527,12734.06509,NA,NA
8/13/2007,11030.40522,13303.35284,NA,NA
8/20/2007,11425.31321,13849.75167,NA,NA
8/27/2007,11686.0305,14329.95252,NA,NA
9/3/2007,12039.02969,15166.54643,NA,NA
9/10/2007,12315.7096,15882.20076,NA,NA
9/17/2007,12682.7149,16431.91091,NA,NA
9/24/2007,13100.01587,17136.58401,NA,NA
10/1/2007,13504.12824,18003.4163,NA,NA
10/8/2007,13837.18282,18926.30587,NA,NA
10/15/2007,14094.28438,19655.09627,NA,NA
10/22/2007,14363.13693,20398.73235,NA,NA
10/29/2007,14763.48904,21365.14827,NA,NA
11/5/2007,14962.87339,21875.58515,NA,NA
11/12/2007,15304.42068,22767.50675,NA,NA
11/19/2007,15631.86859,23585.04329,NA,NA
11/26/2007,16008.67421,24414.60911,NA,NA
12/3/2007,16291.43188,24947.18044,NA,NA
12/10/2007,16563.33696,25531.34419,NA,NA
12/17/2007,16774.32303,26082.73134,NA,NA
12/24/2007,16877.2833,26550.07639,NA,NA
12/31/2007,17179.08151,26934.27958,NA,NA
1/7/2008,17637.0702,27536.42523,NA,NA
1/14/2008,18117.65488,28428.41526,NA,NA
1/21/2008,18562.42926,29363.85934,NA,NA
1/28/2008,18943.78482,29976.95262,NA,NA
2/4/2008,19331.47572,30830.67078,NA,NA
2/11/2008,19674.58997,31626.32083,NA,NA
2/18/2008,20084.01526,32330.58859,NA,NA
2/25/2008,20437.50226,33341.00548,NA,NA
3/3/2008,20756.31901,34325.21627,NA,NA
3/10/2008,21101.49235,35414.074,NA,NA
3/17/2008,21352.03741,36413.20443,NA,NA
3/24/2008,21656.89316,37025.04551,NA,NA
3/31/2008,21980.38286,38767.46983,NA,NA
4/7/2008,22383.9545,39919.7748,NA,NA
4/14/2008,22689.92412,41017.91078,NA,NA
4/21/2008,23016.43475,42465.77249,NA,NA
4/28/2008,23298.9483,43709.38141,NA,NA
5/5/2008,23564.01279,44787.05911,NA,NA
5/12/2008,23952.2912,45901.18641,NA,NA
5/19/2008,24236.85095,47511.55943,NA,NA
5/26/2008,24582.66051,48945.59095,NA,NA
6/2/2008,24815.77874,50093.53169,NA,NA
6/9/2008,25203.37613,51406.38216,NA,NA
6/16/2008,25486.92204,52776.17556,NA,NA
6/23/2008,25806.44781,54082.05089,NA,NA
6/30/2008,26102.98563,55206.28245,NA,NA
7/7/2008,26425.23562,56371.47555,NA,NA
7/14/2008,26781.72191,58014.76789,NA,NA
7/21/2008,27053.58499,59229.45412,NA,NA
7/28/2008,27382.33225,60516.78431,NA,NA
8/4/2008,27647.90085,61732.13539,NA,NA
8/11/2008,27856.95599,62962.43431,NA,NA
8/18/2008,28111.57256,64488.40075,NA,NA
8/25/2008,28371.47515,65839.80895,NA,NA
9/1/2008,28620.82496,67386.62739,NA,NA
9/8/2008,28910.60933,69248.01573,NA,NA
9/15/2008,29188.05741,70958.6101,NA,NA
9/22/2008,29463.88485,72528.05602,NA,NA
9/29/2008,29795.72645,74547.93565,NA,NA
10/6/2008,30077.00851,76220.44709,NA,NA
10/13/2008,30471.93939,78016.38251,NA,NA
10/20/2008,30770.71142,79875.06581,NA,NA
10/27/2008,31183.51127,81849.95284,NA,NA
11/3/2008,31534.03988,83817.68051,NA,NA
11/10/2008,31770.56402,85750.90721,NA,NA
11/17/2008,32169.28908,87583.15799,NA,NA
11/24/2008,32431.07936,89425.33045,NA,NA
12/1/2008,32603.42206,90358.91201,NA,NA
12/8/2008,33065.74249,91331.67871,NA,NA
12/15/2008,33283.46177,NA,NA,NA
12/22/2008,33620.21434,90550.22077,NA,NA
12/29/2008,33802.27183,90211.81877,NA,NA
1/5/2009,34631.54558,92851.92926,NA,NA
1/12/2009,35090.2664,94517.15035,NA,NA
1/19/2009,35541.18126,95688.36667,NA,NA
1/26/2009,35897.03697,96854.87347,NA,NA
2/2/2009,36361.09215,98413.60555,NA,NA
2/9/2009,36676.71463,99456.63265,NA,NA
2/16/2009,36999.11073,101187.6504,NA,NA
2/23/2009,37318.5186,102482.8065,NA,NA
3/2/2009,37752.4816,104790.1698,NA,NA
3/9/2009,37968.40124,106290.585,NA,NA
3/16/2009,38306.43881,108127.0893,NA,NA
3/23/2009,38620.59101,109731.0365,NA,NA
3/30/2009,38929.77225,111470.7787,NA,NA
4/6/2009,39225.50301,112754.1886,NA,NA
4/13/2009,39649.44687,114954.8542,NA,NA
4/20/2009,40102.52386,116609.6222,NA,NA
4/27/2009,40335.22667,118110.2397,NA,NA
5/4/2009,40688.78645,119714.1618,NA,NA
5/11/2009,41100.92885,121533.581,NA,NA
5/18/2009,41616.45586,123055.1549,NA,NA
5/25/2009,42006.27447,124682.8292,NA,NA
6/1/2009,42508.17784,126208.7503,NA,NA
6/8/2009,43011.67072,127468.7761,NA,NA
6/15/2009,43412.32466,128722.1519,NA,NA
6/22/2009,43795.45776,130058.8531,NA,NA
6/29/2009,44311.74837,131447.2238,NA,NA
7/6/2009,44841.93332,133077.7897,NA,NA
7/13/2009,45354.91528,134486.5613,NA,NA
7/20/2009,45938.73212,135786.2651,NA,NA
7/27/2009,46476.36628,137328.6679,NA,NA
8/3/2009,47031.90002,138478.7774,NA,NA
8/10/2009,47552.65344,139963.8221,NA,NA
8/17/2009,48086.93754,141272.8245,NA,NA
8/24/2009,48600.39268,142767.9805,NA,NA
8/31/2009,49153.67722,144107.6739,NA,NA
9/7/2009,49655.02131,145482.9349,NA,NA
9/14/2009,50216.60869,146821.1791,NA,NA
9/21/2009,50863.99972,147978.6816,NA,NA
9/28/2009,51442.70838,149252.246,NA,NA
10/5/2009,51934.89308,150472.5855,NA,NA
10/12/2009,52594.18818,152091.3094,NA,NA
10/19/2009,53180.03902,153492.8597,NA,NA
10/26/2009,53566.79288,154565.6234,NA,NA
11/2/2009,54236.23106,156118.2557,NA,NA
11/9/2009,54712.73845,157442.5804,NA,NA
11/16/2009,55369.88433,158662.5384,NA,NA
11/23/2009,56101.62751,159798.0331,NA,NA
11/30/2009,56780.91342,160709.7039,NA,NA
12/7/2009,57689.23994,161767.725,NA,NA
12/14/2009,58462.72189,162725.9295,NA,NA
12/21/2009,59167.15332,163360.4361,NA,NA
1/4/2010,59847.65308,164174.7444,NA,NA
1/11/2010,61016.83862,165361.1442,NA,NA
1/18/2010,61940.51927,166483.0324,NA,NA
1/25/2010,63217.93083,167614.6754,NA,NA
2/1/2010,64607.44997,168643.3527,NA,NA
2/8/2010,66286.74912,169947.9244,NA,NA
2/15/2010,68108.13136,171048.7188,NA,NA
2/22/2010,70047.87312,172172.3657,NA,NA
3/1/2010,71639.59941,173331.1227,NA,NA
3/8/2010,73505.3625,174622.7717,NA,NA
3/15/2010,75150.28621,176161.1431,NA,NA
3/22/2010,76911.02473,177434.8889,NA,NA
3/29/2010,77819.8281,178288.8705,NA,NA
4/5/2010,79296.41464,179560.4936,NA,NA
4/12/2010,80867.73022,181045.5954,NA,NA
4/19/2010,82010.89564,182208.5095,NA,NA
4/26/2010,83403.67882,183598.3776,NA,NA
5/3/2010,84544.92954,184842.0285,NA,NA
5/10/2010,85801.7305,185964.5832,NA,NA
5/17/2010,87207.3415,187365.4353,NA,NA
5/24/2010,88363.55405,188837.8437,NA,NA
5/31/2010,89429.74567,189962.4454,NA,NA
6/7/2010,90670.04534,191255.684,NA,NA
6/14/2010,91571.36054,192431.0932,NA,NA
6/21/2010,92499.94246,193514.0981,NA,NA
6/28/2010,93544.67453,194635.299,NA,NA
7/5/2010,94425.01012,195676.015,NA,NA
7/12/2010,95413.01258,196974.5975,NA,NA
7/19/2010,96136.66847,198149.2976,NA,NA
7/26/2010,97119.68012,199398.0157,NA,NA
8/2/2010,97949.45384,200592.1349,NA,NA
8/9/2010,98657.13646,201915.9979,NA,NA
8/16/2010,99325.16466,203342.2308,NA,NA
8/23/2010,99939.22336,204997.0426,NA,NA
8/30/2010,100469.6887,206433.4828,NA,NA
9/6/2010,100980.9444,208205.3823,NA,NA
9/13/2010,101460.4759,210008.8995,NA,NA
9/20/2010,101786.9537,211912.0566,NA,NA
9/27/2010,102203.1759,213772.1195,NA,NA
10/4/2010,102534.631,215796.6099,NA,NA
10/11/2010,102865.4888,218013.25,NA,NA
10/18/2010,103193.8342,219994.9942,NA,NA
10/25/2010,103423.3861,222455.0894,NA,NA
11/1/2010,103661.5673,223964.928,NA,NA
11/8/2010,103972.6429,226616.7481,NA,NA
11/15/2010,104220.8358,228601.7225,NA,NA
11/22/2010,104407.3835,230248.1648,NA,NA
11/29/2010,104620.0197,232150.2132,NA,NA
12/6/2010,104861.3246,233629.727,NA,NA
12/13/2010,104982.779,235143.9376,NA,NA
12/20/2010,105123.9239,236828.3076,NA,NA
12/27/2010,105288.5694,237781.2878,NA,NA
1/3/2011,105400.2908,238456.0949,NA,NA
1/10/2011,105983.9349,240387.5199,NA,NA
1/17/2011,106407.104,242232.9113,NA,NA
1/24/2011,106773.4124,243740.9688,NA,NA
1/31/2011,107048.5078,245184.2805,NA,NA
2/7/2011,107347.7319,246762.1589,NA,NA
2/14/2011,107573.4893,248273.5773,NA,NA
2/21/2011,107843.7607,250097.134,NA,NA
2/28/2011,108089.1566,251932.7381,NA,NA
3/7/2011,108343.7332,253954.6438,NA,NA
3/14/2011,108576.2099,256117.8633,NA,NA
3/21/2011,108741.642,258408.4659,NA,NA
3/28/2011,108954.0167,261005.3984,NA,NA
4/4/2011,109240.3729,263378.6886,NA,NA
4/11/2011,109402.2863,265895.2543,NA,NA
4/18/2011,109682.5133,267741.7482,NA,NA
4/25/2011,109867.7428,269715.8616,NA,NA
5/2/2011,110133.4673,272579.0664,NA,NA
5/9/2011,110369.2111,275153.3041,NA,NA
5/16/2011,110600.1979,277833.025,NA,NA
5/23/2011,110892.5461,280142.137,NA,NA
5/30/2011,111105.0244,282391.3468,NA,NA
6/6/2011,111337.0139,285205.0729,NA,NA
6/13/2011,111606.2856,287255.6236,NA,NA
6/20/2011,111809.7176,289351.8262,NA,NA
6/27/2011,112028.1174,291169.5827,NA,NA
7/4/2011,112258.6849,293131.7733,NA,NA
7/11/2011,112524.002,295682.8573,NA,NA
7/18/2011,112717.2845,298146.6984,NA,NA
7/25/2011,112937.4511,300000.286,NA,NA
8/1/2011,113100.6807,302426.5673,NA,NA
8/8/2011,113358.8871,304661.6952,NA,NA
8/15/2011,113617.5341,307120.0714,NA,NA
8/22/2011,113814.1245,309717.2115,NA,NA
8/29/2011,114033.4772,312669.0894,NA,NA
9/5/2011,114225.1107,315623.3087,NA,NA
9/12/2011,114426.4258,318906.0884,NA,NA
9/19/2011,114622.1929,322202.2594,NA,NA
9/26/2011,114894.9022,325779.3668,NA,NA
10/3/2011,115091.4474,329091.9147,NA,NA
10/10/2011,115306.7904,331972.2944,NA,NA
10/17/2011,115536.6749,335077.3073,NA,NA
10/24/2011,115759.7741,338489.0872,NA,NA
10/31/2011,115953.6098,341099.6305,NA,NA
11/7/2011,116195.7815,344404.1068,NA,NA
11/14/2011,116465.908,347510.3026,NA,NA
11/21/2011,116688.5493,349925.4057,NA,NA
11/28/2011,116933.0488,352228.4421,NA,NA
12/5/2011,117220.528,354389.4106,NA,NA
12/12/2011,117480.3968,355991.9658,NA,NA
12/19/2011,117756.2967,357668.6518,NA,NA
12/26/2011,118046.0299,358973.6539,NA,NA
1/2/2012,118330.5574,360119.4819,NA,NA
1/9/2012,118980.6941,362562.0008,NA,NA
1/16/2012,119493.3577,364160.8132,NA,NA
1/23/2012,120056.3018,365470.2081,NA,NA
1/30/2012,120646.3035,367116.4575,NA,NA
2/6/2012,121136.1324,368712.9305,NA,NA
2/13/2012,121768.2159,370085.0791,NA,NA
2/20/2012,122338.3088,371823.6563,NA,NA
2/27/2012,123022.5176,373321.8745,NA,NA
3/5/2012,123583.0406,375240.7046,NA,NA
3/12/2012,124176.6151,377004.2827,NA,NA
3/19/2012,124603.4442,379092.5646,NA,NA
3/26/2012,125166.8254,381032.2004,NA,NA
4/2/2012,125439.5155,382698.7888,NA,NA
4/9/2012,125855.2283,384321.5706,NA,NA
4/16/2012,126481.3136,386822.1748,NA,NA
4/23/2012,126978.8909,388851.5013,NA,NA
4/30/2012,127441.5386,391183.2769,NA,NA
5/7/2012,128011.7145,393184.8129,NA,NA
5/14/2012,128510.3152,395019.4581,NA,NA
5/21/2012,128956.4633,396935.2945,NA,NA
5/28/2012,129479.1702,399079.2854,NA,NA
6/4/2012,130177.2126,400859.6242,NA,NA
6/11/2012,130744.7133,402722.5912,NA,NA
6/18/2012,131297.0659,404298.5691,NA,NA
6/25/2012,131806.6832,405682.2083,NA,NA
7/2/2012,132276.7418,407036.5352,NA,NA
7/9/2012,132886.4782,409135.9785,NA,NA
7/16/2012,133385.4132,411218.3692,NA,NA
7/23/2012,133820.0616,412822.0924,NA,NA
7/30/2012,134297.8878,414614.4211,NA,NA
8/6/2012,134708.5663,416415.017,NA,NA
8/13/2012,135100.8221,418304.6954,NA,NA
8/20/2012,135513.8432,420350.6388,NA,NA
8/27/2012,135970.4824,422392.6875,NA,NA
9/3/2012,136472.5193,424844.4949,NA,NA
9/10/2012,136890.9958,427218.7307,NA,NA
9/17/2012,137299.4902,429627.4397,NA,NA
9/24/2012,137790.4258,432530.7243,NA,NA
10/1/2012,138195.1021,435012.0724,NA,NA
10/8/2012,138654.4109,437618.468,NA,NA
10/15/2012,139209.1205,439809.1652,NA,NA
10/22/2012,139783.298,442723.352,NA,NA
10/29/2012,140206.971,445077.2797,NA,NA
11/5/2012,140715.0927,447395.6207,NA,NA
11/12/2012,141269.3642,449422.0069,NA,NA
11/19/2012,141836.6698,451529.9292,NA,NA
11/26/2012,142512.695,453629.0229,NA,NA
12/3/2012,143047.6201,455386.2545,NA,NA
12/10/2012,143606.9741,456609.0257,NA,NA
12/17/2012,144329.6936,458237.7306,NA,NA
12/24/2012,144819.613,459326.4129,NA,NA
12/31/2012,145236.1305,460401.8085,NA,NA
1/7/2013,146415.2158,461814.2741,NA,NA
1/14/2013,147385.9389,463554.0251,NA,NA
1/21/2013,148262.0403,465224.1557,NA,NA
1/28/2013,149313.0617,466791.5041,NA,NA
2/4/2013,150313.5933,468211.204,NA,NA
2/11/2013,151250.9696,469643.654,NA,NA
2/18/2013,152129.7051,471121.691,NA,NA
2/25/2013,153353.096,472671.3022,NA,NA
3/4/2013,154266.2343,474603.5865,NA,NA
3/11/2013,155356.5097,476203.5967,NA,NA
3/18/2013,156411.7026,477962.0926,NA,NA
3/25/2013,157436.9053,479422.8241,NA,NA
4/1/2013,158458.5434,480709.8361,NA,NA
4/8/2013,160105.6383,483141.0377,NA,NA
4/15/2013,161798.2024,484674.4061,NA,NA
4/22/2013,163498.6869,486392.7508,NA,NA
4/29/2013,164926.0551,487943.1999,NA,NA
5/6/2013,166361.8922,489641.093,NA,NA
5/13/2013,167677.2801,491418.7307,NA,NA
5/20/2013,169054.5408,492900.5018,NA,NA
5/27/2013,170729.0131,494998.7484,NA,NA
6/3/2013,172135.2397,496649.4236,NA,NA
6/10/2013,173502.4241,498103.1171,NA,NA
6/17/2013,174944.7617,499781.4253,NA,NA
6/24/2013,176256.5015,500978.6389,NA,NA
7/1/2013,177501.1876,502226.3489,NA,NA
7/8/2013,179189.6066,503841.2071,NA,NA
7/15/2013,180687.3169,505534.227,NA,NA
7/22/2013,182257.1623,507347.5259,NA,NA
7/29/2013,183463.532,508854.5572,NA,NA
8/5/2013,184560.1632,510694.6829,NA,NA
8/12/2013,185633.3512,512488.5666,NA,NA
8/19/2013,186550.9098,514307.8547,NA,NA
8/26/2013,187756.7217,516260.9148,NA,NA
9/2/2013,188607.5025,518463.7555,NA,NA
9/9/2013,189671.7146,520690.2124,NA,NA
9/16/2013,190880.8338,522825.0136,NA,NA
9/23/2013,192001.9677,525320.9771,NA,NA
9/30/2013,193198.9545,527325.4835,NA,NA
10/7/2013,194431.9431,529566.0571,NA,NA
10/14/2013,195446.2805,531978.7964,NA,NA
10/21/2013,196806.9102,535005.8529,NA,NA
10/28/2013,197950.7007,537476.3128,NA,NA
11/4/2013,199075.6474,539786.2829,NA,NA
11/11/2013,200235.9119,542251.6924,NA,NA
11/18/2013,201567.0845,544765.3508,NA,NA
11/25/2013,202787.2965,546907.271,NA,NA
12/2/2013,203798.7357,548638.5174,NA,NA
12/9/2013,205035.6816,550465.8883,NA,NA
12/16/2013,206191.6558,552014.4298,NA,NA
12/23/2013,207034.43,553181.0364,NA,NA
12/30/2013,207732.3029,554260.7504,NA,NA
1/6/2014,209760.2312,555694.5687,NA,NA
1/13/2014,211329.2785,557623.8909,NA,NA
1/20/2014,212709.989,559111.2383,NA,NA
1/27/2014,214350.0075,560752.1373,NA,NA
2/3/2014,215232.629,562339.8666,NA,NA
2/10/2014,216386.1527,563735.2424,NA,NA
2/17/2014,217394.8015,565561.8844,NA,NA
2/24/2014,218448.0737,567456.4352,NA,NA
3/3/2014,219305.3481,569162.7728,NA,NA
3/10/2014,220268.9543,571402.1284,NA,NA
3/17/2014,221303.4414,573720.0934,NA,NA
3/24/2014,222127.7906,575668.5524,NA,NA
3/31/2014,223002.0228,577860.8296,NA,NA
4/7/2014,224104.5074,579899.4936,NA,NA
4/14/2014,224815.9218,581546.5738,NA,NA
4/21/2014,225632.1087,583091.1867,NA,NA
4/28/2014,226665.6599,585590.364,NA,NA
5/5/2014,227540.7847,587633.5158,NA,NA
5/12/2014,228438.2119,589919.8687,NA,NA
5/19/2014,229258.6453,591837.8284,NA,NA
5/26/2014,230272.2347,594195.3625,NA,NA
6/2/2014,230898.6359,596164.0331,12.99418622,NA
6/9/2014,232124.0737,598551.4728,22.99508067,NA
6/16/2014,233154.9318,600543.8284,32.97258536,NA
6/23/2014,233956.5744,601931.1255,39.24341669,NA
6/30/2014,234881.1074,603423.2018,43.07749198,NA
7/7/2014,236073.548,605623.2557,52.72959356,NA
7/14/2014,237200.5606,607833.7137,66.8408208,NA
7/21/2014,238202.2093,609977.988,83.76931318,NA
7/28/2014,239304.2426,612008.0103,94.36900284,NA
8/4/2014,240286.2131,613947.3284,109.5428268,NA
8/11/2014,241108.9493,615916.6874,135.6295083,NA
8/18/2014,242097.3249,618091.258,163.7951675,NA
8/25/2014,242948.926,620422.8223,224.0312989,NA
9/1/2014,243673.1091,622769.24,351.5080907,NA
9/8/2014,244764.1063,625238.3544,679.4207424,NA
9/15/2014,245850.5177,627984.7351,1867.379911,NA
9/22/2014,246894.6084,630591.9824,4154.037636,NA
9/29/2014,247764.1927,633299.4129,6069.260038,NA
10/6/2014,248774.5855,635870.0516,7104.647737,NA
10/13/2014,249684.292,638581.7329,8069.445443,NA
10/20/2014,250770.7924,641621.1083,9337.854429,NA
10/27/2014,251833.8595,644250.456,10377.57004,NA
11/3/2014,252540.5664,646806.3324,11050.17633,NA
11/10/2014,253266.9225,649470.7105,12189.20233,NA
11/17/2014,254034.452,651624.8362,13325.69872,NA
11/24/2014,254727.092,653651.3016,14451.08968,NA
12/1/2014,255340.1892,655652.356,15426.57706,NA
12/8/2014,256156.1683,657159.3714,16941.32614,NA
12/15/2014,257038.8271,658692.4537,18039.73322,NA
12/22/2014,257705.4095,660267.5908,18995.12913,NA
12/29/2014,258857.6307,662156.1558,21582.78388,NA
1/5/2015,260529.8438,664210.6369,23960.69897,NA
1/12/2015,261225.3244,665805.2403,25267.93097,NA
1/19/2015,261985.4587,667723.6947,26413.62971,NA
1/26/2015,262643.0317,668997.1928,27289.04677,NA
2/2/2015,263447.502,670753.8647,28889.31242,NA
2/9/2015,264059.9516,672513.2723,30148.68196,NA
2/16/2015,264833.8198,674141.396,31904.6877,NA
2/23/2015,265382.0673,676214.7477,33537.88366,NA
3/2/2015,266026.716,678274.0578,35127.82476,NA
3/9/2015,266722.8901,680648.9649,36832.65382,NA
3/16/2015,267301.4995,682632.9498,38176.2956,NA
3/23/2015,267742.2072,684174.1327,39799.58967,NA
3/30/2015,268273.222,686390.9406,41189.27788,NA
4/6/2015,268923.8319,688929.4242,43107.91752,NA
4/13/2015,269531.919,690913.0084,44702.29943,NA
4/20/2015,270185.7966,693052.0192,45998.50831,NA
4/27/2015,270842.6203,695101.0195,47717.39804,NA
5/4/2015,271438.1033,697298.7585,49531.67857,NA
5/11/2015,272196.9033,699242.4326,51135.9303,NA
5/18/2015,272735.0506,701541.5403,52793.73264,NA
5/25/2015,273397.7729,703855.2478,54258.17236,NA
6/1/2015,274080.283,705845.3247,55422.39287,NA
6/8/2015,274587.6477,707838.7872,56307.70403,NA
6/15/2015,275184.6523,709812.2138,57166.14627,NA
6/22/2015,275783.7982,711344.7295,57643.16034,NA
6/29/2015,276613.2135,713586.5447,58393.40927,NA
7/6/2015,277284.8892,715980.9262,59054.1425,NA
7/13/2015,277818.1377,717779.456,59392.66903,NA
7/20/2015,278387.2938,719945.0744,59761.1328,NA
7/27/2015,279051.7124,722226.6649,59983.70118,NA
8/3/2015,279602.7127,724531.8932,60232.26941,25.98837245
8/10/2015,280128.8355,727078.7824,60507.68343,48.98345317
8/17/2015,280792.4914,729754.6251,60692.55873,71.65718515
8/24/2015,281400.9225,732346.8443,60865.17602,74.6356428
8/31/2015,282083.8575,735100.2863,61026.42925,72.35270495
9/7/2015,282919.8755,737897.0514,61204.44479,86.87203398
9/14/2015,283635.5036,740837.1416,61385.21669,116.0896766
9/21/2015,284504.8876,743532.874,61498.97872,161.7390988
9/28/2015,285297.0383,746088.614,61611.7508,310.9655336
10/5/2015,286041.319,748589.1603,61782.83864,352.8759506
10/12/2015,286995.0327,751845.5613,62008.2945,458.0644289
10/19/2015,287870.7864,754446.0554,62112.92646,798.5058646
10/26/2015,288786.9868,756956.4693,62234.11826,1065.028033
11/2/2015,289758.2032,759902.1264,62371.81666,1450.517603
11/9/2015,290748.7386,762519.9497,62523.87054,2319.962196
11/16/2015,291558.3334,764864.1977,62665.55609,2663.841828
11/23/2015,292430.8559,766594.4255,62868.49542,2977.676615
11/30/2015,293579.1423,768285.5615,63091.31367,3854.554914
12/7/2015,294688.9736,769892.5927,63273.8221,4537.900646
12/14/2015,295688.3523,771153.222,63526.46676,5830.447503
12/21/2015,296747.6172,772425.0197,63670.23535,6230.68642
1/4/2016,297934.2494,773517.8386,64006.4212,6947.949805
1/11/2016,300091.8904,775346.8536,65052.23628,10931.25439
1/18/2016,302077.0281,777064.4755,65751.69257,13523.26293
1/25/2016,303775.6048,778477.3825,66147.65216,17613.02372
2/1/2016,305304.5111,779972.0948,66479.77071,22690.73909
2/8/2016,306944.945,781590.8803,66916.30513,26797.70701
2/15/2016,308580.8988,783356.4861,67430.75235,29705.28072
2/22/2016,309861.0203,785202.7947,67768.11303,32376.95272
2/29/2016,311184.3538,787172.7272,68184.51091,34400.25915
3/7/2016,312884.8587,789471.8963,68657.88991,37124.985
3/14/2016,313974.1038,791673.1804,68947.02252,39516.36865
3/21/2016,314968.0327,793470.9755,69166.62853,41070.03046
3/28/2016,316299.821,795559.0478,69473.07326,42417.59204
4/4/2016,318270.1509,798509.2042,70154.24021,46570.68865
4/11/2016,319200.8944,800594.0037,70543.80044,48793.19874
4/18/2016,320909.8429,803633.7306,70909.36953,51270.28251
4/25/2016,321970.9426,805953.8876,71336.41762,53501.08438
5/2/2016,323221.3317,808282.3332,71750.50583,55659.85003
5/9/2016,324480.5454,811038.8872,72204.72084,57541.15045
5/16/2016,325797.0198,813328.6015,72526.44718,59735.2927
5/23/2016,327210.2728,816154.4319,72989.62695,62022.0936
5/30/2016,328292.7364,818546.0215,73261.19664,63403.41978
6/6/2016,329306.6501,820498.9833,73563.82366,64803.86641
6/13/2016,330392.7098,822593.2401,73776.72157,66359.7203
6/20/2016,331325.7293,824281.4836,74028.44178,67325.46932
6/27/2016,332203.2588,826203.9634,74204.41878,68333.40021
7/4/2016,333052.8493,828067.8716,74330.80711,68800.84814
7/11/2016,334121.8868,830137.506,74529.80015,69591.22011
7/18/2016,334932.6361,832273.3354,74636.2683,70069.8379
7/25/2016,335560.7314,834031.0577,74747.56541,70380.65815
8/1/2016,336360.6838,836150.8129,74804.58847,70870.28124
8/8/2016,336986.4447,838629.8909,74957.97324,71090.84975
8/15/2016,337607.7981,840752.7095,75014.36139,71271.13958
8/22/2016,338427.2031,843179.981,75115.12799,71560.69278
8/29/2016,338966.8738,845474.2306,75187.4711,71748.05658
9/5/2016,339542.3049,848000.1913,75231.54321,71917.1145
9/12/2016,340057.7975,850603.5421,75273.98135,72055.44979
9/19/2016,340530.3705,853298.7013,75314.67217,72143.42597
9/26/2016,340896.4537,856044.7799,75358.04288,72312.32838
10/3/2016,341381.9072,859216.1953,75400.58162,72424.47368
10/10/2016,341660.0873,861625.5735,75457.35545,72488.78213
10/17/2016,342024.5616,864070.6307,75514.33036,72566.5554
10/24/2016,342461.6183,867621.5904,75573.20767,72697.53461
10/31/2016,342729.1216,869875.136,75615.64069,72749.35975
11/7/2016,343097.1021,872557.027,75631.46866,72847.94942
11/14/2016,343394.2806,875214.3871,75662.94924,72866.64702
11/21/2016,343662.0381,877442.8008,75731.68335,72919.72292
11/28/2016,343946.3663,879142.1962,75756.50071,72988.38145
12/5/2016,344118.5726,880920.3841,NA,73038.17419
12/12/2016,344339.1456,882381.7232,NA,73120.57839
12/19/2016,344551.9743,883908.7191,NA,73170.16044
12/26/2016,344731.8875,884944.1164,NA,73221.78721
1/2/2017,344986.7292,885857.0876,75750.60942,73240.59214
1/9/2017,345326.215,887450.2337,75822.29427,73322.86319
1/16/2017,345561.9875,889047.0468,75880.04086,73344.35729
1/23/2017,345865.8352,890580.6583,75903.01967,73459.73608
1/30/2017,346022.9134,892107.3486,75930.54001,73547.02827
2/6/2017,346170.8542,893710.7479,75965.43325,73608.38327
2/13/2017,346394.7237,895379.4853,75990.91543,73691.75124
2/20/2017,346499.6603,897233.3062,76024.08238,73735.68795
2/27/2017,346630.2119,898733.9873,76033.02421,73798.71364
3/6/2017,346791.0287,901039.3917,76054.37254,73881.7224
3/13/2017,346905.1968,903126.7235,76080.93139,73935.88915
3/20/2017,347038.6611,905034.1472,76100.51424,73958.1511
3/27/2017,347167.1854,907476.9162,76125.20046,73984.09648
4/3/2017,347296.7967,909812.5515,76144.0927,74048.60297
4/10/2017,347420.4691,911656.7714,76159.27221,74074.37795
4/17/2017,347538.0362,913524.5238,76171.15729,74111.24925
4/24/2017,347668.078,916102.027,76210.46256,74180.07553
5/1/2017,347814.784,917819.4366,76222.08947,74208.84464
5/8/2017,347951.8859,920142.2968,76244.22024,74218.08369
5/15/2017,348087.0861,921925.2095,76269.13941,74265.65221
5/22/2017,348248.4984,923906.7873,76287.38107,74300.20671
5/29/2017,348355.4171,925773.2573,76288.61195,74332.82884
6/5/2017,348549.1063,927427.4645,76311.08387,74346.81567
6/12/2017,348703.82,929034.3758,76322.77931,74384.4911
6/19/2017,348812.688,930292.9242,76338.52933,74396.26224
6/26/2017,348932.7473,931231.2153,76355.05205,74421.68593
7/3/2017,349126.7491,932918.4408,76372.10544,74447.13714
7/10/2017,349280.1712,934300.7377,76398.13062,74468.80679
7/17/2017,349425.8944,935748.7494,76411.35845,74536.67228
7/24/2017,349560.1372,937058.6691,76420.2126,74542.93065
7/31/2017,349687.5106,938495.0342,76434.75338,74581.29086
8/7/2017,349824.2416,940026.1504,76449.15789,74588.48875
8/14/2017,350002.9614,941620.6252,76478.01477,74620.15081
8/21/2017,350115.2363,943311.0654,76492.18334,74642.81112
8/28/2017,350210.6447,945012.9681,76499.6845,74673.65017
9/4/2017,350358.3552,946891.6188,76511.31251,74689.02268
9/11/2017,350480.148,948482.1879,76528.46838,74707.21691
9/18/2017,350588.5782,950392.4494,76542.45087,74716.56843
9/25/2017,350817.5709,952204.1186,76557.60084,74739.25632
10/2/2017,350942.4831,953858.6117,76592.15036,74774.97464
10/9/2017,351038.0486,955628.5536,76588.31225,74772.78571
10/16/2017,351147.2174,957229.7398,76604.85658,74797.24493
10/23/2017,351251.8446,959507.3387,76621.48274,74812.84095
10/30/2017,351371.9063,961303.1039,76627.3823,74821.00289
11/6/2017,351529.5451,962786.9474,76639.39545,74854.81407
11/13/2017,351620.9231,964830.9433,76644.07839,74859.9182
11/20/2017,351781.2495,966342.0537,76661.39722,74880.1305
11/27/2017,351865.2252,967988.6678,76677.27538,74897.04136
12/4/2017,352024.8252,969387.1933,76685.15526,74898.35638
12/11/2017,352140.0443,970263.0415,76692.12164,74913.95244
12/18/2017,352337.3616,971413.6732,76708.48005,74959.53506
12/25/2017,352502.0088,972111.902,76712.88547,74957.28026
1/1/2018,352597.8576,972819.5457,76711.8752,74966.74493
1/8/2018,352885.2133,974116.1856,76738.75367,75013.15237
1/15/2018,353187.8176,975326.2131,76762.46635,75017.869
1/22/2018,353468.6333,976406.5741,76780.70144,75047.82493
1/29/2018,353634.1346,977555.392,76792.63321,75068.02477
2/5/2018,353870.3555,978905.7233,76802.81565,75063.16774
2/12/2018,354007.1632,980369.8064,76816.11802,75095.23246
2/19/2018,354212.0862,981634.6582,76821.36652,75124.57398
2/26/2018,354377.984,983041.9996,76829.76535,75156.44554
3/5/2018,354554.4683,984651.5138,76837.26074,75145.43465
3/12/2018,354759.983,986494.2523,76850.50152,75167.81674
3/19/2018,354957.2279,988362.3258,76858.54017,75171.75854
3/26/2018,355130.2808,990355.8603,76862.87522,75193.78992
4/2/2018,355282.883,991833.1229,76871.96937,75194.83029
4/9/2018,355495.4319,994265.9044,76895.13546,75229.23272
4/16/2018,355688.5644,996178.9149,76908.77452,75232.05088
4/23/2018,355938.7059,998395.4484,76934.73052,75247.93587
4/30/2018,356156.3395,1000304.567,76957.81273,75248.55962
5/7/2018,356423.9275,1002352.018,76971.81125,75270.96356
5/14/2018,356668.2517,1004148.41,76978.78395,75277.59535
5/21/2018,357052.2527,1006149.143,76981.94019,75284.3984
5/28/2018,357268.6466,1008174.705,77014.60154,75300.51936
6/4/2018,357748.8816,1010014.441,77024.66893,75336.76804
6/11/2018,358084.8287,1011475.644,77045.37895,75331.03716
6/18/2018,358439.7908,1013071.029,77061.36936,75350.08795
6/25/2018,358810.0298,1013980.588,77065.67593,75366.26455
7/2/2018,359055.5834,1015106.574,77073.42851,75385.5572
7/9/2018,359519.9053,1016514.47,77085.50463,75415.59665
7/16/2018,359958.8483,1017875.991,77095.42766,75417.37594
7/23/2018,360481.1828,1019050.056,77099.05777,75414.59188
7/30/2018,360828.9469,1020227.663,77117.2999,75431.1835
8/6/2018,361352.4749,1021595.022,77120.11132,75441.05816
8/13/2018,361875.7816,1022927.931,77130.95697,75442.07173
8/20/2018,362221.0844,1024344.43,77136.99931,75439.7591
8/27/2018,362804.1837,1025729.895,77149.91817,75460.50013
9/3/2018,363342.9705,1027295.635,77170.25052,75471.71211
9/10/2018,363722.3108,1028736.58,77188.61858,75471.04231
9/17/2018,364288.7056,1030226.274,77198.68626,75491.11654
9/24/2018,364791.1539,1031866.052,77227.56598,75504.59054
10/1/2018,365334.2473,1033460.241,77236.80221,75503.7671
10/8/2018,366020.7788,1034911.064,77242.17777,75511.60926
10/15/2018,366627.5114,1036272.893,77245.07899,75516.63949
10/22/2018,367514.9702,1038242.716,77260.64612,75527.35909
10/29/2018,368259.6955,1039625.97,77257.86143,75526.1671
11/5/2018,368973.0386,1041029.523,77265.36623,75532.97271
11/12/2018,369838.4511,1042403.791,77271.26698,75535.75467
11/19/2018,370586.0145,1043736.109,77293.08368,75533.21222
11/26/2018,371575.9925,1045049.421,77299.88994,75552.64374
12/3/2018,372498.4351,1045994.07,77313.34798,75542.62754
12/10/2018,373538.8731,1046733.88,77321.49971,75566.93179
12/17/2018,374672.1485,1047813.927,77329.92936,75585.55894
12/24/2018,375524.5568,1048382.757,77341.68542,75595.02072
12/31/2018,376582.1061,1049105.88,77339.2243,75608.00657
1/7/2019,377802.0025,1049974.931,77359.86173,75612.05538
1/14/2019,379048.7086,1051234.437,77374.72872,75617.22727
1/21/2019,380201.0394,1052364.395,77388.42295,75622.51842
1/28/2019,381383.5059,1053529.619,77393.92202,75651.21413
2/4/2019,382537.9238,1054618.767,77407.07816,75645.57164
2/11/2019,383663.4473,1055719.96,77424.36913,75660.25734
2/18/2019,384689.1552,1056994.37,77435.8742,75656.6615
2/25/2019,385923.4748,1058438.328,77456.63846,75688.4159
3/4/2019,387107.3381,1059710.592,77453.44717,75675.92556
3/11/2019,388311.7305,1061369.995,77457.07352,75683.57922
3/18/2019,389460.0761,1062965.988,77479.70898,75688.86664
3/25/2019,390496.4466,1064419.866,77492.29683,75702.90444
4/1/2019,391744.7218,1066140.356,77516.14686,75700.10326
4/8/2019,393066.5336,1067913.36,77521.43034,75706.95247
4/15/2019,393943.8921,1069176.559,77531.97377,75718.69497
4/22/2019,395301.5071,1070671.027,77553.21492,75712.8002
4/29/2019,396989.9118,1072301.787,77568.86241,75735.74983
5/6/2019,398607.0523,1073790.043,77564.3038,75738.84455
5/13/2019,400168.5256,1075609.868,77572.83375,75753.66076
5/20/2019,401886.9842,1077187.944,77580.85716,75755.26271
5/27/2019,403664.2384,1078922.726,77588.34073,75765.00301
6/3/2019,405312.2335,1080587.645,77597.42207,75768.5276
6/10/2019,407133.2321,1082112.017,77614.1772,75777.08696
6/17/2019,409111.9424,1083412.261,77619.07936,75781.79088
6/24/2019,410806.1281,1084518.381,77627.19847,75787.93372
7/1/2019,412556.1999,1085464.814,77637.51314,75814.10908
7/8/2019,415208.2023,1087113.894,77640.00304,75807.53835
7/15/2019,416789.406,1088385.28,77666.78234,75814.53676
7/22/2019,418561.541,1089617.625,77668.77422,75818.61651
7/29/2019,420095.5018,1090997.499,77675.75362,75817.16843
8/5/2019,421415.8334,1092166.885,77684.90845,75824.2098
8/12/2019,423027.1045,1093501.906,77689.52892,75823.59314
8/19/2019,424163.6761,1094677.111,77708.63847,75834.81776
8/26/2019,425564.3223,1095807.844,77709.00509,75838.0225
9/2/2019,426961.7279,1097101.979,77711.46706,75840.77045
9/9/2019,428469.1586,1098439.825,77724.89911,75847.16393
9/16/2019,429725.5545,1099923.606,77730.28563,75847.5786
9/23/2019,431070.2386,1101332.455,77744.37507,75853.10312
9/30/2019,431992.695,1102538.79,77743.17372,75859.26936
10/7/2019,433371.3818,1103882.111,77752.80651,75861.84869
10/14/2019,434726.675,1105077.232,77753.31667,75874.89875
10/21/2019,436105.6882,1106481.431,77769.27291,75882.28484
10/28/2019,437550.2219,1107691.165,77779.32673,75887.8536
11/4/2019,439007.7194,1109013.736,77776.70322,75888.24357
11/11/2019,440648.205,1110401.15,77788.74792,75897.23362
11/18/2019,441934.3493,1111708.295,77793.38242,75896.36401
11/25/2019,443393.2304,1112671.302,77798.75517,75910.98182
12/2/2019,444678.4397,1113502.416,77808.9357,75913.83781
12/9/2019,446354.4397,1114535.784,77820.82013,75917.71192
12/16/2019,448099.2153,1115410.75,77819.77827,75927.38205
12/23/2019,449689.8843,1116149.851,77818.72279,75927.41106
12/30/2019,451193.2271,1116850.671,77828.7354,75934.05002
1/6/2020,453470.6352,1117584.267,77848.39577,75941.25253
1/13/2020,455944.2062,1118650.473,77869.94476,75949.31671
1/20/2020,458448.419,1119441.26,77898.37225,75962.8104
1/27/2020,460502.2836,1120304.27,77903.50708,75965.54681
2/3/2020,462751.6058,1121287.869,77908.36672,75979.5664
2/10/2020,464975.1931,1122221.595,77906.17906,75986.94283
2/17/2020,466788.5865,1123272.848,77911.02413,75984.7985
2/24/2020,468669.8233,1124465.939,77911.95631,75996.32924
3/2/2020,470435.0502,1125686.645,77923.72465,75991.92097
3/9/2020,472190.4968,1126904.544,77926.25856,75996.8947
3/16/2020,473561.4352,1128240.752,77928.19427,75997.72995
3/23/2020,473984.0938,1128403.578,77929.73687,75997.67774
3/30/2020,474889.596,1128278.9,77928.63877,76003.37122
4/6/2020,475881.8306,1128573.743,77935.8997,76001.6443
4/13/2020,476693.2803,1128709.107,NA,76007.36062
4/20/2020,477621.003,1128823.491,77936.28525,76005.64094
4/27/2020,478509.0488,1129094.159,77939.70686,NA
5/4/2020,479229.8896,1129168.795,77939.4087,76011.35955
5/11/2020,480057.6161,1129432.849,77943.51731,76011.87728
5/18/2020,480885.1046,1129583.544,77945.41954,76016.19778
5/25/2020,481625.5093,1129784.099,77944.84193,NA
6/1/2020,482176.883,1129904.711,77951.76964,76014.58933
6/8/2020,482901.4116,1130073.462,77950.47903,76020.3432
6/15/2020,483301.4555,1130229.5,77950.69332,76020.87209
6/22/2020,483843.8724,1130352.921,77952.19634,76022.95946
6/29/2020,484299.9593,1130460.518,NA,76024.98715
7/6/2020,484823.6145,1130578.658,NA,76024.75925
7/13/2020,485201.1898,1130737.252,77954.76379,76025.9237
7/20/2020,485457.0592,1130851.833,77955.26174,76029.21249
7/27/2020,485796.0162,1130963.758,77955.83243,76033.30402
8/3/2020,486042.0095,1131070.584,77957.10728,76033.85968
8/10/2020,486318.3222,1131247.265,77957.93132,76033.71885
8/17/2020,486591.671,1131460.203,77960.93345,76034.9109
8/24/2020,486857.615,1131693.743,NA,NA
8/31/2020,487123.5589,1131956.41,77961.15312,NA
9/7/2020,487389.5028,1132240.121,77961.90197,76035.97176
9/14/2020,487655.4467,1132545.222,77964.95224,NA
9/21/2020,487921.3906,1132872.243,77965.14109,76039.22773
9/28/2020,488187.3345,1133214.48,NA,NA
10/5/2020,488453.2785,1133578.079,NA,NA
10/12/2020,488719.2224,1133953.416,NA,NA
10/19/2020,488985.1663,1134347.539,NA,76038.8355
10/26/2020,489251.1102,1134752.434,NA,76044.42122
11/2/2020,489517.0541,1135172.157,77965.90967,76044.89682
11/9/2020,489782.998,1135603.071,NA,NA
11/16/2020,490048.9419,1136044.713,77967.05783,76044.73062
11/23/2020,490314.8859,1136498.007,77967.96298,76045.91463
11/30/2020,490580.8298,1136958.91,77972.80266,NA
12/7/2020,490846.7737,1137431.039,NA,76046.97294
12/14/2020,491112.7176,1137909.153,77972.34737,76047.99142
12/21/2020,491378.6615,1138396.976,77972.77761,76053.47063
12/28/2020,491644.6054,1138890.454,NA,76051.67581
1/4/2021,491910.5494,1139391.459,77977.92134,76055.13393
1/11/2021,492176.4933,1139898.426,NA,76057.04245
1/18/2021,492442.4372,1140410.76,NA,NA
1/25/2021,492708.3811,1140929.283,NA,NA
2/1/2021,492974.325,1141451.614,NA,NA
2/8/2021,493240.2689,1141979.831,NA,NA
2/15/2021,493506.2129,1142511.113,77977.2714,76056.77678
2/22/2021,493772.1568,1143047.398,77979.71573,76057.92925
3/1/2021,494038.1007,1143586.666,77980.29251,76061.21425
3/8/2021,494304.0446,1144129.741,77982.70222,NA
3/15/2021,494569.9885,1144675.998,NA,NA
3/22/2021,494835.9324,1145224.932,77983.30116,76060.83123
3/29/2021,495101.8763,1145777.153,77983.8072,76061.94651
4/5/2021,495367.8203,1146331.279,77987.01291,NA
4/12/2021,495633.7642,1146888.485,NA,NA
4/19/2021,495899.7081,1147447.269,77987.10225,NA
4/26/2021,496165.652,1148008.623,77987.93454,76062.98305
5/3/2021,496431.5959,1148571.556,77990.93139,NA
5/10/2021,496697.5398,1149136.408,77991.15444,76063.95671
5/17/2021,496963.4838,1149702.961,NA,NA
5/24/2021,497229.4277,1150270.846,77993.79061,NA
5/31/2021,497495.3716,1150840.474,NA,NA
6/7/2021,497761.3155,1151411.057,77994.24457,76064.92518
6/14/2021,498027.2594,1151983.249,77994.84342,76065.89077
6/21/2021,498293.2033,1152556.255,77996.10024,NA
6/28/2021,498559.1473,1153130.579,77996.93583,76066.85477
7/5/2021,498825.0912,1153705.741,77998.04108,NA
7/12/2021,499091.0351,1154281.868,NA,76067.81789
7/19/2021,499356.979,1154858.904,77999.05133,76068.78051
7/26/2021,499622.9229,1155436.602,78000.08472,76069.74287
8/2/2021,499888.8668,1156015.222,78001.10074,NA
8/9/2021,500154.8107,1156594.323,78002.1298,76070.70508
8/16/2021,500420.7547,1157174.261,78003.14907,NA
8/23/2021,500686.6986,1157754.622,NA,76071.66721
8/30/2021,500952.6425,1158335.656,78004.17569,76072.62929
9/6/2021,501218.5864,1158917.138,NA,NA
9/13/2021,501484.5303,1159499.102,NA,76073.59135
9/20/2021,501750.4742,1160081.552,NA,76074.55339
9/27/2021,502016.4182,1160664.331,78005.19679,NA
10/4/2021,502282.3621,1161247.597,78006.22203,76075.51542
10/11/2021,502548.306,1161831.106,NA,76076.47745
10/18/2021,502814.2499,1162415.049,78007.24416,NA
10/25/2021,503080.1938,1162999.213,NA,76077.43948
11/1/2021,503346.1377,1163583.72,78008.26863,76078.4015
11/8/2021,503612.0817,1164168.466,NA,76079.36353
11/15/2021,503878.0256,1164753.453,78009.29135,76080.32555
11/22/2021,504143.9695,1165338.699,NA,76081.28758
11/29/2021,504409.9134,1165924.109,78010.31538,76082.2496
12/6/2021,504675.8573,1166509.776,78011.33842,76083.21163
12/13/2021,504941.8012,1167095.565,78012.36221,76084.17365
12/20/2021,505207.7452,1167681.579,NA,76085.13568
12/27/2021,505473.6891,1168267.71,NA,NA
1/3/2022,505739.633,1168854.014,78013.38544,NA
1/10/2022,506005.5769,1169440.446,78014.40908,76086.0977
1/17/2022,506271.5208,1170026.998,78015.43242,NA
1/24/2022,506537.4647,1170613.689,NA,NA
1/31/2022,506803.4086,1171200.461,NA,76087.05972
2/7/2022,507069.3526,1171787.367,78016.45598,NA
2/14/2022,507335.2965,1172374.337,78017.47938,NA
2/21/2022,507601.2404,1172961.422,NA,NA
2/28/2022,507867.1843,1173548.569,78018.5029,NA
3/7/2022,508133.1282,1174135.803,78019.52632,NA
3/14/2022,508399.0721,1174723.107,78020.54982,NA
3/21/2022,508665.0161,1175310.469,78021.57327,76088.02175
3/28/2022,508930.96,1175897.906,78022.59675,76088.98377
4/4/2022,509196.9039,1176485.383,78023.62021,76089.9458
4/11/2022,509462.8478,1177072.931,78024.64368,NA
4/18/2022,509728.7917,1177660.51,78025.66714,NA
4/25/2022,509994.7356,1178248.15,NA,76090.90782
5/2/2022,510260.6796,1178835.822,78026.69062,NA
5/9/2022,510526.6235,1179423.538,78027.71408,76091.86984
5/16/2022,510792.5674,1180011.291,NA,NA
5/23/2022,511058.5113,1180599.074,78028.73755,76092.83187
5/30/2022,511324.4552,1181186.896,78029.76102,76093.79389
6/6/2022,511590.3991,1181774.738,78030.78448,NA
6/13/2022,511856.343,1182362.617,78031.80795,76094.75592
6/20/2022,512122.287,1182950.512,78032.83142,76095.71794
6/27/2022,512388.2309,1183538.438,NA,76096.67997
7/4/2022,512654.1748,1184126.382,NA,76097.64199
7/11/2022,512920.1187,1184714.347,78033.85488,NA
7/18/2022,513186.0626,1185302.333,NA,76098.60401
7/25/2022,513452.0065,1185890.333,78034.87835,76099.56604
8/1/2022,513717.9505,1186478.354,78035.90182,76100.52806
8/8/2022,513983.8944,1187066.384,78036.92529,NA
8/15/2022,514249.8383,1187654.435,78037.94875,NA
8/22/2022,514515.7822,1188242.493,78038.97222,NA
8/29/2022,514781.7261,1188830.568,78039.99569,NA
9/5/2022,515047.67,1189418.651,78041.01916,NA
9/12/2022,515313.614,1190006.746,78042.04262,76101.49009
9/19/2022,515579.5579,1190594.851,78043.06609,76102.45211
9/26/2022,515845.5018,1191182.964,78044.08956,NA
10/3/2022,516111.4457,1191771.088,78045.11303,76103.41413
10/10/2022,516377.3896,1192359.216,78046.13649,76104.37616
10/17/2022,516643.3335,1192947.355,NA,NA
10/24/2022,516909.2774,1193535.498,78047.15996,NA
10/31/2022,517175.2214,1194123.649,78048.18343,NA
11/7/2022,517441.1653,1194711.805,78049.20689,NA
11/14/2022,517707.1092,1195299.967,NA,76105.33818
11/21/2022,517973.0531,1195888.134,78050.23036,76106.30021
11/28/2022,518238.997,1196476.305,78051.25383,NA
12/5/2022,518504.9409,1197064.482,NA,76107.26223
12/12/2022,518770.8849,1197652.661,78052.2773,NA
12/19/2022,519036.8288,1198240.846,78053.30076,76108.22426
12/26/2022,519302.7727,1198829.033,78054.32423,76109.18628
1/2/2023,519568.7166,1199417.223,78055.3477,NA
1/9/2023,519834.6605,1200005.417,78056.37117,76110.1483
1/16/2023,520100.6044,1200593.613,NA,NA
1/23/2023,520366.5484,1201181.813,78057.39463,NA
1/30/2023,520632.4923,1201770.014,NA,NA
2/6/2023,520898.4362,1202358.218,NA,NA
2/13/2023,521164.3801,1202946.423,NA,NA
2/20/2023,521430.324,1203534.632,NA,76111.11033
2/27/2023,521696.2679,1204122.841,78058.4181,NA
3/6/2023,521962.2118,1204711.052,NA,76112.07235
3/13/2023,522228.1558,1205299.265,NA,NA
3/20/2023,522494.0997,1205887.479,78059.44157,NA
3/27/2023,522760.0436,1206475.695,78060.46503,NA
4/3/2023,523025.9875,1207063.912,NA,NA
4/10/2023,523291.9314,1207652.13,NA,NA
4/17/2023,523557.8753,1208240.349,78061.4885,76113.03438
4/24/2023,523823.8193,1208828.57,NA,NA
5/1/2023,524089.7632,1209416.791,78062.51197,NA
5/8/2023,524355.7071,1210005.013,78063.53544,NA
5/15/2023,524621.651,1210593.236,78064.5589,76113.9964
5/22/2023,524887.5949,1211181.459,NA,NA
5/29/2023,525153.5388,1211769.684,NA,NA
6/5/2023,525419.4828,1212357.908,78065.58237,NA
6/12/2023,525685.4267,1212946.134,78066.60584,NA
6/19/2023,525951.3706,1213534.36,78067.62931,NA
6/26/2023,526217.3145,1214122.587,78068.65277,NA
7/3/2023,526483.2584,1214710.814,78069.67624,76114.95842
7/10/2023,526749.2023,1215299.041,NA,NA
7/17/2023,527015.1463,1215887.269,NA,NA
7/24/2023,527281.0902,1216475.498,NA,NA
7/31/2023,527547.0341,1217063.727,78070.69971,76115.92045
8/7/2023,527812.978,1217651.956,NA,76116.88247
8/14/2023,528078.9219,1218240.185,NA,76117.8445
8/21/2023,528344.8658,1218828.415,78071.72317,76118.80652
8/28/2023,528610.8097,1219416.645,78072.74664,76119.76854
9/4/2023,528876.7537,1220004.875,NA,76120.73057
9/11/2023,529142.6976,1220593.105,78073.77011,76121.69259
9/18/2023,529408.6415,1221181.336,78074.79358,NA
9/25/2023,529674.5854,1221769.567,78075.81704,NA
10/2/2023,529940.5293,1222357.798,NA,76122.65462
10/9/2023,530206.4732,1222946.029,NA,NA
10/16/2023,530472.4172,1223534.26,78076.84051,76123.61664
10/23/2023,530738.3611,1224122.492,78077.86398,NA
10/30/2023,531004.305,1224710.724,78078.88745,76124.57867
11/6/2023,531270.2489,1225298.955,78079.91091,76125.54069
11/13/2023,531536.1928,1225887.187,78080.93438,NA
11/20/2023,531802.1367,1226475.419,78081.95785,76126.50271
11/27/2023,532068.0807,1227063.651,78082.98131,NA
12/4/2023,532334.0246,1227651.884,78084.00478,NA
12/11/2023,532599.9685,1228240.116,78085.02825,76127.46474
12/18/2023,532865.9124,1228828.348,78086.05172,76128.42676
12/25/2023,533131.8563,1229416.581,NA,76129.38879
