"date","Dengue","Zika","Chicungunya","Varicela"
2007-01-01,302.977332136846,NA,NA,3.0011168281009e-18
2007-01-08,607.161057089861,NA,NA,1.30665132305447e-17
2007-01-15,912.554537257203,NA,NA,4.68246807866003e-17
2007-01-22,1219.16113121418,NA,NA,1.60045644092729e-16
2007-01-29,1526.98419356588,NA,NA,5.39775571988895e-16
2007-02-05,1836.0270747986,NA,NA,1.81334553579632e-15
2007-02-12,2146.29312113024,NA,NA,6.08475090460347e-15
2007-02-19,2457.78567435946,NA,NA,2.04105471648499e-14
2007-02-26,2770.50807171378,NA,NA,6.84575997786843e-14
2007-03-05,3084.46364569658,NA,NA,2.29601819823375e-13
2007-03-12,3399.6557239329,NA,NA,7.70060770812904e-13
2007-03-19,3716.08762901412,NA,NA,2.58269716337911e-12
2007-03-26,4033.7626783416,NA,NA,8.66206856733074e-12
2007-04-02,4352.68418396908,NA,NA,2.90515723965355e-11
2007-04-09,4672.85545244405,NA,NA,9.74355941608463e-11
2007-04-16,4994.2797846479,NA,NA,3.26787640774338e-10
2007-04-23,5316.960475635,NA,NA,1.09600770020714e-09
2007-04-30,5640.90081447067,NA,NA,3.67588221438989e-09
2007-05-07,5966.10408406796,NA,NA,1.23284809438579e-08
2007-05-14,6292.57356102335,NA,NA,4.13482896057162e-08
2007-05-21,6620.31251545132,NA,NA,1.3867734889777e-07
2007-05-28,6949.3242108178,NA,NA,4.65107681125349e-07
2007-06-04,7279.61190377245,NA,NA,1.55991700706656e-06
2007-06-11,7611.17884397989,NA,NA,5.23178001067156e-06
2007-06-18,7944.02827394975,NA,NA,1.7546780986199e-05
2007-06-25,8278.16342886564,NA,NA,5.88498603408786e-05
2007-07-02,8613.58753641299,NA,NA,0.000197375579274894
2007-07-09,8950.30381660575,NA,NA,0.000661974710671576
2007-07-16,9288.31548161198,NA,NA,0.00222018609573181
2007-07-23,9627.62573557839,NA,NA,0.00744624558774107
2007-07-30,9968.23777445372,NA,NA,0.0249738399337377
2007-08-06,10310.1547858109,NA,NA,0.0837593427932273
2007-08-13,10653.3799486684,NA,NA,0.280918987683547
2007-08-20,10997.9164333102,NA,NA,0.942168502238373
2007-08-27,11343.7674011046,NA,NA,3.15991138112201
2007-09-03,11690.9360043224,NA,NA,10.5978390453316
2007-09-10,12039.4253859534,NA,NA,35.5423907357772
2007-09-17,12389.2386795221,NA,NA,119.187861754861
2007-09-24,12740.3790089025,NA,NA,399.549100465274
2007-10-01,13092.8494881315,NA,NA,1337.87351703831
2007-10-08,13446.6532212209,NA,NA,4462.85997814475
2007-10-15,13801.7933019694,NA,NA,14701.8476340325
2007-10-22,14158.2728137726,NA,NA,46534.0365898407
2007-10-29,14516.0948294319,NA,NA,131294.398994338
2007-11-05,14875.262410963,NA,NA,287354.669638986
2007-11-12,15235.7786094029,NA,NA,445099.582181974
2007-11-19,15597.6464646155,NA,NA,532210.492896732
2007-11-26,15960.8690050973,NA,NA,565191.427022647
2007-12-03,16325.4492477805,NA,NA,575831.059452928
2007-12-10,16691.3901978365,NA,NA,579081.353545233
2007-12-17,17058.694848477,NA,NA,580057.580281202
2007-12-24,17427.3661807555,NA,NA,580349.291138639
2007-12-31,17797.4071633668,NA,NA,580436.324967492
2008-01-07,18168.8207524453,NA,NA,580462.280183868
2008-01-14,18541.6098913635,NA,NA,580470.019487452
2008-01-21,18915.7775105279,NA,NA,580472.327092172
2008-01-28,19291.3265271751,NA,NA,580473.015135327
2008-02-04,19668.2598451667,NA,NA,580473.220283836
2008-02-11,20046.5803547823,NA,NA,580473.281451315
2008-02-18,20426.2909325129,NA,NA,580473.299689124
2008-02-25,20807.3944408523,NA,NA,580473.305126943
2008-03-03,21189.8937280879,NA,NA,580473.306748292
2008-03-10,21573.7916280904,NA,NA,580473.307231717
2008-03-17,21959.0909601029,NA,NA,580473.307375856
2008-03-24,22345.7945285284,NA,NA,580473.307418832
2008-03-31,22733.9051227171,NA,NA,580473.307431647
2008-04-07,23123.4255167523,NA,NA,580473.307435467
2008-04-14,23514.3584692351,NA,NA,580473.307436606
2008-04-21,23906.7067230691,NA,NA,580473.307436946
2008-04-28,24300.4730052434,NA,NA,580473.307437047
2008-05-05,24695.660026615,NA,NA,580473.307437077
2008-05-12,25092.2704816899,NA,NA,580473.307437086
2008-05-19,25490.3070484043,NA,NA,580473.307437089
2008-05-26,25889.7723879039,NA,NA,580473.30743709
2008-06-02,26290.6691443225,NA,NA,580473.30743709
2008-06-09,26692.9999445605,NA,NA,580473.30743709
2008-06-16,27096.7673980618,NA,NA,580473.30743709
2008-06-23,27501.9740965899,NA,NA,580473.30743709
2008-06-30,27908.6226140035,NA,NA,580473.30743709
2008-07-07,28316.7155060312,NA,NA,580473.30743709
2008-07-14,28726.2553100454,NA,NA,580473.30743709
2008-07-21,29137.2445448351,NA,NA,580473.30743709
2008-07-28,29549.6857103783,NA,NA,580473.30743709
2008-08-04,29963.5812876136,NA,NA,580473.30743709
2008-08-11,30378.9337382108,NA,NA,580473.30743709
2008-08-18,30795.7455043409,NA,NA,580473.30743709
2008-08-25,31214.0190084452,NA,NA,580473.30743709
2008-09-01,31633.7566530043,NA,NA,580473.30743709
2008-09-08,32054.9608203053,NA,NA,580473.30743709
2008-09-15,32477.6338722094,NA,NA,580473.30743709
2008-09-22,32901.778149918,NA,NA,580473.30743709
2008-09-29,33327.3959737386,NA,NA,580473.30743709
2008-10-06,33754.48964285,NA,NA,580473.30743709
2008-10-13,34183.0614350665,NA,NA,580473.30743709
2008-10-20,34613.1136066016,NA,NA,580473.30743709
2008-10-27,35044.6483918319,NA,NA,580473.30743709
2008-11-03,35477.6680030587,NA,NA,580473.30743709
2008-11-10,35912.1746302707,NA,NA,580473.30743709
2008-11-17,36348.1704409052,NA,NA,580473.30743709
2008-11-24,36785.6575796088,NA,NA,580473.30743709
2008-12-01,37224.6381679981,NA,NA,580473.30743709
2008-12-08,37665.1143044189,NA,NA,580473.30743709
2008-12-15,38107.0880637059,NA,NA,580473.30743709
2008-12-22,38550.5614969414,NA,NA,580473.30743709
2008-12-29,38995.5366312132,NA,NA,580473.30743709
2009-01-05,39442.015469373,NA,NA,580473.30743709
2009-01-12,39889.9999897931,NA,NA,580473.30743709
2009-01-19,40339.4921461239,NA,NA,580473.30743709
2009-01-26,40790.4938670498,NA,NA,580473.30743709
2009-02-02,41243.0070560458,NA,NA,580473.30743709
2009-02-09,41697.0335911328,NA,NA,580473.30743709
2009-02-16,42152.5753246333,NA,NA,580473.30743709
2009-02-23,42609.6340829258,NA,NA,580473.30743709
2009-03-02,43068.2116662002,NA,NA,580473.30743709
2009-03-09,43528.3098482113,NA,NA,580473.30743709
2009-03-16,43989.9303760336,NA,NA,580473.30743709
2009-03-23,44453.0749698144,NA,NA,580473.30743709
2009-03-30,44917.7453225278,NA,NA,580473.30743709
2009-04-06,45383.9430997274,NA,NA,580473.30743709
2009-04-13,45851.6699392999,NA,NA,580473.30743709
2009-04-20,46320.9274512174,NA,NA,580473.30743709
2009-04-27,46791.7172172906,NA,NA,580473.30743709
2009-05-04,47264.0407909204,NA,NA,580473.30743709
2009-05-11,47737.8996968513,NA,NA,580473.30743709
2009-05-18,48213.2954309226,NA,NA,580473.30743709
2009-05-25,48690.2294598213,NA,NA,580473.30743709
2009-06-01,49168.7032208335,NA,NA,580473.30743709
2009-06-08,49648.7181215969,NA,NA,580473.30743709
2009-06-15,50130.2755398519,NA,NA,580473.30743709
2009-06-22,50613.3768231947,NA,NA,580473.30743709
2009-06-29,51098.0232888279,NA,NA,580473.30743709
2009-07-06,51584.2162233134,NA,NA,580473.30743709
2009-07-13,52071.9568823238,NA,NA,580473.30743709
2009-07-20,52561.2464903946,NA,NA,580473.30743709
2009-07-27,53052.0862406766,NA,NA,580473.30743709
2009-08-03,53544.4772946875,NA,NA,580473.30743709
2009-08-10,54038.4207820648,NA,NA,580473.30743709
2009-08-17,54533.9178003183,NA,NA,580473.30743709
2009-08-24,55030.9694145826,NA,NA,580473.30743709
2009-08-31,55529.57665737,NA,NA,580473.30743709
2009-09-07,56029.7405283238,NA,NA,580473.30743709
2009-09-14,56531.4619939717,NA,NA,580473.30743709
2009-09-21,57034.7419874794,NA,NA,580473.30743709
2009-09-28,57539.5814084045,NA,NA,580473.30743709
2009-10-05,58045.9811224511,NA,NA,580473.30743709
2009-10-12,58553.9419612242,NA,NA,580473.30743709
2009-10-19,59063.4647219846,NA,NA,580473.30743709
2009-10-26,59574.5501674046,NA,NA,580473.30743709
2009-11-02,60087.1990253241,NA,NA,580473.30743709
2009-11-09,60601.4119885061,NA,NA,580473.30743709
2009-11-16,61117.1897143944,NA,NA,580473.30743709
2009-11-23,61634.53282487,NA,NA,580473.30743709
2009-11-30,62153.4419060098,NA,NA,580473.30743709
2009-12-07,62673.9175078443,NA,NA,580473.30743709
2009-12-14,63195.9601441169,NA,NA,580473.30743709
2009-12-21,63719.5702920433,NA,NA,580473.30743709
2009-12-28,64244.7483920717,NA,NA,580473.30743709
2010-01-04,64771.4948476438,NA,NA,580473.30743709
2010-01-11,65299.8100249563,NA,NA,580473.30743709
2010-01-18,65829.694252723,NA,NA,580473.30743709
2010-01-25,66361.1478219379,NA,NA,580473.30743709
2010-02-01,66894.1709856392,NA,NA,580473.30743709
2010-02-08,67428.7639586733,NA,NA,580473.30743709
2010-02-15,67964.9269174608,NA,NA,580473.30743709
2010-02-22,68502.6599997627,NA,NA,580473.30743709
2010-03-01,69041.9633044471,NA,NA,580473.30743709
2010-03-08,69582.8368912574,NA,NA,580473.30743709
2010-03-15,70125.2807805818,NA,NA,580473.30743709
2010-03-22,70669.2949532226,NA,NA,580473.30743709
2010-03-29,71214.8793501675,NA,NA,580473.30743709
2010-04-05,71762.0338723614,NA,NA,580473.30743709
2010-04-12,72310.7583804796,NA,NA,580473.30743709
2010-04-19,72861.0526947021,NA,NA,580473.30743709
2010-04-26,73412.9165944881,NA,NA,580473.30743709
2010-05-03,73966.3498183535,NA,NA,580473.30743709
2010-05-10,74521.3520636473,NA,NA,580473.30743709
2010-05-17,75077.9229863312,NA,NA,580473.30743709
2010-05-24,75636.0622007593,NA,NA,580473.30743709
2010-05-31,76195.7692794594,NA,NA,580473.30743709
2010-06-07,76757.0437529153,NA,NA,580473.30743709
2010-06-14,77319.885109351,NA,NA,580473.30743709
2010-06-21,77884.292794516,NA,NA,580473.30743709
2010-06-28,78450.2662114713,NA,NA,580473.30743709
2010-07-05,79017.8047203783,NA,NA,580473.30743709
2010-07-12,79586.9076382876,NA,NA,580473.30743709
2010-07-19,80157.5742389302,NA,NA,580473.30743709
2010-07-26,80729.80375251,NA,NA,580473.30743709
2010-08-02,81303.5953654976,NA,NA,580473.30743709
2010-08-09,81878.9482204263,NA,NA,580473.30743709
2010-08-16,82455.8614156887,NA,NA,580473.30743709
2010-08-23,83034.3340053358,NA,NA,580473.30743709
2010-08-30,83614.3649988775,NA,NA,580473.30743709
2010-09-06,84195.9533610847,NA,NA,580473.30743709
2010-09-13,84779.0980117931,NA,NA,580473.30743709
2010-09-20,85363.7978257088,NA,NA,580473.30743709
2010-09-27,85950.0516322162,NA,NA,580473.30743709
2010-10-04,86537.8582151864,NA,NA,580473.30743709
2010-10-11,87127.2163127891,NA,NA,580473.30743709
2010-10-18,87718.124617305,NA,NA,580473.30743709
2010-10-25,88310.5817749411,NA,NA,580473.30743709
2010-11-01,88904.5863856472,NA,NA,580473.30743709
2010-11-08,89500.1370029351,NA,NA,580473.30743709
2010-11-15,90097.2321336989,NA,NA,580473.30743709
2010-11-22,90695.8702380385,NA,NA,580473.30743709
2010-11-29,91296.049729084,NA,NA,580473.30743709
2010-12-06,91897.7689728228,NA,NA,580473.30743709
2010-12-13,92501.0262879291,NA,NA,580473.30743709
2010-12-20,93105.8199455951,NA,NA,580473.30743709
2010-12-27,93712.1481693641,NA,NA,580473.30743709
2011-01-03,94320.0091349672,NA,NA,580473.30743709
2011-01-10,94929.4009701604,NA,NA,580473.30743709
2011-01-17,95540.3217545653,NA,NA,580473.30743709
2011-01-24,96152.7695195117,NA,NA,580473.30743709
2011-01-31,96766.7422478829,NA,NA,580473.30743709
2011-02-07,97382.2378739627,NA,NA,580473.30743709
2011-02-14,97999.2542832851,NA,NA,580473.30743709
2011-02-21,98617.7893124871,NA,NA,580473.30743709
2011-02-28,99237.8407491629,NA,NA,580473.30743709
2011-03-07,99859.4063317216,NA,NA,580473.30743709
2011-03-14,100482.483749246,NA,NA,580473.30743709
2011-03-21,101107.070641358,NA,NA,580473.30743709
2011-03-28,101733.164598078,NA,NA,580473.30743709
2011-04-04,102360.763159697,NA,NA,580473.30743709
2011-04-11,102989.863816648,NA,NA,580473.30743709
2011-04-18,103620.464009373,NA,NA,580473.30743709
2011-04-25,104252.561128204,NA,NA,580473.30743709
2011-05-02,104886.152513241,NA,NA,580473.30743709
2011-05-09,105521.23545423,NA,NA,580473.30743709
2011-05-16,106157.807190449,NA,NA,580473.30743709
2011-05-23,106795.864910597,NA,NA,580473.30743709
2011-05-30,107435.40575268,NA,NA,580473.30743709
2011-06-06,108076.426803906,NA,NA,580473.30743709
2011-06-13,108718.925100579,NA,NA,580473.30743709
2011-06-20,109362.897628,NA,NA,580473.30743709
2011-06-27,110008.341320367,NA,NA,580473.30743709
2011-07-04,110655.253060679,NA,NA,580473.30743709
2011-07-11,111303.629680645,NA,NA,580473.30743709
2011-07-18,111953.467960594,NA,NA,580473.30743709
2011-07-25,112604.764629389,NA,NA,580473.30743709
2011-08-01,113257.516364344,NA,NA,580473.30743709
2011-08-08,113911.719791144,NA,NA,580473.30743709
2011-08-15,114567.371483769,NA,NA,580473.30743709
2011-08-22,115224.467964419,NA,NA,580473.30743709
2011-08-29,115883.005703446,NA,NA,580473.30743709
2011-09-05,116542.981119285,NA,NA,580473.30743709
2011-09-12,117204.390578392,NA,NA,580473.30743709
2011-09-19,117867.230395182,NA,NA,580473.30743709
2011-09-26,118531.496831974,NA,NA,580473.30743709
2011-10-03,119197.186098936,NA,NA,580473.30743709
2011-10-10,119864.294354035,NA,NA,580473.30743709
2011-10-17,120532.817702992,NA,NA,580473.30743709
2011-10-24,121202.752199235,NA,NA,580473.30743709
2011-10-31,121874.093843864,NA,NA,580473.30743709
2011-11-07,122546.838585611,NA,NA,580473.30743709
2011-11-14,123220.982320808,NA,NA,580473.30743709
2011-11-21,123896.520893359,NA,NA,580473.30743709
2011-11-28,124573.450094715,NA,NA,580473.30743709
2011-12-05,125251.765663848,NA,NA,580473.30743709
2011-12-12,125931.463287238,NA,NA,580473.30743709
2011-12-19,126612.538598852,NA,NA,580473.30743709
2011-12-26,127294.987180141,NA,NA,580473.30743709
2012-01-02,127978.804560026,NA,NA,580473.30743709
2012-01-09,128663.986214894,NA,NA,580473.30743709
2012-01-16,129350.527568605,NA,NA,580473.30743709
2012-01-23,130038.423992487,NA,NA,580473.30743709
2012-01-30,130727.670805352,NA,NA,580473.30743709
2012-02-06,131418.263273501,NA,NA,580473.30743709
2012-02-13,132110.196610742,NA,NA,580473.30743709
2012-02-20,132803.465978408,NA,NA,580473.30743709
2012-02-27,133498.066485381,NA,NA,580473.30743709
2012-03-05,134193.993188118,NA,NA,580473.30743709
2012-03-12,134891.241090684,NA,NA,580473.30743709
2012-03-19,135589.805144781,NA,NA,580473.30743709
2012-03-26,136289.680249792,NA,NA,580473.30743709
2012-04-02,136990.861252823,NA,NA,580473.30743709
2012-04-09,137693.342948745,NA,NA,580473.30743709
2012-04-16,138397.120080249,NA,NA,580473.30743709
2012-04-23,139102.187337899,NA,NA,580473.30743709
2012-04-30,139808.539360188,NA,NA,580473.30743709
2012-05-07,140516.170733606,NA,NA,580473.30743709
2012-05-14,141225.075992699,NA,NA,580473.30743709
2012-05-21,141935.249620147,NA,NA,580473.30743709
2012-05-28,142646.686046833,NA,NA,580473.30743709
2012-06-04,143359.379651924,NA,NA,580473.30743709
2012-06-11,144073.324762955,NA,NA,580473.30743709
2012-06-18,144788.515655913,NA,NA,580473.30743709
2012-06-25,145504.946555329,NA,NA,580473.30743709
2012-07-02,146222.611634373,NA,NA,580473.30743709
2012-07-09,146941.505014957,NA,NA,580473.30743709
2012-07-16,147661.62076783,NA,NA,580473.30743709
2012-07-23,148382.952912695,NA,NA,580473.30743709
2012-07-30,149105.495418313,NA,NA,580473.30743709
2012-08-06,149829.242202624,NA,NA,580473.30743709
2012-08-13,150554.187132864,NA,NA,580473.30743709
2012-08-20,151280.324025692,NA,NA,580473.30743709
2012-08-27,152007.646647314,NA,NA,580473.30743709
2012-09-03,152736.148713621,NA,NA,580473.30743709
2012-09-10,153465.823890322,NA,NA,580473.30743709
2012-09-17,154196.665793087,NA,NA,580473.30743709
2012-09-24,154928.667987692,NA,NA,580473.30743709
2012-10-01,155661.823990165,NA,NA,580473.30743709
2012-10-08,156396.127266947,NA,NA,580473.30743709
2012-10-15,157131.571235044,NA,NA,580473.30743709
2012-10-22,157868.149262189,NA,NA,580473.30743709
2012-10-29,158605.854667015,NA,NA,580473.30743709
2012-11-05,159344.680719215,NA,NA,580473.30743709
2012-11-12,160084.620639728,NA,NA,580473.30743709
2012-11-19,160825.667600911,NA,NA,580473.30743709
2012-11-26,161567.814726724,NA,NA,580473.30743709
2012-12-03,162311.055092917,NA,NA,580473.30743709
2012-12-10,163055.381727226,NA,NA,580473.30743709
2012-12-17,163800.787609562,NA,NA,580473.30743709
2012-12-24,164547.265672218,NA,NA,580473.30743709
2012-12-31,165294.808800069,NA,NA,580473.30743709
2013-01-07,166043.409830783,NA,NA,580473.30743709
2013-01-14,166793.061555032,NA,NA,580473.30743709
2013-01-21,167543.756716712,NA,NA,580473.30743709
2013-01-28,168295.488013161,NA,NA,580473.30743709
2013-02-04,169048.248095387,NA,NA,580473.30743709
2013-02-11,169802.029568299,NA,NA,580473.30743709
2013-02-18,170556.824990935,NA,NA,580473.30743709
2013-02-25,171312.626876707,NA,NA,580473.30743709
2013-03-04,172069.42769364,NA,NA,580473.30743709
2013-03-11,172827.219864616,NA,NA,580473.30743709
2013-03-18,173585.995767631,NA,NA,580473.30743709
2013-03-25,174345.747736044,NA,NA,580473.30743709
2013-04-01,175106.468058838,NA,NA,580473.30743709
2013-04-08,175868.148980882,NA,NA,580473.30743709
2013-04-15,176630.7827032,NA,NA,580473.30743709
2013-04-22,177394.361383241,NA,NA,580473.30743709
2013-04-29,178158.877135154,NA,NA,580473.30743709
2013-05-06,178924.322030066,NA,NA,580473.30743709
2013-05-13,179690.688096368,NA,NA,580473.30743709
2013-05-20,180457.967320001,NA,NA,580473.30743709
2013-05-27,181226.151644747,NA,NA,580473.30743709
2013-06-03,181995.232972526,NA,NA,580473.30743709
2013-06-10,182765.203163691,NA,NA,580473.30743709
2013-06-17,183536.054037338,NA,NA,580473.30743709
2013-06-24,184307.777371607,NA,NA,580473.30743709
2013-07-01,185080.364903997,NA,NA,580473.30743709
2013-07-08,185853.808331679,NA,NA,580473.30743709
2013-07-15,186628.099311817,NA,NA,580473.30743709
2013-07-22,187403.229461887,NA,NA,580473.30743709
2013-07-29,188179.190360009,NA,NA,580473.30743709
2013-08-05,188955.973545273,NA,NA,580473.30743709
2013-08-12,189733.570518074,NA,NA,580473.30743709
2013-08-19,190511.972740452,NA,NA,580473.30743709
2013-08-26,191291.171636433,NA,NA,580473.30743709
2013-09-02,192071.158592372,NA,NA,580473.30743709
2013-09-09,192851.924957306,NA,NA,580473.30743709
2013-09-16,193633.462043304,NA,NA,580473.30743709
2013-09-23,194415.761125824,NA,NA,580473.30743709
2013-09-30,195198.813444075,NA,NA,580473.30743709
2013-10-07,195982.610201378,NA,NA,580473.30743709
2013-10-14,196767.142565535,NA,NA,580473.30743709
2013-10-21,197552.401669198,NA,NA,580473.30743709
2013-10-28,198338.378610244,NA,NA,580473.30743709
2013-11-04,199125.064452156,NA,NA,580473.30743709
2013-11-11,199912.450224399,NA,NA,580473.30743709
2013-11-18,200700.526922805,NA,NA,580473.30743709
2013-11-25,201489.285509967,NA,NA,580473.30743709
2013-12-02,202278.716915621,NA,NA,580473.30743709
2013-12-09,203068.81203705,NA,NA,580473.30743709
2013-12-16,203859.561739475,NA,NA,580473.30743709
2013-12-23,204650.956856458,NA,NA,580473.30743709
2013-12-30,205442.988190308,NA,NA,580473.30743709
2014-01-06,206235.646512486,NA,NA,580473.30743709
2014-01-13,207028.922564017,NA,NA,580473.30743709
2014-01-20,207822.807055904,NA,NA,580473.30743709
2014-01-27,208617.290669543,NA,NA,580473.30743709
2014-02-03,209412.364057146,NA,NA,580473.30743709
2014-02-10,210208.017842159,NA,NA,580473.30743709
2014-02-17,211004.242619691,NA,NA,580473.30743709
2014-02-24,211801.028956944,NA,NA,580473.30743709
2014-03-03,212598.36739364,NA,NA,580473.30743709
2014-03-10,213396.248442459,NA,NA,580473.30743709
2014-03-17,214194.662589473,NA,NA,580473.30743709
2014-03-24,214993.600294589,NA,NA,580473.30743709
2014-03-31,215793.05199199,NA,NA,580473.30743709
2014-04-07,216593.00809058,NA,NA,580473.30743709
2014-04-14,217393.458974432,NA,NA,580473.30743709
2014-04-21,218194.395003238,NA,NA,580473.30743709
2014-04-28,218995.806512763,NA,NA,580473.30743709
2014-05-05,219797.683815298,NA,NA,580473.30743709
2014-05-12,220600.017200123,NA,NA,580473.30743709
2014-05-19,221402.79693396,NA,NA,580473.30743709
2014-05-26,222206.013261442,NA,385.683553871585,580473.30743709
2014-06-02,223009.656405572,NA,789.595331425339,580473.30743709
2014-06-09,223813.716568198,NA,1212.3674965999,580473.30743709
2014-06-16,224618.183930474,NA,1654.62960656659,580473.30743709
2014-06-23,225423.048653336,NA,2117.00551509919,580473.30743709
2014-06-30,226228.300877976,NA,2600.10998280179,580473.30743709
2014-07-07,227033.930726316,NA,3104.54499085026,580473.30743709
2014-07-14,227839.928301487,NA,3630.89575836176,580473.30743709
2014-07-21,228646.283688307,NA,4179.72646751885,580473.30743709
2014-07-28,229452.986953766,NA,4751.57570515338,580473.30743709
2014-08-04,230260.028147504,NA,5346.95163463719,580473.30743709
2014-08-11,231067.397302302,NA,5966.32691761346,580473.30743709
2014-08-18,231875.084434568,NA,6610.1334112983,580473.30743709
2014-08-25,232683.079544823,NA,7278.75667372708,580473.30743709
2014-09-01,233491.372618193,NA,7972.53031633293,580473.30743709
2014-09-08,234299.953624903,NA,8691.73025051658,580473.30743709
2014-09-15,235108.812520769,NA,9436.56888226247,580473.30743709
2014-09-22,235917.939247693,NA,10207.1893162129,580473.30743709
2014-09-29,236727.323734161,NA,11003.6596377401,580473.30743709
2014-10-06,237536.955895742,NA,11825.967348241,580473.30743709
2014-10-13,238346.825635583,NA,12674.0140348862,580473.30743709
2014-10-20,239156.922844917,NA,13547.6103611303,580473.30743709
2014-10-27,239967.237403557,NA,14446.4714681747,580473.30743709
2014-11-03,240777.759180408,NA,15370.2128800079,580473.30743709
2014-11-10,241588.478033965,NA,16318.347005373,580473.30743709
2014-11-17,242399.383812821,NA,17290.2803288066,580473.30743709
2014-11-24,243210.466356174,NA,18285.3113795517,580473.30743709
2014-12-01,244021.715494334,NA,19302.6295615223,580473.30743709
2014-12-08,244833.121049233,NA,20341.3149194996,580473.30743709
2014-12-15,245644.672834932,NA,21400.3389063361,580473.30743709
2014-12-22,246456.360658135,NA,22478.5662032086,580473.30743709
2014-12-29,247268.174318696,NA,23574.7576300192,580473.30743709
2015-01-05,248080.103610136,NA,24687.5741661498,580473.30743709
2015-01-12,248892.138320148,NA,25815.5820832348,580473.30743709
2015-01-19,249704.26823112,NA,26957.2591718592,580473.30743709
2015-01-26,250516.483120641,NA,28111.0020235825,580473.30743709
2015-02-02,251328.772762017,NA,29275.1343089946,580473.30743709
2015-02-09,252141.12692479,NA,30447.9159722041,580473.30743709
2015-02-16,252953.535375248,NA,31627.5532428635,580473.30743709
2015-02-23,253765.987876941,NA,32812.2093491445,580473.30743709
2015-03-02,254578.474191201,NA,34000.0157995681,580473.30743709
2015-03-09,255390.984077654,NA,35189.0840887895,580473.30743709
2015-03-16,256203.507294738,NA,36377.5176727611,580473.30743709
2015-03-23,257016.033600217,NA,37563.4240525027,580473.30743709
2015-03-30,257828.552751701,NA,38744.9268031916,580473.30743709
2015-04-06,258641.054507162,NA,39920.177386553,580473.30743709
2015-04-13,259453.528625445,NA,41087.3665895288,580473.30743709
2015-04-20,260265.964866793,NA,42244.7354407568,580473.30743709
2015-04-27,261078.352993356,NA,43390.5854682058,580473.30743709
2015-05-04,261890.682769709,NA,44523.2881759835,580473.30743709
2015-05-11,262702.943963371,NA,45641.2936353585,580473.30743709
2015-05-18,263515.126345315,NA,46743.1381038741,580473.30743709
2015-05-25,264327.219690486,NA,47827.4506064688,580473.30743709
2015-06-01,265139.213778317,NA,48892.9584331496,580473.30743709
2015-06-08,265951.098393239,NA,49938.4915283993,580473.30743709
2015-06-15,266762.863325199,NA,50962.9857675576,580473.30743709
2015-06-22,267574.498370169,NA,51965.4851344114,580473.30743709
2015-06-29,268385.993330661,NA,52945.1428317082,580473.30743709
2015-07-06,269197.338016239,NA,53901.2213719218,580473.30743709
2015-07-13,270008.522244026,NA,54833.091709089,580473.30743709
2015-07-20,270819.535839219,NA,55740.23148372,580473.30743709
2015-07-27,271630.368635595,76.4402043177628,56622.2224615784,580473.30743709
2015-08-03,272441.010476021,165.95257936636,57478.7472535323,580473.30743709
2015-08-10,273251.45121296,270.732723318824,58309.5854077597,580473.30743709
2015-08-17,274061.680708979,393.33015621512,59114.6089674837,580473.30743709
2015-08-24,274871.688837251,536.699843625596,59893.7775873021,580473.30743709
2015-08-31,275681.465482063,704.25913850096,60647.133299283,580473.30743709
2015-09-07,276491.000539318,899.94987874537,61374.7950165606,580473.30743709
2015-09-14,277300.283917032,1128.3049523303,62076.9528574603,580473.30743709
2015-09-21,278109.305535843,1394.51804007258,62753.8623674506,580473.30743709
2015-09-28,278918.055329502,1704.51442153764,63405.8387097334,580473.30743709
2015-10-05,279726.523245375,2065.01963137192,64033.2508882795,580473.30743709
2015-10-12,280534.699244937,2483.62133331289,64636.5160598094,580473.30743709
2015-10-19,281342.573304271,2968.81800112548,65216.0939838198,580473.30743709
2015-10-26,282150.135414554,3530.04585279534,65772.4816524271,580473.30743709
2015-11-02,282957.375582554,4177.67302371626,66306.2081346848,580473.30743709
2015-11-09,283764.283831121,4922.94732273396,66817.8296632577,580473.30743709
2015-11-16,284570.850199668,5777.88136150338,67307.9249849833,580473.30743709
2015-11-23,285377.064744665,6755.05683485791,67777.0909909875,580473.30743709
2015-11-30,286182.917540122,7867.32893515016,68225.9386367012,580473.30743709
2015-12-07,286988.398678067,9127.41322484982,68655.0891573553,580473.30743709
2015-12-14,287793.498269033,10547.3418832221,69065.1705803343,580473.30743709
2015-12-21,288598.206442534,12137.7852479914,69456.814532127,580473.30743709
2015-12-28,289402.513347542,13907.2489134757,69830.6533345162,580473.30743709
2016-01-04,290206.409152962,15861.1765520438,70187.3173820643,580473.30743709
2016-01-11,291009.884048107,18001.013063721,70527.4327908431,580473.30743709
2016-01-18,291812.928243164,20323.3087930482,70851.6193066973,580473.30743709
2016-01-25,292615.531969668,22818.9684876059,71160.4884600642,580473.30743709
2016-02-01,293417.685480964,25472.7618254012,71454.6419534676,580473.30743709
2016-02-08,294219.379052673,28263.2087085324,71734.6702672151,580473.30743709
2016-02-15,295020.602983153,31162.9268575217,72001.1514685126,580473.30743709
2016-02-22,295821.347593959,34139.4806052025,72254.6502091314,580473.30743709
2016-02-29,296621.603230299,37156.703504332,72495.716896883,580473.30743709
2016-03-07,297421.360261489,40176.3951663384,72724.8870264396,580473.30743709
2016-03-14,298220.609081404,43160.2304157135,72942.6806554587,580473.30743709
2016-03-21,299019.34010893,46071.6816559615,73149.6020124904,580473.30743709
2016-03-28,299817.543788406,48877.7529880518,73346.1392237523,580473.30743709
2016-04-04,300615.210590074,51550.3577273516,73532.7641465176,580473.30743709
2016-04-11,301412.331010514,54067.2308637032,73709.9322975653,580473.30743709
2016-04-18,302208.895573088,56412.339864763,73878.0828658661,580473.30743709
2016-04-25,303004.894828375,58575.8250375842,74037.6387994138,580473.30743709
2016-05-02,303800.319354602,60553.5519968874,74189.0069568447,580473.30743709
2016-05-09,304595.159758075,62346.3874556817,74332.5783152107,580473.30743709
2016-05-16,305389.406673609,63959.3157751989,74468.7282259762,580473.30743709
2016-05-23,306183.050764947,65400.5023272853,74597.8167119861,580473.30743709
2016-05-30,306976.08272519,66680.387646081,74720.1887988066,580473.30743709
2016-06-06,307768.493277206,67810.8703053251,74836.1748744555,580473.30743709
2016-06-13,308560.273174053,68804.6116017915,74946.0910721242,580473.30743709
2016-06-20,309351.413199388,69674.47454941,75050.2396710435,580473.30743709
2016-06-27,310141.904167877,70433.0946282734,75148.9095111558,580473.30743709
2016-07-04,310931.736925601,71092.5700869936,75242.3764177331,580473.30743709
2016-07-11,311720.902350458,71664.254504017,75330.9036325221,580473.30743709
2016-07-18,312509.391352567,72158.6326214939,75414.7422484036,580473.30743709
2016-07-25,313297.194874659,72585.2610428456,75494.1316449236,580473.30743709
2016-08-01,314084.303892473,72952.7572849552,75569.2999223986,580473.30743709
2016-08-08,314870.709415147,73268.8231897285,75640.464332604,580473.30743709
2016-08-15,315656.402485603,73540.2913487227,75707.8317043385,580473.30743709
2016-08-22,316441.374180929,73773.1856882611,75771.5988624094,580473.30743709
2016-08-29,317225.615612762,73972.7895501356,75831.9530388169,580473.30743709
2016-09-05,318009.117927661,74143.7164281528,75889.0722751175,580473.30743709
2016-09-12,318791.872307485,74289.9799850291,75943.1258151324,580473.30743709
2016-09-19,319573.869969754,74415.0611109229,75994.2744873324,580473.30743709
2016-09-26,320355.102168024,74521.970641695,76042.671076374,580473.30743709
2016-10-03,321135.560192241,74613.3069824838,76088.4606833914,580473.30743709
2016-10-10,321915.235369107,74691.3083279912,76131.7810747645,580473.30743709
2016-10-17,322694.119062429,74757.8994766945,76172.763019178,580473.30743709
2016-10-24,323472.202673474,74814.7334367654,76211.5306128801,580473.30743709
2016-10-31,324249.477641316,74863.2281447362,76248.2015931174,580473.30743709
2016-11-07,325025.935443179,74904.5986857722,76282.887639794,580473.30743709
2016-11-14,325801.567594778,74939.8854335096,76315.6946654549,580473.30743709
2016-11-21,326576.365650655,74969.9785303079,76346.7230937411,580473.30743709
2016-11-28,327350.321204512,74995.639114653,76376.0681265075,580473.30743709
2016-12-05,328123.425889542,75017.5176779534,76403.8199998225,580473.30743709
2016-12-12,328895.671378749,75036.1699027829,76430.0642290997,580473.30743709
2016-12-19,329667.049385274,75052.0703019623,76454.8818436332,580473.30743709
2016-12-26,330437.551662711,75065.623944899,76478.3496108249,580473.30743709
2017-01-02,331207.17000542,75077.17652571,76500.5402504053,580473.30743709
2017-01-09,331975.896248837,75087.0229976741,76521.522638962,580473.30743709
2017-01-16,332743.722269779,75095.4149709565,76541.3620050917,580473.30743709
2017-01-23,333510.639986746,75102.5670455207,76560.1201155021,580473.30743709
2017-01-30,334276.641360221,75108.6622287033,76577.8554523859,580473.30743709
2017-02-06,335041.718392958,75113.8565670019,76594.6233823921,580473.30743709
2017-02-13,335805.86313028,75118.2831040574,76610.4763175176,580473.30743709
2017-02-20,336569.067660357,75122.0552614023,76625.4638682369,580473.30743709
2017-02-27,337331.324114491,75125.2697251112,76639.6329891854,580473.30743709
2017-03-06,338092.624667396,75128.0089098027,76653.0281177033,580473.30743709
2017-03-13,338852.961537467,75130.3430613222,76665.6913055439,580473.30743709
2017-03-20,339612.326987052,75132.3320506878,76677.6623440387,580473.30743709
2017-03-27,340370.713322718,75134.0269043392,76688.9788830081,580473.30743709
2017-04-03,341128.112895511,75135.4711092405,76699.6765436951,580473.30743709
2017-04-10,341884.518101213,75136.7017258086,76709.7890259929,580473.30743709
2017-04-17,342639.921380597,75137.7503368532,76719.3482102262,580473.30743709
2017-04-24,343394.315219673,75138.6438566112,76728.3842537403,580473.30743709
2017-05-01,344147.692149936,75139.4052204436,76736.9256825405,580473.30743709
2017-05-08,344900.044748604,75140.0539727545,76744.9994782159,580473.30743709
2017-05-15,345651.365638856,75140.606768122,76752.6311603735,580473.30743709
2017-05-22,346401.647490063,75141.0777984282,76759.8448647993,580473.30743709
2017-05-29,347150.883018017,75141.4791569018,76766.6634175533,580473.30743709
2017-06-05,347899.064985155,75141.8211483769,76773.1084051988,580473.30743709
2017-06-12,348646.186200779,75142.1125537082,76779.2002413563,580473.30743709
2017-06-19,349392.239521268,75142.3608551074,76784.9582297639,580473.30743709
2017-06-26,350137.217850297,75142.5724281747,76790.4006240204,580473.30743709
2017-07-03,350881.114139033,75142.7527055419,76795.5446841761,580473.30743709
2017-07-10,351623.92138635,75142.9063163232,76800.4067303321,580473.30743709
2017-07-17,352365.632639017,75143.0372049484,76805.0021933991,580473.30743709
2017-07-24,353106.240991899,75143.1487324239,76809.3456631614,580473.30743709
2017-07-31,353845.739588145,75143.2437626214,76813.4509337838,580473.30743709
2017-08-07,354584.121619374,75143.3247358052,76817.3310468924,580473.30743709
2017-08-14,355321.380325855,75143.3937312869,76820.998332357,580473.30743709
2017-08-21,356057.508996688,75143.4525208128,76824.4644468909,580473.30743709
2017-08-28,356792.500969974,75143.5026140567,76827.7404105843,580473.30743709
2017-09-04,357526.349632987,75143.5452973837,76830.8366414787,580473.30743709
2017-09-11,358259.048422334,75143.5816668802,76833.7629882835,580473.30743709
2017-09-18,358990.590824122,75143.6126565002,76836.528761334,580473.30743709
2017-09-25,359720.970374109,75143.6390620462,76839.1427618824,580473.30743709
2017-10-02,360450.180657856,75143.6615616053,76841.6133098102,580473.30743709
2017-10-09,361178.215310879,75143.6807329608,76843.948269845,580473.30743709
2017-10-16,361905.068018789,75143.6970684293,76846.1550763618,580473.30743709
2017-10-23,362630.732517434,75143.7109875033,76848.2407568428,580473.30743709
2017-10-30,363355.202593031,75143.7228476228,76850.2119540687,580473.30743709
2017-11-06,364078.4720823,75143.7329533545,76852.0749471072,580473.30743709
2017-11-13,364800.534872587,75143.7415642128,76853.8356711645,580473.30743709
2017-11-20,365521.384901994,75143.7489013242,76855.49973636,580473.30743709
2017-11-27,366241.016159486,75143.7551531052,76857.0724454822,580473.30743709
2017-12-04,366959.422685017,75143.7604801016,76858.5588107792,580473.30743709
2017-12-11,367676.598569632,75143.7650191104,76859.9635698377,580473.30743709
2017-12-18,368392.537955576,75143.7688866935,76861.2912005981,580473.30743709
2017-12-25,369107.235036395,75143.7721821703,76862.5459355525,580473.30743709
2018-01-01,369820.684057035,75143.7749901689,76863.7317751697,580473.30743709
2018-01-08,370532.879313933,75143.7773827985,76864.8525005892,580473.30743709
2018-01-15,371243.815155108,75143.779421502,76865.9116856233,580473.30743709
2018-01-22,371953.485980246,75143.7811586334,76866.9127081049,580473.30743709
2018-01-29,372661.886240781,75143.7826388023,76867.8587606162,580473.30743709
2018-02-05,373369.010439972,75143.7839000194,76868.7528606324,580473.30743709
2018-02-12,374074.853132976,75143.7849746728,76869.5978601113,580473.30743709
2018-02-19,374779.408926916,75143.7858903598,76870.3964545592,580473.30743709
2018-02-26,375482.672480948,75143.786670595,76871.1511916027,580473.30743709
2018-03-05,376184.63850632,75143.7873354152,76871.8644790902,580473.30743709
2018-03-12,376885.30176643,75143.7879018929,76872.5385927525,580473.30743709
2018-03-19,377584.657076877,75143.7883845751,76873.1756834435,580473.30743709
2018-03-26,378282.699305511,75143.7887958573,76873.7777839852,580473.30743709
2018-04-02,378979.423372478,75143.7891463012,76874.3468156385,580473.30743709
2018-04-09,379674.824250263,75143.7894449062,76874.8845942196,580473.30743709
2018-04-16,380368.896963721,75143.7896993405,76875.3928358819,580473.30743709
2018-04-23,381061.636590115,75143.789916138,76875.8731625815,580473.30743709
2018-04-30,381753.038259146,75143.790100866,76876.3271072435,580473.30743709
2018-05-07,382443.097152972,75143.7902582684,76876.7561186447,580473.30743709
2018-05-14,383131.808506237,75143.7903923873,76877.1615660301,580473.30743709
2018-05-21,383819.167606083,75143.7905066669,76877.5447434758,580473.30743709
2018-05-28,384505.169792167,75143.7906040418,76877.9068740124,580473.30743709
2018-06-04,385189.810456668,75143.7906870127,76878.2491135239,580473.30743709
2018-06-11,385873.085044295,75143.7907577102,76878.5725544313,580473.30743709
2018-06-18,386554.989052291,75143.7908179499,76878.8782291755,580473.30743709
2018-06-25,387235.518030426,75143.7908692787,76879.1671135088,580473.30743709
2018-07-02,387914.667580999,75143.7909130148,76879.440129606,580473.30743709
2018-07-09,388592.433358822,75143.7909502813,76879.6981490046,580473.30743709
2018-07-16,389268.811071215,75143.7909820352,76879.9419953847,580473.30743709
2018-07-23,389943.796477982,75143.791009092,76880.1724471955,580473.30743709
2018-07-30,390617.385391398,75143.7910321464,76880.390240138,580473.30743709
2018-08-06,391289.573676181,75143.7910517905,76880.5960695119,580473.30743709
2018-08-13,391960.357249466,75143.7910685289,76880.7905924335,580473.30743709
2018-08-20,392629.732080776,75143.7910827912,76880.9744299315,580473.30743709
2018-08-27,393297.694191987,75143.7910949438,76881.1481689287,580473.30743709
2018-09-03,393964.239657289,75143.7911052987,76881.3123641143,580473.30743709
2018-09-10,394629.364603147,75143.7911141219,76881.4675397137,580473.30743709
2018-09-17,395293.065208254,75143.7911216399,76881.6141911612,580473.30743709
2018-09-24,395955.337703486,75143.7911280458,76881.7527866807,580473.30743709
2018-10-01,396616.178371847,75143.7911335042,76881.8837687799,580473.30743709
2018-10-08,397275.583548416,75143.7911381551,76882.0075556624,580473.30743709
2018-10-15,397933.549620289,75143.7911421181,76882.1245425625,580473.30743709
2018-10-22,398590.073026517,75143.7911454948,76882.2351030059,580473.30743709
2018-10-29,399245.15025804,75143.791148372,76882.3395900027,580473.30743709
2018-11-05,399898.777857621,75143.7911508237,76882.4383371732,580473.30743709
2018-11-12,400550.952419772,75143.7911529127,76882.5316598132,580473.30743709
2018-11-19,401201.670590682,75143.7911546926,76882.6198559003,580473.30743709
2018-11-26,401850.929068136,75143.7911562093,76882.7032070448,580473.30743709
2018-12-03,402498.724601435,75143.7911575016,76882.7819793888,580473.30743709
2018-12-10,403145.053991315,75143.7911586027,76882.8564244558,580473.30743709
2018-12-17,403789.914089854,75143.791159541,76882.926779953,580473.30743709
2018-12-24,404433.301800386,75143.7911603405,76882.993270531,580473.30743709
2018-12-31,405075.214077404,75143.7911610217,76883.0561085,580473.30743709
2019-01-07,405715.647926466,75143.7911616021,76883.1154945085,580473.30743709
2019-01-14,406354.600404095,75143.7911620967,76883.1716181829,580473.30743709
2019-01-21,406992.068617677,75143.7911625181,76883.2246587337,580473.30743709
2019-01-28,407628.04972535,75143.7911628772,76883.2747855269,580473.30743709
2019-02-04,408262.540935905,75143.7911631832,76883.3221586253,580473.30743709
2019-02-11,408895.539508665,75143.7911634439,76883.3669292992,580473.30743709
2019-02-18,409527.04275338,75143.791163666,76883.4092405092,580473.30743709
2019-02-25,410157.048030101,75143.7911638553,76883.449227363,580473.30743709
2019-03-04,410785.552749067,75143.7911640166,76883.4870175465,580473.30743709
2019-03-11,411412.554370578,75143.791164154,76883.5227317317,580473.30743709
2019-03-18,412038.050404872,75143.7911642711,76883.5564839615,580473.30743709
2019-03-25,412662.038411996,75143.7911643709,76883.5883820142,580473.30743709
2019-04-01,413284.516001676,75143.7911644559,76883.6185277479,580473.30743709
2019-04-08,413905.480833182,75143.7911645284,76883.6470174249,580473.30743709
2019-04-15,414524.930615194,75143.7911645901,76883.6739420198,580473.30743709
2019-04-22,415142.863105661,75143.7911646427,76883.6993875094,580473.30743709
2019-04-29,415759.276111661,75143.7911646875,76883.7234351477,580473.30743709
2019-05-06,416374.167489259,75143.7911647257,76883.7461617252,580473.30743709
2019-05-13,416987.535143356,75143.7911647582,76883.767639814,580473.30743709
2019-05-20,417599.377027546,75143.791164786,76883.7879379993,580473.30743709
2019-05-27,418209.691143961,75143.7911648096,76883.8071210988,580473.30743709
2019-06-03,418818.475543118,75143.7911648297,76883.8252503697,580473.30743709
2019-06-10,419425.728323764,75143.7911648469,76883.8423837039,580473.30743709
2019-06-17,420031.447632718,75143.7911648615,76883.8585758131,580473.30743709
2019-06-24,420635.631664709,75143.7911648739,76883.8738784033,580473.30743709
2019-07-01,421238.278662214,75143.7911648845,76883.8883403405,580473.30743709
2019-07-08,421839.386915292,75143.7911648936,76883.9020078057,580473.30743709
2019-07-15,422438.954761418,75143.7911649013,76883.9149244435,580473.30743709
2019-07-22,423036.980585314,75143.7911649078,76883.9271315006,580473.30743709
2019-07-29,423633.462818775,75143.7911649134,76883.938667958,580473.30743709
2019-08-05,424228.399940495,75143.7911649182,76883.949570655,580473.30743709
2019-08-12,424821.790475895,75143.7911649223,76883.9598744075,580473.30743709
2019-08-19,425413.632996941,75143.7911649257,76883.9696121187,580473.30743709
2019-08-26,426003.926121965,75143.7911649287,76883.9788148841,580473.30743709
2019-09-02,426592.668515487,75143.7911649312,76883.9875120911,580473.30743709
2019-09-09,427179.858888023,75143.7911649333,76883.9957315128,580473.30743709
2019-09-16,427765.495995907,75143.7911649351,76884.0034993963,580473.30743709
2019-09-23,428349.578641099,75143.7911649367,76884.0108405472,580473.30743709
2019-09-30,428932.105670995,75143.791164938,76884.0177784081,580473.30743709
2019-10-07,429513.075978239,75143.7911649391,76884.024335134,580473.30743709
2019-10-14,430092.488500526,75143.7911649401,76884.0305316625,580473.30743709
2019-10-21,430670.34222041,75143.7911649409,76884.0363877814,580473.30743709
2019-10-28,431246.636165104,75143.7911649416,76884.0419221911,580473.30743709
2019-11-04,431821.369406285,75143.7911649422,76884.0471525649,580473.30743709
2019-11-11,432394.54105989,75143.7911649427,76884.0520956051,580473.30743709
2019-11-18,432966.150285917,75143.7911649432,76884.0567670966,580473.30743709
2019-11-25,433536.196288222,75143.7911649435,76884.0611819569,580473.30743709
2019-12-02,434104.67831431,75143.7911649438,76884.0653542843,580473.30743709
2019-12-09,434671.595655132,75143.7911649441,76884.0692974025,580473.30743709
2019-12-16,435236.947644877,75143.7911649443,76884.073023903,580473.30743709
2019-12-23,435800.73366076,75143.7911649445,76884.0765456861,580473.30743709
2019-12-30,436362.953122812,75143.7911649447,76884.0798739978,580473.30743709
2020-01-06,436923.605493668,75143.7911649448,76884.0830194667,580473.30743709
2020-01-13,437482.690278353,75143.791164945,76884.0859921373,580473.30743709
2020-01-20,438040.207024065,75143.7911649451,76884.0888015024,580473.30743709
2020-01-27,438596.15531996,75143.7911649452,76884.0914565333,580473.30743709
2020-02-03,439150.534796935,75143.7911649452,76884.0939657084,580473.30743709
2020-02-10,439703.345127406,75143.7911649453,76884.0963370404,580473.30743709
2020-02-17,440254.586025089,75143.7911649453,76884.0985781018,580473.30743709
2020-02-24,440804.257244779,75143.7911649454,76884.100696049,580473.30743709
2020-03-02,441352.358582126,75143.7911649454,76884.1026976454,580473.30743709
2020-03-09,441898.889873411,75143.7911649455,76884.1045892829,580473.30743709
2020-03-16,442443.85099532,75143.7911649455,76884.1063770021,580473.30743709
2020-03-23,442987.241864722,75143.7911649455,76884.1080665117,580473.30743709
2020-03-30,443529.062438434,75143.7911649455,76884.1096632071,580473.30743709
2020-04-06,444069.312712999,75143.7911649455,76884.1111721869,580473.30743709
2020-04-13,444607.992724455,75143.7911649456,76884.11259827,580473.30743709
2020-04-20,445145.102548104,75143.7911649456,76884.1139460102,580473.30743709
2020-04-27,445680.642298279,75143.7911649456,76884.1152197115,580473.30743709
2020-05-04,446214.612128115,75143.7911649456,76884.1164234411,580473.30743709
2020-05-11,446747.012229313,75143.7911649456,76884.1175610431,580473.30743709
2020-05-18,447277.842831908,75143.7911649456,76884.1186361501,580473.30743709
2020-05-25,447807.104204032,75143.7911649456,76884.1196521955,580473.30743709
2020-06-01,448334.796651679,75143.7911649456,76884.1206124237,580473.30743709
2020-06-08,448860.920518472,75143.7911649456,76884.1215199011,580473.30743709
2020-06-15,449385.476185418,75143.7911649456,76884.1223775257,580473.30743709
2020-06-22,449908.464070678,75143.7911649456,76884.123188036,580473.30743709
2020-06-29,450429.884629322,75143.7911649456,76884.1239540205,580473.30743709
2020-07-06,450949.738353095,75143.7911649456,76884.1246779251,580473.30743709
2020-07-13,451468.025770173,75143.7911649456,76884.1253620615,580473.30743709
2020-07-20,451984.747444923,75143.7911649456,76884.1260086144,580473.30743709
2020-07-27,452499.903977663,75143.7911649457,76884.1266196485,580473.30743709
2020-08-03,453013.496004419,75143.7911649457,76884.127197115,580473.30743709
2020-08-10,453525.524196685,75143.7911649457,76884.1277428581,580473.30743709
2020-08-17,454035.989261175,75143.7911649457,76884.1282586203,580473.30743709
2020-08-24,454544.891939585,75143.7911649457,76884.1287460488,580473.30743709
2020-08-31,455052.233008345,75143.7911649457,76884.1292067001,580473.30743709
2020-09-07,455558.01327838,75143.7911649457,76884.1296420452,580473.30743709
2020-09-14,456062.233594858,75143.7911649457,76884.1300534743,580473.30743709
2020-09-21,456564.89483695,75143.7911649457,76884.1304423013,580473.30743709
2020-09-28,457065.997917585,75143.7911649457,76884.1308097679,580473.30743709
2020-10-05,457565.5437832,75143.7911649457,76884.1311570474,580473.30743709
2020-10-12,458063.533413497,75143.7911649457,76884.1314852488,580473.30743709
2020-10-19,458559.967821195,75143.7911649457,76884.1317954203,580473.30743709
2020-10-26,459054.848051786,75143.7911649457,76884.1320885523,580473.30743709
2020-11-02,459548.175183286,75143.7911649457,76884.1323655809,580473.30743709
2020-11-09,460039.950325985,75143.7911649457,76884.1326273908,580473.30743709
2020-11-16,460530.174622207,75143.7911649457,76884.1328748179,580473.30743709
2020-11-23,461018.849246054,75143.7911649457,76884.1331086525,580473.30743709
2020-11-30,461505.975403165,75143.7911649457,76884.1333296412,580473.30743709
2020-12-07,461991.554330465,75143.7911649457,76884.1335384898,580473.30743709
2020-12-14,462475.587295917,75143.7911649457,76884.1337358651,580473.30743709
2020-12-21,462958.075598275,75143.7911649457,76884.1339223974,580473.30743709
2020-12-28,463439.020566836,75143.7911649457,76884.1340986825,580473.30743709
2021-01-04,463918.423561192,75143.7911649457,76884.1342652833,580473.30743709
2021-01-11,464396.285970979,75143.7911649457,76884.1344227317,580473.30743709
2021-01-18,464872.609215635,75143.7911649457,76884.1345715305,580473.30743709
2021-01-25,465347.394744144,75143.7911649457,76884.134712155,580473.30743709
2021-02-01,465820.644034796,75143.7911649457,76884.1348450543,580473.30743709
2021-02-08,466292.358594932,75143.7911649457,76884.1349706526,580473.30743709
2021-02-15,466762.539960703,75143.7911649457,76884.135089351,580473.30743709
2021-02-22,467231.189696816,75143.7911649457,76884.1352015287,580473.30743709
2021-03-01,467698.309396288,75143.7911649457,76884.1353075439,580473.30743709
2021-03-08,468163.900680203,75143.7911649457,76884.135407735,580473.30743709
2021-03-15,468627.965197459,75143.7911649457,76884.135502422,580473.30743709
2021-03-22,469090.504624523,75143.7911649457,76884.1355919074,580473.30743709
2021-03-29,469551.520665185,75143.7911649457,76884.1356764768,580473.30743709
2021-04-05,470011.01505031,75143.7911649457,76884.1357564003,580473.30743709
2021-04-12,470468.989537593,75143.7911649457,76884.1358319332,580473.30743709
2021-04-19,470925.445911311,75143.7911649457,76884.1359033166,580473.30743709
2021-04-26,471380.385982078,75143.7911649457,76884.1359707786,580473.30743709
2021-05-03,471833.811586601,75143.7911649457,76884.1360345344,580473.30743709
2021-05-10,472285.724587433,75143.7911649457,76884.1360947878,580473.30743709
2021-05-17,472736.126872726,75143.7911649457,76884.1361517312,580473.30743709
2021-05-24,473185.020355992,75143.7911649457,76884.1362055463,580473.30743709
2021-05-31,473632.406975855,75143.7911649457,76884.136256405,580473.30743709
2021-06-07,474078.288695807,75143.7911649457,76884.1363044698,580473.30743709
2021-06-14,474522.667503966,75143.7911649457,76884.1363498941,580473.30743709
2021-06-21,474965.545412834,75143.7911649457,76884.136392823,580473.30743709
2021-06-28,475406.924459052,75143.7911649457,76884.1364333935,580473.30743709
2021-07-05,475846.806703158,75143.7911649457,76884.1364717354,580473.30743709
2021-07-12,476285.194229349,75143.7911649457,76884.1365079708,580473.30743709
2021-07-19,476722.089145237,75143.7911649457,76884.1365422157,580473.30743709
2021-07-26,477157.493581609,75143.7911649457,76884.1365745792,580473.30743709
2021-08-02,477591.409692186,75143.7911649457,76884.1366051649,580473.30743709
2021-08-09,478023.839653385,75143.7911649457,76884.1366340703,580473.30743709
2021-08-16,478454.785664082,75143.7911649457,76884.1366613878,580473.30743709
2021-08-23,478884.249945367,75143.7911649457,76884.1366872046,580473.30743709
2021-08-30,479312.234740315,75143.7911649457,76884.1367116031,580473.30743709
2021-09-06,479738.742313741,75143.7911649457,76884.1367346613,580473.30743709
2021-09-13,480163.774951968,75143.7911649457,76884.1367564527,580473.30743709
2021-09-20,480587.334962589,75143.7911649457,76884.136777047,580473.30743709
2021-09-27,481009.424674235,75143.7911649457,76884.13679651,580473.30743709
2021-10-04,481430.046436334,75143.7911649457,76884.1368149037,580473.30743709
2021-10-11,481849.202618885,75143.7911649457,76884.136832287,580473.30743709
2021-10-18,482266.895612217,75143.7911649457,76884.1368487153,580473.30743709
2021-10-25,482683.127826763,75143.7911649457,76884.1368642411,580473.30743709
2021-11-01,483097.901692822,75143.7911649457,76884.136878914,580473.30743709
2021-11-08,483511.219660333,75143.7911649457,76884.1368927808,580473.30743709
2021-11-15,483923.084198642,75143.7911649457,76884.1369058859,580473.30743709
2021-11-22,484333.497796273,75143.7911649457,76884.136918271,580473.30743709
2021-11-29,484742.462960697,75143.7911649457,76884.1369299757,580473.30743709
2021-12-06,485149.982218107,75143.7911649457,76884.1369410374,580473.30743709
2021-12-13,485556.05811319,75143.7911649457,76884.1369514915,580473.30743709
2021-12-20,485960.693208897,75143.7911649457,76884.1369613712,580473.30743709
2021-12-27,486363.89008622,75143.7911649457,76884.1369707082,580473.30743709
2022-01-03,486765.65134397,75143.7911649457,76884.1369795322,580473.30743709
2022-01-10,487165.979598544,75143.7911649457,76884.1369878715,580473.30743709
2022-01-17,487564.877483711,75143.7911649457,76884.1369957527,580473.30743709
2022-01-24,487962.347650384,75143.7911649457,76884.1370032009,580473.30743709
2022-01-31,488358.3927664,75143.7911649457,76884.1370102399,580473.30743709
2022-02-07,488753.015516299,75143.7911649457,76884.1370168923,580473.30743709
2022-02-14,489146.218601103,75143.7911649457,76884.1370231792,580473.30743709
2022-02-21,489538.004738098,75143.7911649457,76884.1370291207,580473.30743709
2022-02-28,489928.376660618,75143.7911649457,76884.1370347358,580473.30743709
2022-03-07,490317.337117821,75143.7911649457,76884.1370400425,580473.30743709
2022-03-14,490704.888874482,75143.7911649457,76884.1370450576,580473.30743709
2022-03-21,491091.034710768,75143.7911649457,76884.1370497972,580473.30743709
2022-03-28,491475.777422031,75143.7911649457,76884.1370542764,580473.30743709
2022-04-04,491859.11981859,NA,76884.1370585096,580473.30743709
2022-04-11,492241.064725519,NA,76884.1370625102,580473.30743709
2022-04-18,492621.614982437,NA,76884.137066291,580473.30743709
2022-04-25,493000.773443296,NA,76884.1370698642,580473.30743709
2022-05-02,493378.54297617,NA,76884.137073241,580473.30743709
2022-05-09,493754.926463048,NA,76884.1370764324,580473.30743709
2022-05-16,494129.926799626,NA,76884.1370794484,580473.30743709
2022-05-23,494503.5468951,NA,76884.1370822987,580473.30743709
2022-05-30,494875.789671958,NA,76884.1370849925,580473.30743709
2022-06-06,495246.658065778,NA,76884.1370875382,580473.30743709
2022-06-13,495616.155025021,NA,76884.1370899442,580473.30743709
2022-06-20,495984.283510834,NA,76884.1370922179,580473.30743709
2022-06-27,496351.046496839,NA,76884.1370943667,580473.30743709
2022-07-04,496716.446968941,NA,76884.1370963975,580473.30743709
2022-07-11,497080.487925122,NA,76884.1370983167,580473.30743709
2022-07-18,497443.172375245,NA,76884.1371001305,580473.30743709
2022-07-25,497804.503340858,NA,76884.1371018446,580473.30743709
2022-08-01,498164.483854991,NA,76884.1371034646,580473.30743709
2022-08-08,498523.116961967,NA,76884.1371049956,580473.30743709
2022-08-15,498880.405717205,NA,76884.1371064425,580473.30743709
2022-08-22,499236.353187023,NA,76884.1371078099,580473.30743709
2022-08-29,499590.962448452,NA,76884.1371091022,580473.30743709
2022-09-05,499944.23658904,NA,NA,580473.30743709
2022-09-12,500296.178706661,NA,NA,580473.30743709
2022-09-19,500646.79190933,NA,NA,580473.30743709
2022-09-26,500996.079315011,NA,NA,580473.30743709
2022-10-03,501344.044051429,NA,NA,580473.30743709
2022-10-10,501690.689255891,NA,NA,580473.30743709
2022-10-17,502036.01807509,NA,NA,580473.30743709
2022-10-24,502380.03366493,NA,NA,580473.30743709
2022-10-31,502722.739190342,NA,NA,580473.30743709
2022-11-07,503064.137825098,NA,NA,580473.30743709
2022-11-14,503404.232751632,NA,NA,580473.30743709
2022-11-21,503743.027160864,NA,NA,580473.30743709
2022-11-28,504080.524252019,NA,NA,580473.30743709
2022-12-05,504416.727232447,NA,NA,580473.30743709
2022-12-12,504751.639317453,NA,NA,580473.30743709
2022-12-19,505085.263730116,NA,NA,580473.30743709
2022-12-26,505417.603701118,NA,NA,580473.30743709
2023-01-02,505748.662468572,NA,NA,580473.30743709
2023-01-09,506078.443277848,NA,NA,580473.30743709
2023-01-16,506406.949381403,NA,NA,580473.30743709
2023-01-23,506734.184038613,NA,NA,580473.30743709
2023-01-30,507060.150515603,NA,NA,580473.30743709
2023-02-06,507384.85208508,NA,NA,580473.30743709
2023-02-13,507708.292026168,NA,NA,580473.30743709
2023-02-20,508030.473624241,NA,NA,580473.30743709
2023-02-27,508351.400170761,NA,NA,580473.30743709
2023-03-06,508671.074963116,NA,NA,580473.30743709
2023-03-13,508989.501304455,NA,NA,580473.30743709
2023-03-20,509306.682503529,NA,NA,580473.30743709
2023-03-27,509622.621874535,NA,NA,580473.30743709
2023-04-03,509937.322736953,NA,NA,580473.30743709
2023-04-10,510250.78841539,NA,NA,580473.30743709
2023-04-17,510563.022239428,NA,NA,580473.30743709
2023-04-24,510874.027543462,NA,NA,580473.30743709
2023-05-01,511183.807666553,NA,NA,580473.30743709
2023-05-08,511492.365952272,NA,NA,580473.30743709
2023-05-15,511799.705748549,NA,NA,580473.30743709
2023-05-22,512105.830407523,NA,NA,580473.30743709
2023-05-29,512410.743285393,NA,NA,580473.30743709
2023-06-05,512714.447742269,NA,NA,580473.30743709
2023-06-12,513016.947142027,NA,NA,580473.30743709
2023-06-19,513318.244852159,NA,NA,580473.30743709
2023-06-26,513618.344243634,NA,NA,580473.30743709
2023-07-03,513917.24869075,NA,NA,580473.30743709
2023-07-10,514214.961570993,NA,NA,580473.30743709
2023-07-17,514511.486264897,NA,NA,580473.30743709
2023-07-24,514806.826155899,NA,NA,580473.30743709
2023-07-31,515100.984630207,NA,NA,580473.30743709
2023-08-07,515393.965076657,NA,NA,580473.30743709
2023-08-14,515685.770886576,NA,NA,580473.30743709
2023-08-21,515976.405453648,NA,NA,580473.30743709
2023-08-28,516265.872173781,NA,NA,580473.30743709
2023-09-04,516554.174444968,NA,NA,580473.30743709
2023-09-11,516841.31566716,NA,NA,580473.30743709
2023-09-18,517127.299242132,NA,NA,580473.30743709
2023-09-25,517412.128573352,NA,NA,580473.30743709
2023-10-02,517695.807065855,NA,NA,580473.30743709
2023-10-09,517978.33812611,NA,NA,580473.30743709
2023-10-16,518259.725161898,NA,NA,580473.30743709
2023-10-23,518539.971582185,NA,NA,580473.30743709
2023-10-30,518819.080796992,NA,NA,580473.30743709
2023-11-06,519097.05621728,NA,NA,580473.30743709
2023-11-13,519373.901254821,NA,NA,580473.30743709
2023-11-20,519649.619322076,NA,NA,580473.30743709
2023-11-27,519924.21383208,NA,NA,580473.30743709
2023-12-04,520197.688198317,NA,NA,580473.30743709
2023-12-11,520470.045834607,NA,NA,580473.30743709
2023-12-18,520741.290154981,NA,NA,580473.30743709
2023-12-25,521011.424573575,NA,NA,NA
