date,dengue_cum_1,zika_cum_1,chikungunya_cum_1,varicella_cum_1
2020-03-23,3335.1526,11.9852,3.966821,927.1322
2020-03-30,4020.383,12.886804,6.438516,1145.0385
2020-04-06,4668.957,14.751023,7.898683,1334.4467
2020-04-13,5292.301,15.652619,8.353372,1512.8334
2020-04-20,5912.465,17.51684,10.316285,1693.474
2020-04-27,6495.1094,17.937143,11.273728,1861.5052
2020-05-04,7081.5938,19.320047,13.236627,2038.097
2020-05-11,7676.25,21.184256,14.696801,2217.0676
2020-05-18,8252.641,22.085852,15.654222,2388.423
2020-05-25,8767.43,22.506159,18.12131,2551.0852
2020-06-01,9298.574,24.370367,19.079607,2713.3547
2020-06-08,9761.402,25.753279,20.037363,2871.4739
2020-06-15,10223.383,27.136194,20.995111,3023.6497
2020-06-22,10660.23,28.519106,22.457201,3162.9485
2020-06-29,11109.055,29.420706,22.910631,3307.6965
2020-07-06,11517.625,30.322298,23.363432,3455.9094
2020-07-13,11882.574,31.705221,24.32118,3600.1614
2020-07-20,12244.172,33.569424,25.27894,3739.9563
2020-07-27,12582.3125,34.95234,26.236696,3876.2825
2020-08-03,12929.125,35.85394,27.194456,4010.2874
2020-08-10,13253.445,36.75554,28.655855,4156.1597
2020-08-17,13573.895,37.673985,29.613024,4301.739
2020-08-24,13894.844,38.09651,30.06743,4437.433
2020-08-31,14203.68,38.51903,31.025038,4582.388
2020-09-07,14547.352,40.025505,32.484516,4728.8657
2020-09-14,14866.289,40.448017,33.44168,4883.6646
2020-09-21,15196.836,41.412514,34.398846,5038.982
2020-09-28,15528.896,41.835037,34.853874,5192.7397
2020-10-05,15871.561,42.25756,35.308746,5345.982
2020-10-12,16220.785,42.680073,35.762016,5506.5015
2020-10-19,16554.367,44.728516,36.21504,5675.3403
2020-10-26,16859.668,46.234985,36.669506,5829.6206
2020-11-02,17182.64,47.199482,37.6268,5991.179
2020-11-09,17503.021,47.622,38.0807,6147.5366
2020-11-16,17829.055,48.586494,39.037994,6299.689
2020-11-23,18151.035,49.550995,41.003048,6449.9546
2020-11-30,18487.195,49.97374,41.960434,6601.1255
2020-12-07,18823.357,50.938423,42.412823,6753.393
2020-12-14,19150.91,52.981934,43.3701,6902.319
2020-12-21,19490.732,53.941006,45.337265,7049.1597
2020-12-28,19833.01,55.3972,45.791542,7183.11
2021-01-04,20222.504,56.822224,46.75111,7341.387
2021-01-11,20619.023,57.750565,47.20486,7507.023
2021-01-18,20995.955,58.183792,47.65778,7673.6
2021-01-25,21397.006,58.615974,48.11212,7833.6587
2021-02-01,21803.572,59.045776,48.567528,8010.268
2021-02-08,22214.824,59.473938,49.021717,8171.8286
2021-02-15,22643.19,60.38607,50.488117,8353.956
2021-02-22,23068.043,61.77555,51.449142,8515.015
2021-03-01,23505.928,62.678818,52.928925,8688.553
2021-03-08,23903.002,63.105392,53.894547,8864.132
2021-03-15,24275.6,63.531963,54.362213,9035.746
2021-03-22,24639.533,64.43523,55.33584,9199.42
2021-03-29,24983.607,65.33849,56.81341,9356.793
2021-04-05,25334.395,65.76506,57.786995,9556.239
2021-04-12,25679.562,66.17979,58.24806,9724.189
2021-04-19,26017.535,66.593636,59.21772,9899.408
2021-04-26,26358.31,67.50095,60.706284,10057.622
2021-05-03,26709.398,67.9148,61.67936,10219.824
2021-05-10,27086.043,68.82211,63.161434,10387.733
2021-05-17,27480.953,69.23503,63.62551,10559.057
2021-05-24,27868.67,69.64496,64.59672,10736.856
2021-05-31,28291.773,70.05165,65.03843,10903.51
2021-06-07,28708.879,70.96016,66.00835,11051.348
2021-06-14,29109.998,71.8678,66.978264,11229.042
2021-06-21,29519.648,72.27794,67.94254,11403.347
2021-06-28,29960.393,73.18457,68.905685,11579.19
2021-07-05,30409.473,73.5836,69.86854,11771.416
2021-07-12,30855.555,74.484505,70.29791,11958.999
2021-07-19,31328.135,75.380745,71.26479,12140.601
2021-07-26,31807.3,76.25372,72.23363,12358.966
2021-08-02,32336.498,76.61137,73.20571,12635.929
2021-08-09,32851.23,77.91635,74.713486,12937.182
2021-08-16,33386.98,78.25513,75.6502,13237.564
2021-08-23,33958.54,79.05255,76.0135,13576.525
2021-08-30,34583.28,80.31885,78.00817,13920.427
2021-09-06,35280.695,80.7156,78.376015,14292.009
2021-09-13,35972.6,81.63067,78.72819,14671.749
2021-09-20,36761.055,82.450134,79.07775,15054.969
2021-09-27,37573.61,82.73005,79.92401,15448.488
2021-10-04,38422.254,83.685165,80.72178,15879.986
2021-10-11,39335.195,85.18002,80.96259,16354.586
2021-10-18,40308.7,85.72042,81.71244,16816.96
2021-10-25,41407.43,87.848366,81.78743,17359.383
2021-11-01,42796.066,90.52311,82.31284,17925.09
2021-11-08,44169.094,91.84346,82.42741,18465.615
2021-11-15,45497.785,93.136246,83.28656,18882.506
2021-11-22,46677.85,94.201324,83.57234,19220.998
2021-11-29,47908.414,95.19609,85.65594,19566.064
2021-12-06,49261.062,97.84266,88.206436,19962.527
2021-12-13,50393.05,98.81126,89.82714,20320.53
2021-12-20,51551.85,100.91056,90.24017,20660.371
2021-12-27,52584.234,101.29057,90.66135,21001.793
2022-01-03,53592.508,101.66946,94.22296,21340.547
2022-01-10,54498.832,102.622696,96.55198,21671.533
2022-01-17,55361.816,103.00432,98.84055,21969.344
2022-01-24,56185.71,103.391174,99.147446,22258.127
2022-01-31,57074.07,104.91525,99.46419,22638.688
2022-02-07,57951.438,105.30485,101.60581,23026.133
2022-02-14,58749.504,105.69963,102.77784,23493.652
2022-02-21,59515.855,106.09624,103.09271,24018.959
2022-02-28,60314.734,106.49285,104.26255,24658.848
2022-03-07,61099.91,106.88943,105.42992,25360.865
2022-03-14,61867.707,107.28528,107.44054,26081.143
2022-03-21,62681.797,108.24121,110.26855,26826.64
2022-03-28,63512.22,110.878044,111.42151,27545.918
2022-04-04,64321.027,111.835556,114.087364,28161.463
2022-04-11,65091.59,112.22354,115.12697,28692.668
2022-04-18,66009.664,112.5985,116.15461,29233.033
2022-04-25,66892.984,113.53817,116.52664,29676.166
2022-05-02,67837.36,113.91349,119.69113,30176.113
2022-05-09,68905.89,114.85315,120.73539,30624.686
2022-05-16,69964.64,115.22848,121.03409,31120.889
2022-05-23,71062.74,116.16814,122.079346,31614.225
2022-05-30,72197.02,117.107796,123.868164,32088.934
2022-06-06,73221.69,117.48118,124.91242,32488.986
2022-06-13,74104.81,119.50653,125.956436,32847.855
2022-06-20,75000.96,120.432594,126.99935,33175.06
2022-06-27,75918.805,121.358665,127.30922,33510.816
2022-07-04,76857.58,124.992584,127.61701,33860.277
2022-07-11,77889.92,125.377075,128.66298,34223.426
2022-07-18,78953.51,127.92296,128.97546,34600.277
2022-07-25,79890.055,128.8477,130.0203,35067.004
2022-08-01,80934.625,129.77246,131.0652,35507.492
2022-08-08,81899.99,130.16449,132.11005,35965.277
2022-08-15,82907.055,130.549,133.88599,36430.76
2022-08-22,83862.875,130.93199,135.66325,36870.58
2022-08-29,84843.31,131.3131,137.44052,37341.19
2022-09-05,85814.85,131.69418,139.21777,37808.387
2022-09-12,86673.09,132.60979,140.26189,38235.375
2022-09-19,87599.03,133.52538,144.85683,38680.84
2022-09-26,88506.055,133.90648,149.43283,39192.68
2022-10-03,89450.9,134.82207,153.77882,39657.15
2022-10-10,90405.19,135.73766,154.83435,40082.777
2022-10-17,91501.266,136.11876,155.27585,40590.246
2022-10-24,92520.37,136.49985,156.33138,41001.37
2022-10-31,93611.71,136.88095,157.3827,41471.18
2022-11-07,94645.664,137.26204,158.43289,41929.44
2022-11-14,95781.58,139.24663,158.79216,42390.15
2022-11-21,96917.49,141.23123,160.52054,42767.56
2022-11-28,98034.49,141.61232,161.55763,43097.598
2022-12-05,99254.805,142.52791,161.89548,43415.395
2022-12-12,100437.3,142.90901,162.92953,43723.387
2022-12-19,101584.01,143.8246,165.36021,44005.242
2022-12-26,102689.53,144.74019,166.39732,44276.484
2023-01-02,104003.0,145.12129,167.43442,44636.74
2023-01-09,105205.66,146.03688,168.47151,44952.082
2023-01-16,106406.695,146.41798,168.80714,45295.19
2023-01-23,107490.51,146.79907,170.54572,45653.816
2023-01-30,108640.87,147.18016,170.87518,46032.86
2023-02-06,109836.19,147.55713,171.20175,46429.617
2023-02-13,110898.46,147.92711,171.52835,46835.23
2023-02-20,111925.88,148.84311,171.85493,47265.816
2023-02-27,112995.125,149.21304,172.88898,47689.15
2023-03-06,114046.64,150.12659,173.21555,48118.12
2023-03-13,115100.04,150.48174,173.53926,48553.64
2023-03-20,116190.2,150.83861,175.2835,49039.023
2023-03-27,117248.695,151.19724,176.3171,49492.55
2023-04-03,118221.766,151.55441,176.64008,49942.367
2023-04-10,119374.82,151.90714,176.96303,50448.617
2023-04-17,120485.53,152.82274,178.70724,50940.95
2023-04-24,121565.695,153.17546,179.03024,51444.074
2023-05-01,122891.17,153.52818,180.06386,51981.0
2023-05-08,124196.24,153.8809,181.80806,52557.047
2023-05-15,125531.39,154.79651,184.2629,53123.49
2023-05-22,126800.88,155.14804,184.58586,53712.598
2023-05-29,128166.23,155.49321,184.90884,54311.133
2023-06-05,129470.66,155.83836,186.65306,54869.754
2023-06-12,130711.73,156.18353,187.68665,55402.613
2023-06-19,131994.58,156.52869,188.72029,55883.258
2023-06-26,133262.84,156.87386,189.75388,56385.6
2023-07-03,134639.02,157.79161,190.78748,56902.855
2023-07-10,136045.25,158.13678,191.11043,57489.965
2023-07-17,137512.0,158.48193,191.43344,58097.418
2023-07-24,138926.72,158.8271,191.75641,58753.008
2023-07-31,140435.92,159.74484,192.79001,59393.008
2023-08-07,141858.02,160.6626,193.11299,60103.016
2023-08-14,143259.84,162.72552,193.43916,60797.477
2023-08-21,144720.14,163.6433,194.47443,61524.004
2023-08-28,146199.23,165.13364,195.50972,62253.93
2023-09-04,147690.53,166.05139,195.8508,62968.887
2023-09-11,149161.52,166.96913,197.58029,63636.184
2023-09-18,150709.28,167.31432,198.61557,64294.613
2023-09-25,152158.64,167.65947,201.0588,64942.844
2023-10-02,153729.86,168.57722,201.38177,65565.2
2023-10-09,155237.42,168.92238,201.72142,66124.91
2023-10-16,156876.11,169.84013,202.75673,66711.86
2023-10-23,158527.6,170.1853,206.61444,67221.87
2023-10-30,160084.69,171.10304,209.06927,67715.53
2023-11-06,161723.69,172.0208,210.10187,68214.59
2023-11-13,163544.8,172.36595,211.83232,68724.734
2023-11-20,165490.56,174.4289,212.85962,69181.15
2023-11-27,167484.72,174.77408,213.88687,69587.4
2023-12-04,169610.84,175.11923,214.9142,69944.9
2023-12-11,171777.45,176.03697,215.94148,70331.22
2023-12-18,173873.62,177.52794,217.64934,70658.7
