date,Dengue,Zika,Chikungunya,Varicela
1/1/2007,-999.492237,,,1079.6638943986347
1/8/2007,-615.1100225,,,1113.8023371766535
1/15/2007,-201.5069377,,,1235.697312844333
1/22/2007,278.6821616686866,,,1360.9708669912432
1/29/2007,805.5985250965766,,,1461.0272003000377
2/5/2007,1326.694522877942,,,1565.306919037573
2/12/2007,1808.2562315363648,,,1727.9918895711087
2/19/2007,2254.8675339824686,,,1991.8036523162284
2/26/2007,2683.8475531347835,,,2362.6613627143906
3/5/2007,3094.1073222251675,,,2803.6171247618113
3/12/2007,3467.766237,,,3258.730130796787
3/19/2007,3797.818793991692,,,3697.4950140635865
3/26/2007,4104.566116101211,,,4139.495306099233
4/2/2007,4420.667508360915,,,4626.612048252437
4/9/2007,4763.018084965035,,,5166.902651434406
4/16/2007,5122.472593365616,,,5716.010375638052
4/23/2007,5479.406078394168,,,6225.012678258163
4/30/2007,5825.6262366510155,,,6700.295630439057
5/7/2007,6171.017404,,,7196.03093
5/14/2007,6532.331733454294,,,7737.681792903801
5/21/2007,6917.2988709730225,,,8267.574557
5/28/2007,7317.302982759502,,,8688.920289760907
6/4/2007,7713.494207752481,,,8966.775995
6/11/2007,8093.094630840531,,,9165.495639081555
6/18/2007,8464.841563619486,,,9371.249593
6/25/2007,8857.186077662887,,,9592.488028731153
7/2/2007,9291.297618000137,,,9770.274941444244
7/9/2007,9746.344372,,,9899.787232373694
7/16/2007,10154.224940495278,,,10113.00580310602
7/23/2007,10443.997859533813,,,10594.781297590604
7/30/2007,10606.488878754692,,,11395.471387045493
8/6/2007,10716.710273924527,,,12344.80799062888
8/13/2007,10881.539376588351,,,13183.31259152342
8/20/2007,11153.469272040878,,,13792.53125
8/27/2007,11492.029895158272,,,14288.429957019851
9/3/2007,11811.488983179232,,,14883.97299083885
9/10/2007,12065.921969611949,,,15672.97922947018
9/17/2007,12284.880319981248,,,16562.42102824176
9/24/2007,12528.364280583999,,,17405.438848783422
10/1/2007,12817.685808285962,,,18167.802277712835
10/8/2007,13120.134172049507,,,18942.83727562236
10/15/2007,13397.612054114896,,,19818.32193752396
10/22/2007,13653.80786375564,,,20763.934025361243
10/29/2007,13920.511843947657,,,21664.260218557614
11/5/2007,14202.537594169744,,,22439.80700771703
11/12/2007,14455.480433700654,,,23101.87140952551
11/19/2007,14632.848046870693,,,24260.923247115195
11/26/2007,14752.560351088858,,,25296.84354
12/3/2007,14902.099913591988,,,26103.21577257122
12/10/2007,15166.950430356577,,,26621.461785862903
12/17/2007,15554.569787774544,,,26930.86011025592
12/24/2007,15994.243578164414,,,27213.657680506767
12/31/2007,16411.51186713114,,,27628.63660431285
1/7/2008,16797.086105635237,,,28215.610598358126
1/14/2008,17201.352667213632,,,28907.367580262366
1/21/2008,17669.43598330445,,,29614.472222895598
1/28/2008,18191.622492174938,,,30296.581133251424
2/4/2008,18717.329314640425,,,30974.706261962347
2/11/2008,19206.575811715702,,,31701.46594833581
2/18/2008,19658.005120970258,,,32523.880045553982
2/25/2008,20089.471321730296,,,33455.59992218583
3/3/2008,20504.205524312794,,,34466.51634567431
3/10/2008,20885.60873538863,,,35501.01976288798
3/17/2008,21222.722732225622,,,36521.04455317581
3/24/2008,21531.205737466345,,,37537.67796611381
3/31/2008,21843.642823623075,,,38592.917686399705
4/7/2008,22181.31227568063,,,39704.13063143912
4/14/2008,22539.17486638942,,,40834.46374804746
4/21/2008,22897.69824428839,,,41930.564634942195
4/28/2008,23245.55717506358,,,43307.30451305745
5/5/2008,23589.839884877532,,,44694.35462104128
5/12/2008,23947.314615051266,,,46128.40858522088
5/19/2008,24328.222122926247,,,47566.486512231546
5/26/2008,24726.803898553517,,,48911.53807965287
6/2/2008,25125.03748248936,,,50111.52247
6/9/2008,25507.698268500368,,,51215.89460129118
6/16/2008,25879.109202911168,,,52315.61287109319
6/23/2008,26265.510986785368,,,53436.51767070155
6/30/2008,26692.141781350983,,,54524.60172813755
7/7/2008,27147.392467982674,,,55555.767346808854
7/14/2008,27569.706549687577,,,56638.45786529301
7/21/2008,27883.723302778988,,,57961.24198369207
7/28/2008,28065.592598941053,,,59610.43040270214
8/4/2008,28177.07499371458,,,61451.59122296957
8/11/2008,28325.751385428568,,,63224.02104734748
8/18/2008,28579.00618239356,,,64770.61806249619
8/25/2008,28911.79808566833,,,66169.66617658273
9/1/2008,29240.133404364937,,,67633.71238319075
9/8/2008,29505.995351164842,,,69289.27167456802
9/15/2008,29726.750497634574,,,71071.43920004606
9/22/2008,29962.52209161848,,,72828.65967868328
9/29/2008,30244.888795199484,,,74648.91996
10/6/2008,30548.488208094368,,,76460.89045893426
10/13/2008,30831.588199116533,,,78364.69521191687
10/20/2008,31089.395699424855,,,80353.21021982061
10/27/2008,31352.413811742677,,,82317.87389996804
11/3/2008,31633.798097497656,,,84165.09088075231
11/10/2008,31896.286954078154,,,85892.05268327697
11/17/2008,32088.276739634024,,,87535.42570561612
11/24/2008,32213.260386649803,,,89069.95011264784
12/1/2008,32349.901802651333,,,90394.24132294847
12/8/2008,32590.80297981121,,,91431.98470997276
12/15/2008,32960.14224041698,,,
12/22/2008,33397.07189798907,,,92979.38037751707
12/29/2008,33821.33126543704,,,93833.45145963335
12/29/2008,33821.33126543704,,,93833.45145963335
12/29/2008,33821.33126543704,,,93833.45145963335
12/29/2008,33821.33126543704,,,93833.45145963335
1/5/2009,34209.90304744184,,,94862.02371978367
1/12/2009,34606.419434255964,,,96011.75064
1/19/2009,35062.039904251484,,,97190.53748786512
1/26/2009,35577.72578246587,,,98346.61944
2/2/2009,36106.68736006488,,,99491.52807665532
2/9/2009,36603.64024735764,,,100675.09465779645
2/16/2009,37060.56241213701,,,101947.73826187516
2/23/2009,37494.63186,,,103330.47334119499
3/2/2009,37952.85355779979,,,104800.61202333005
3/9/2009,38381.20994208603,,,106304.35362454677
3/16/2009,38765.53828,,,107797.20267818654
3/23/2009,39116.50525543186,,,109281.1378
3/30/2009,39465.62362884843,,,110796.30878750236
4/6/2009,39838.036935809345,,,112368.31535096325
4/13/2009,40233.23992352687,,,113969.13146154131
4/20/2009,40632.58682145635,,,115543.28333161863
4/27/2009,41021.96120289184,,,117073.58307760637
5/4/2009,41405.34047893711,,,118603.62131936775
5/11/2009,41798.95180078497,,,120178.9294611687
5/18/2009,42215.22894049912,,,121772.08786886458
5/25/2009,42651.39492003241,,,123289.30217774342
6/1/2009,43090.759366998485,,,124663.46953472373
6/8/2009,43516.23043364828,,,125927.0224343889
6/15/2009,43927.82826807957,,,127171.87662772332
6/22/2009,44348.82173512952,,,128440.68265072886
6/29/2009,44807.27016655812,,,129688.26204347606
7/6/2009,45300.28507960846,,,130874.97661783776
7/13/2009,45774.060364253666,,,132083.9961765205
7/20/2009,46151.07767606047,,,133501.20365843992
7/27/2009,46394.030670257074,,,135244.62384096006
8/3/2009,46550.081707554345,,,137218.9016073483
8/10/2009,47261.428626957524,,,139170.1460558459
8/17/2009,48071.62828892975,,,140607.65124299622
8/24/2009,48972.237088235874,,,141868.01645097794
8/31/2009,49883.97070007285,,,143155.63584470624
9/7/2009,50738.43604896379,,,144626.07607268853
9/14/2009,51539.64127699099,,,146246.32279816034
9/21/2009,52345.309680274215,,,147866.38444196768
9/28/2009,53196.30279201213,,,149399.90277206077
10/5/2009,54076.074298673884,,,150904.91322066967
10/12/2009,54941.16720185393,,,152489.30012081633
10/19/2009,55778.24235404351,,,154169.40810889754
10/26/2009,56614.61828557475,,,155847.7096186954
11/2/2009,57470.58303885028,,,157419.18898224845
11/9/2009,58317.276562767685,,,158865.05290042536
11/16/2009,59100.45223202234,,,160222.8836630496
11/23/2009,59809.91586958732,,,161483.3652593342
11/30/2009,60513.37786806977,,,162553.71778815615
12/7/2009,61307.66788278699,,,163343.5808789614
12/14/2009,62233.10589521745,,,163879.70872385136
12/21/2009,63241.02022281286,,,164319.6189661721
1/4/2010,65217.690287524936,,,165544.83701576307
1/11/2010,66184.77820345953,,,166380.26601524273
1/18/2010,67204.47152464245,,,167259.92510102325
1/25/2010,68288.53020973338,,,168157.96246665678
2/1/2010,69395.71444416244,,,169038.88245056727
2/8/2010,70476.67795670233,,,169948.47756398958
2/15/2010,71516.26805913018,,,170939.59786719357
2/22/2010,72529.72886117929,,,172040.1300096723
3/1/2010,73528.18082356441,,,173235.19508340923
3/8/2010,74500.23453461671,,,174474.1774234759
3/15/2010,75429.40241080301,,,175707.4696048746
3/22/2010,76321.21365121756,,,176927.68167912494
3/29/2010,77205.14439,,,178171.2589247251
4/5/2010,78109.53296171657,,,179470.62351465548
4/12/2010,79038.68551,,,180807.48462054002
4/19/2010,79975.63926285172,,,182126.59955703968
4/26/2010,80903.94724653305,,,183399.99576333968
5/3/2010,81824.25973122532,,,184662.67693007085
5/10/2010,82751.70833094859,,,185966.31951282956
5/17/2010,83700.53505560372,,,187299.2513
5/24/2010,84670.98769200445,,,188574.22908609628
5/31/2010,85648.15934190438,,,189711.70258349975
6/7/2010,86613.69188264731,,,190725.6744667452
6/14/2010,87563.54012788694,,,191705.11978973428
6/21/2010,88517.39702,,,192708.06978513903
6/28/2010,89302.18814622043,,,193701.47813045434
7/5/2010,90125.73078631342,,,194865.8974
7/12/2010,90942.86068952864,,,196027.14442319513
7/19/2010,91676.10593780917,,,197362.44694786644
7/26/2010,92276.27132569626,,,199016.36394809512
8/2/2010,92775.04535476769,,,200934.4608283419
8/9/2010,93272.58108924107,,,202877.38798295145
8/16/2010,93860.16447,,,204625.76461484938
8/23/2010,94546.57889815263,,,206173.2137764205
8/30/2010,95260.10864048278,,,207708.37841515505
9/6/2010,95924.12709430471,,,209411.0150201286
9/13/2010,96528.60085488443,,,211282.60219585148
9/20/2010,97126.35222,,,213181.10955046592
9/27/2010,97766.10836996273,,,214997.73647788682
10/4/2010,98441.25058513565,,,216767.3618832337
10/11/2010,99108.64110318427,,,218600.6135059128
10/18/2010,99746.76709699612,,,220536.57122772152
10/25/2010,100378.04421716293,,,222492.57533081245
11/1/2010,101028.36200965117,,,224355.5180539572
11/8/2010,101678.07967866413,,,226089.5093128025
11/15/2010,102272.77115631683,,,227729.31940136832
11/22/2010,102789.78051885107,,,229280.24008230356
11/29/2010,103284.17078646066,,,230661.12439037522
12/6/2010,103429.81894585052,,,232434.63726416192
12/13/2010,103706.22522310885,,,233938.55313394175
12/20/2010,104078.80632021208,,,235312.26463455742
12/27/2010,104463.92170498503,,,236743.93568633657
1/3/2011,104812.52209962942,,,238342.9558120714
1/10/2011,105148.71907917038,,,240091.62510341412
1/17/2011,105529.47018898444,,,241900.79665294487
1/24/2011,105977.03278415448,,,243698.32569659906
1/31/2011,106457.32548907814,,,245474.25795206497
2/7/2011,106918.41949678553,,,247269.08636740118
2/14/2011,107337.85849959518,,,249137.0583724113
2/21/2011,107727.7064525492,,,251112.33459784262
2/28/2011,108102.17798186679,,,253188.0442595037
3/7/2011,108453.52759056841,,,255317.9965758758
3/14/2011,108763.91481489681,,,257448.92243134676
3/21/2011,109033.7961656518,,,259564.15335271202
3/28/2011,109289.72025451642,,,261694.75245328344
4/4/2011,109562.41988473646,,,263878.2891526607
4/11/2011,109861.12370254374,,,266106.67092773813
4/18/2011,110171.32069020305,,,268327.1772146891
4/25/2011,110474.80169088721,,,270502.3606881086
5/2/2011,110768.78429127546,,,272657.0179
5/9/2011,111066.77019913025,,,274846.103
5/16/2011,111384.36637140698,,,277448.10629248485
5/23/2011,111724.8068172861,,,280010.3770373657
5/30/2011,112075.35817996964,,,282443.9903749054
6/6/2011,112417.00150595329,,,284743.8807220901
6/13/2011,112741.97239802085,,,286992.29419744253
6/20/2011,113065.94692001255,,,289260.44669990597
6/27/2011,113418.97257931446,,,291529.9972366867
7/4/2011,113813.20580306459,,,293743.2462635861
7/11/2011,114212.69251575967,,,295932.17698415316
7/18/2011,114542.08629197303,,,298260.0444638495
7/25/2011,114742.15401814813,,,300892.0425878669
8/1/2011,114828.71974237115,,,303815.0659740878
8/8/2011,114894.11809545581,,,306811.45124779706
8/15/2011,115037.9033212625,,,309640.33489708556
8/22/2011,115286.15373214018,,,312251.2820584718
8/29/2011,115577.3663899539,,,314810.01197815395
9/5/2011,115829.17648604528,,,317514.55756075267
9/12/2011,116017.35222704601,,,320402.1960022716
9/19/2011,116187.43856760615,,,323345.1317699804
9/26/2011,116394.22863673768,,,326215.9795768966
10/3/2011,116641.72806429269,,,329023.9832508358
10/10/2011,116889.2050375729,,,331877.2744816197
10/17/2011,117128.04978551122,,,334835.9392221923
10/24/2011,117354.03493736475,,,337557.6620338997
10/31/2011,117596.87648621415,,,340202.9053377941
11/7/2011,117846.50535126943,,,342718.40401229577
11/14/2011,118050.67238759926,,,345132.4979636791
11/21/2011,118175.91075071925,,,347463.0218790127
11/28/2011,118263.43979143548,,,349642.8263419771
12/5/2011,118409.53030194624,,,351565.8199151542
12/12/2011,118682.85604951422,,,353208.1576614313
12/19/2011,119064.36316532802,,,354687.9663646987
12/26/2011,119473.08509010913,,,356194.75808523386
1/2/2012,119848.69862090633,,,357858.85276182665
1/9/2012,120203.20315884084,,,359683.58165550284
1/16/2012,120592.96074801045,,,361585.76568336197
1/23/2012,121049.99750405169,,,363485.07504684536
1/30/2012,121548.77801346121,,,365359.9766112811
2/6/2012,122036.45443094973,,,367244.41831101145
2/13/2012,122483.40810499027,,,369192.94989832153
2/20/2012,122897.34800705887,,,371245.3128231296
2/27/2012,123294.73094147553,,,373402.66627431416
3/5/2012,123671.8968395358,,,375624.32052345894
3/12/2012,124010.67256989256,,,377854.87161441345
3/19/2012,124306.71633814275,,,380068.79587683076
3/26/2012,124732.05893893912,,,381965.5875189967
4/2/2012,125169.73650439864,,,383910.8500175197
4/9/2012,125633.83526271356,,,385906.6979488293
4/16/2012,126113.0066219339,,,387905.0625178484
4/23/2012,126587.93936025715,,,389860.72891973786
4/30/2012,127052.43292646145,,,391787.1780527821
5/7/2012,127517.86292702475,,,393739.7300450372
5/14/2012,128000.70942275973,,,395736.12988126255
5/21/2012,128507.0728,,,397710.5795625237
5/28/2012,129026.71553065817,,,399568.17287467804
6/4/2012,129540.55207871365,,,401284.9247654475
6/11/2012,130037.53495835951,,,402932.8428689651
6/18/2012,130529.0455439278,,,404593.48035949067
6/25/2012,131044.43446777054,,,406264.9469134441
7/2/2012,131601.84177344016,,,407887.40894408355
7/9/2012,132174.77107962206,,,409469.11819926143
7/16/2012,132691.89580180668,,,411154.8754624647
7/23/2012,133086.00838430875,,,413124.13563228876
7/30/2012,133357.16017293846,,,415404.1134163458
8/6/2012,133587.48351877515,,,417805.1424248489
8/13/2012,133881.99273953968,,,420072.35710373655
8/20/2012,134283.56618271032,,,422112.1506875279
8/27/2012,135042.16233683692,,,424060.8469187597
9/3/2012,135773.5228,,,426127.99938859703
9/10/2012,136439.60232766985,,,428386.6115486023
9/17/2012,137076.51598065582,,,430729.01074602245
9/24/2012,137743.00847953346,,,433014.0073994966
10/1/2012,138453.95239739504,,,435223.7988621808
10/8/2012,139173.05515283803,,,437458.7816031885
10/15/2012,139865.22776714072,,,439797.37487879395
10/22/2012,140539.03602105042,,,442195.87276410044
10/29/2012,141226.09068583188,,,444536.8309642817
11/5/2012,141925.77776560455,,,446750.19369219564
11/12/2012,142590.1781468527,,,448854.53664333787
11/19/2012,143177.0140227014,,,450877.54580366786
11/26/2012,143712.99864986088,,,452767.6794
12/3/2012,144289.72507849144,,,454417.39046640345
12/10/2012,144987.10657020262,,,455780.3075897916
12/17/2012,145802.53157734024,,,456950.82213765424
12/24/2012,146660.60625632165,,,458115.2605018851
12/31/2012,147491.52688668983,,,459422.5846353691
1/7/2013,148294.1673862911,,,460898.6365249732
1/14/2013,149121.8717532267,,,462469.29842133424
1/21/2013,150015.2944062082,,,464047.9021044489
1/28/2013,150958.54641117158,,,465601.1360223086
2/4/2013,152310.38081710914,,,467010.7040188527
2/11/2013,153623.7450787022,,,468474.80602581723
2/18/2013,154900.9485710713,,,470037.9861968761
2/25/2013,156159.66440866035,,,471709.29242857744
3/4/2013,157400.5361692374,,,473454.4297699271
3/11/2013,158606.07925818625,,,475217.4078211142
3/18/2013,159767.6271482412,,,476964.57561786764
3/25/2013,160903.67802068737,,,478712.2139098721
4/1/2013,162046.9817373919,,,480502.4897642619
4/8/2013,163216.23832574513,,,482347.28982470004
4/15/2013,164403.88477865217,,,484205.0752650498
4/22/2013,165590.2392782842,,,486024.88184989174
4/29/2013,166765.82328660766,,,487808.3128
5/6/2013,167939.44614311127,,,489608.2261
5/13/2013,169127.93277969645,,,491454.84011455445
5/20/2013,170340.0509088444,,,493296.2117432012
5/27/2013,171568.3076098234,,,495035.0171958747
6/3/2013,172794.12038819253,,,496629.2714444953
6/10/2013,174003.6652434924,,,498137.66624376434
6/17/2013,175203.90905948647,,,499648.7350758539
6/24/2013,176422.51979218618,,,501177.8971180436
7/1/2013,177682.44314272594,,,502667.68816432584
7/8/2013,178966.58020769182,,,504105.1677136627
7/15/2013,180209.2835592468,,,505706.1751284446
7/22/2013,181337.57190200567,,,507564.8425307453
7/29/2013,182336.27892247806,,,509746.3489365602
8/5/2013,183275.3068,,,512094.2857076168
8/12/2013,184262.17521625242,,,514347.71210114803
8/19/2013,185355.52345690393,,,516372.24466279225
8/26/2013,186520.87966816418,,,518269.2903807389
9/2/2013,187672.8478,,,520252.5715
9/9/2013,188760.4905094736,,,522429.33931608207
9/16/2013,189808.6553433332,,,524717.2954559635
9/23/2013,190877.6916483528,,,526966.9704257331
9/30/2013,191993.10682373302,,,529133.257
10/7/2013,193124.9330908601,,,531303.8052408339
10/14/2013,194233.4025777996,,,533571.8461829942
10/21/2013,195318.8468466442,,,535916.2412
10/28/2013,196412.7767701721,,,538223.8014847842
11/4/2013,197523.4644576841,,,540409.1172695478
11/11/2013,198609.18485427112,,,542478.1142
11/18/2013,199621.10895915263,,,544465.1412398324
11/25/2013,200571.3301224637,,,546335.0612920485
12/2/2013,201544.08494044415,,,547983.0127195666
12/9/2013,202628.03944862873,,,549342.9094571973
12/16/2013,203806.55429274618,,,550483.6992892864
12/23/2013,205043.38080926423,,,551776.4733605331
12/30/2013,206261.43266676282,,,553193.4640777108
1/6/2014,207445.9276149926,,,554783.9084148216
1/13/2014,208644.81718633894,,,556485.7945413312
1/20/2014,209905.86460632796,,,558208.3184146488
1/27/2014,211223.58481394663,,,559906.5089093108
2/3/2014,212548.6950701017,,,561597.7048111043
2/10/2014,213838.96128279765,,,563333.5583943693
2/17/2014,215090.43383089945,,,565162.5610553867
2/24/2014,216320.84557675314,,,567101.3608531414
3/3/2014,217535.12212631537,,,569122.7581876789
3/10/2014,218717.4412886833,,,571171.6945127612
3/17/2014,219855.4650886363,,,573207.3849601935
3/24/2014,220962.88589645908,,,575237.3271574993
3/31/2014,222071.97864581866,,,577303.0111125323
4/7/2014,223205.63884472527,,,579425.2460719255
4/14/2014,224360.59751080285,,,581570.5733664577
4/21/2014,225517.5808480737,,,583684.5101625001
4/28/2014,226664.09929563143,,,585756.7757
5/5/2014,227806.02930801283,,,587835.1433954745
5/12/2014,228959.9897773952,,,589960.1486229011
5/19/2014,230137.14073277815,,,592094.9695
5/26/2014,231086.08210984626,,,594230.9413
6/2/2014,232036.0902733539,,156.04983376230663,596222.2231432972
6/9/2014,232971.12258408286,,22.200689186844926,598111.6773738475
6/16/2014,233893.76006789927,,-68.81553707,599991.1127799193
6/23/2014,234829.1374523211,,-89.52503528,601893.2124220545
6/30/2014,235803.7712920717,,-70.08461823,603767.0625903233
7/7/2014,236809.61484531086,,-65.87756188,605581.8685007457
7/14/2014,237788.08435401967,,-99.43993977,607436.1081680298
7/21/2014,238662.6862901121,,-141.7194792,609518.0252928959
7/28/2014,239404.0208731903,,-154.7234693,611927.1822080388
8/4/2014,240068.1451113983,,-146.0064854,614544.4655783843
8/11/2014,240762.0824,,-169.4898187,617110.9434147791
8/18/2014,241558.68749954476,,-268.0331128,619455.2757878732
8/25/2014,242439.4475596343,,594.9944171601701,621639.5972269584
9/1/2014,243321.8999560811,,1475.6771996938292,623874.1207300641
9/8/2014,244143.64609224495,,2434.3162584429524,626297.4906
9/15/2014,244916.8235601141,,3471.3455033269297,628857.1678737124
9/22/2014,245700.8994709488,,4539.996253809602,631401.4580536883
9/29/2014,246531.3088932762,,5596.104572797307,633858.8834831852
10/6/2014,247386.0579816435,,6628.0252760834655,636299.787
10/13/2014,248222.48616461927,,7643.940956756639,638827.9757097726
10/20/2014,249032.36511896126,,8646.172998081462,641445.7364190993
10/27/2014,249845.1437,,9627.996031,644048.4345638552
11/3/2014,250591.77939603408,,10588.981273835552,646559.7020993577
11/10/2014,251323.45990512322,,11971.538751758126,648948.3648384769
11/17/2014,251987.2261420994,,13344.689029834042,651251.9024366691
11/24/2014,252580.97908926793,,14693.676283754801,653451.5429718074
12/1/2014,253179.2342246475,,16008.344529101285,655448.9425324233
12/8/2014,253876.64033377316,,17315.23235976993,657161.7015033842
12/15/2014,254703.9338317582,,18674.59393,658632.4397371496
12/22/2014,255604.88069351073,,20130.871099513162,660027.8049828608
12/29/2014,256497.63827284853,,21663.429399256456,661524.7180943446
12/29/2014,256497.63827284853,,21663.429399256456,661524.7180943446
12/29/2014,256497.63827284853,,21663.429399256456,661524.7180943446
12/29/2014,256497.63827284853,,21663.429399256456,661524.7180943446
12/29/2014,256497.63827284853,,21663.429399256456,661524.7180943446
12/29/2014,256497.63827284853,,21663.429399256456,661524.7180943446
12/29/2014,256497.63827284853,,21663.429399256456,661524.7180943446
12/29/2014,256497.63827284853,,21663.429399256456,661524.7180943446
1/5/2015,257353.7522257777,,23194.344875070055,663196.0393944674
1/12/2015,258213.5508455251,,24652.758715560096,664994.7534659986
1/19/2015,259130.0569541977,,26140.759106649715,666828.4389767282
1/26/2015,260108.56004686252,,27606.203659211937,668640.9352844994
2/2/2015,261104.2862,,29106.301425302823,670439.7186551444
2/9/2015,262070.16280717612,,30650.73237120842,672273.1560474547
2/16/2015,262995.35576050455,,32206.91554995391,674192.7588627862
2/23/2015,263896.42110512126,,33743.02560968842,676222.3556527934
3/2/2015,264782.2992087882,,35257.37574712355,678342.3464
3/9/2015,265639.7095632419,,36769.039308260035,680500.0460974672
3/16/2015,266453.4478343168,,38291.54185034086,682648.7478039216
3/23/2015,267232.1314999908,,39822.85090810019,684786.694
3/30/2015,268006.5712025391,,41356.12984733817,686952.7795338747
4/6/2015,268803.2766507518,,42881.826896884166,689175.5062381573
4/13/2015,269623.64288468804,,44410.99163,691430.6577222925
4/20/2015,270449.6026302376,,45943.83748248775,693662.5715
4/27/2015,271266.0456243968,,47480.533133265584,695849.6171
5/4/2015,272075.63842756447,,49024.75777279056,698032.1755081008
5/11/2015,272894.2357820095,,50575.56601739306,700258.5718977631
5/18/2015,273735.0444094403,,52114.170402963115,702507.7011703539
5/25/2015,274596.49662499235,,53609.339190335944,704688.0111358872
6/1/2015,275462.5645497018,,55047.94140643636,706727.0776254574
6/8/2015,276315.5770924839,,56460.65558,708650.0879
6/15/2015,277153.89328127634,,57906.47084,710548.2468200529
6/22/2015,277999.41503229935,,58195.27603568171,712470.5740323776
6/29/2015,278880.9822719985,,58533.097719655496,714376.3857491527
7/6/2015,279799.00077951275,,58864.66909293614,716220.9932482281
7/13/2015,280703.03222987184,,59158.36206015519,718077.2281947967
7/20/2015,281515.3179261102,,59435.67515270308,720128.1958875867
7/27/2015,282193.59049127344,,59737.67090030016,722503.2018914201
8/3/2015,282778.90079345333,-10076.21903,60067.08539830242,725123.1181541103
8/10/2015,283374.82680918416,-8351.72359,60375.17059947111,727738.9695873477
8/17/2015,284066.44269835047,-7055.450415,60612.05704322894,730147.5668652125
8/24/2015,284852.1513030657,-5989.117829,60785.647144346054,732368.7534222155
8/31/2015,285655.3624241885,-4888.765792,60962.818966338986,734601.5172626816
9/7/2015,286611.36025544885,-3691.759063,61050.363623377954,737011.7403214369
9/14/2015,287511.34002862184,-2512.670671,61220.84639348632,739579.9705103331
9/21/2015,288411.36006505816,-1423.440122,61432.59127690758,742158.6340444766
9/28/2015,289355.6209750748,-347.7354429,61637.56186939295,744651.9981
10/5/2015,290331.4362475219,818.2440615233287,61818.16907327761,747109.1963150203
10/12/2015,291295.22674664273,2059.1478349282497,61981.17014384069,749639.8297443707
10/19/2015,292230.31498247024,3279.454372490791,62131.03598072684,752269.4815500802
10/26/2015,293162.2516509265,4459.539392964078,62261.69048606538,754906.1370504466
11/2/2015,294113.7646411432,5690.844572616458,62370.63025740098,757441.1125284702
11/9/2015,295059.6092049865,7029.649172281589,62466.31423751425,759848.8638147842
11/16/2015,295945.1750722366,8383.496700353033,62553.54256280883,762166.2936190015
11/23/2015,296755.1109637562,9621.205171159529,62863.02825427621,764390.1321
11/30/2015,297552.24478020007,10784.411813435963,63138.02509104059,766431.9239291123
12/7/2015,298434.2586569262,12098.510863068619,63397.22715966824,768196.8104031127
12/14/2015,299447.6408541749,13999.804324468918,63697.48990588911,769701.0547270797
12/21/2015,300549.15046173806,16036.25575256327,64090.60015048018,771095.3399176258
1/4/2016,302723.4338,19294.136404945428,65061.50454268463,774205.7126043375
1/11/2016,303785.3024906558,20612.964531620248,65490.336132702905,775988.4269054808
1/18/2016,304896.7268161904,22248.457640405675,65836.72539168868,777821.7701193629
1/25/2016,306073.7259856843,24378.279671793513,66148.56731919816,779639.2372422898
2/1/2016,307277.74133941036,26753.43121,66487.51977500002,781437.6076280473
2/8/2016,308458.2044461124,28982.370316627803,66873.08759629253,783260.7050090323
2/15/2016,309597.0446761573,30923.73395,67303.01767565277,785162.0659640495
2/22/2016,310708.38097204856,32748.692275064648,67716.68810882946,787192.7923040944
2/29/2016,311804.66104048124,34653.23960312187,68106.66414133593,789320.5664763845
3/7/2016,312875.8867508804,36609.811196097544,68490.26778328777,791496.4026382554
3/14/2016,313904.909,38454.58866064543,68883.49701752853,793669.0491083125
3/21/2016,314895.20826977934,40158.08256095513,69286.69658414819,795827.3745530687
3/28/2016,315875.19119268877,41901.60476,69692.80196299296,798005.8604364434
4/4/2016,316874.2562887446,43854.011021008715,70099.58601056742,800239.2012203024
4/11/2016,317898.6751,45944.46531790453,70509.47168560319,802513.1552705585
4/18/2016,318932.37584204203,47935.39513191454,70923.17555505471,804773.2207
4/25/2016,319958.1329560982,49709.12168843748,71340.43723,806987.4538654815
5/2/2016,320975.22973683634,51402.01504287371,71689.77656213751,809186.9423725927
5/9/2016,321998.20824087516,53214.98812,72046.90159409301,811425.0232950181
5/16/2016,323041.9126048767,55146.75652060663,72396.63982620044,813696.2248294323
5/23/2016,324107.7943,56995.803729010026,72708.26244840963,815916.7711661394
5/30/2016,325181.77272616694,58627.98016447635,72962.79320528188,818002.9723
6/6/2016,326245.15304425324,60159.432380028644,73182.77702684465,819961.2360594303
6/13/2016,327292.3553880141,61810.98349535124,73425.36843175153,821878.2886627227
6/20/2016,328341.50966939295,62949.95790545841,73734.89983029752,823817.7380691646
6/27/2016,329422.5601484465,64044.51854924839,74101.09811797421,825752.1558839506
7/4/2016,330543.5484347365,64931.01446578531,74470.8695,827627.3446193071
7/11/2016,331662.9442862731,65741.60599538399,74804.54053238934,829490.3567831522
7/18/2016,332703.88559403643,66804.74314627031,74850.95532091013,831513.4261824279
7/25/2016,333291.3536972451,68275.30362684278,74916.10160193493,833850.1060194939
8/1/2016,333772.2835616487,69924.32262087803,75012.5282,836462.5245749565
8/8/2016,334244.00692034507,71342.27391644561,75098.43411810814,839119.1907799977
8/15/2016,334801.44058164506,72328.2812,75119.02017025366,841591.2732763685
8/22/2016,335460.30945459846,72348.50200889255,75069.60408063502,843854.7640170435
8/29/2016,336152.68099637376,72365.74267371617,75009.69959864426,846089.9638652978
9/5/2016,336799.3169665957,72486.33654940351,75011.71840058408,848484.7017642545
9/12/2016,337384.49320837937,72612.87917015296,75099.37458773878,851054.6949988147
9/19/2016,337958.39586629986,72651.24752173603,75237.76867855761,853662.8700778934
9/26/2016,338572.41376961494,72654.92733,75376.26140560508,856192.4743827411
10/3/2016,339224.11907072464,72736.67202243274,75468.62319,858668.3729073356
10/10/2016,339871.08682561957,72905.86708622548,75541.64182134556,861200.8287783668
10/17/2016,340488.7344996213,73070.15395575673,75601.66523268259,863837.5863
10/24/2016,341097.0913317093,72832.18398986092,75643.81258,866502.8932250342
10/31/2016,341723.80126797716,72626.21940658256,75663.79166644167,869081.4558
11/7/2016,342353.0363099104,72527.85772271722,75668.65021211233,871530.4191835647
11/14/2016,342930.9677,72470.02558795382,75665.36264,873882.4036614649
11/21/2016,343430.3956826818,72311.87526597409,75644.42146986346,876148.0036428616
11/28/2016,343900.96,72054.31344500108,75589.93324,878251.4279778553
12/5/2016,344440.3578029763,71903.51137417635,,880089.5124949873
12/12/2016,345109.47872238886,72044.29821,,881652.9899453861
12/19/2016,345879.8068173774,72372.22533875388,,883073.0882466668
12/26/2016,346668.41857812635,72541.13090616844,,884539.0505088497
1/2/2017,346655.8298879431,72331.62932278885,75797.38684,885910.4267503994
1/9/2017,346627.19667458464,71929.35392941214,75905.62891,887436.1602431627
1/16/2017,346639.52808137983,71772.84774485031,75915.72237959469,889029.1210870894
1/23/2017,346719.0999982663,72111.91911,75879.72122697064,890613.6928845483
1/30/2017,346835.0976186949,72763.84603349294,75861.78777757226,892175.3326
2/6/2017,346935.0166211435,73329.93212796583,75891.11134,893752.0627036256
2/13/2017,346993.50077607034,73606.55667913861,75946.19946246048,895398.3863593728
2/20/2017,347021.0070208914,73723.90726996063,75989.84269417966,897150.7846217625
2/27/2017,347032.7596957369,73898.88047369153,76008.71385370489,899005.6055504348
3/6/2017,347022.6065085263,74147.80137,76017.44329948779,900918.7395293802
3/13/2017,346972.4503675755,74311.55259378761,76034.01513863781,902835.8778728718
3/20/2017,346880.7840484102,74321.40891931794,76061.47620172802,904736.7414080322
3/27/2017,346772.75937084376,74330.95036098866,76092.97566006813,906649.8229142159
4/3/2017,346679.8190944463,74533.24075312783,76125.02547734957,908614.2367
4/10/2017,346613.15271662985,74905.10008284834,76159.73034688596,910625.9973
4/17/2017,346559.4331685335,75219.50056608111,76198.34449188372,912634.0015195111
4/24/2017,346499.92675714137,75318.49200911638,76240.36939832894,914597.4706728609
5/1/2017,346430.4751137175,75298.76167351866,76288.41839229132,916536.7779488831
5/8/2017,346363.7863301818,75372.46322382931,76344.89869721414,918507.3714933522
5/15/2017,346315.8779344099,75584.74066634492,76398.22873825427,920518.6720163843
5/22/2017,346291.1493809146,75754.32747468674,76419.12435645715,922497.4422690015
5/29/2017,346277.83092844824,75713.94612,76383.83558594291,924351.9447101806
6/5/2017,345782.8054906719,75536.14076035358,76306.57032477573,926041.9698667558
6/12/2017,345270.9400294221,75445.41855757183,76240.99720354567,927673.5829871328
6/19/2017,344756.2170550505,75525.18402,76237.76368883878,929322.5085258242
6/26/2017,344268.53143208835,75603.97572974706,76297.34517381435,930976.8250816751
7/3/2017,343822.56885483314,75486.11634,76370.80208914696,932577.4265591428
7/10/2017,343386.1462579821,75246.02060826552,76411.79839752807,934146.5565068212
7/17/2017,342885.30997640954,75201.30027693517,76423.53355399189,935840.5738654545
7/24/2017,342257.3801040631,75563.66833275596,76447.00433727431,937831.1598175792
7/31/2017,341511.83405756246,76169.42775,76503.68143219773,940121.5356809471
8/7/2017,340737.1931302139,76612.12037950347,76560.16487385434,942504.5339735094
8/14/2017,340035.543,76631.51978733508,76558.95459734474,944732.7613483955
8/21/2017,339439.7724718793,76324.33381219434,76483.28158483493,946738.3221155065
8/28/2017,338893.13747478067,75970.87813742664,76383.49034848288,948675.9059708082
9/4/2017,338311.7391,75720.24319656544,76328.62287009427,950749.0040801768
9/11/2017,337665.74350603134,75499.75088099582,76360.06463420406,953009.2714640353
9/18/2017,336997.1663823267,75198.21689,76451.22486,955336.2853907858
9/25/2017,336362.6501855952,74842.94569,76550.34215241346,957596.5191333938
10/2/2017,335770.5445496845,74549.69832295488,76627.39548989701,959788.5041
10/9/2017,335181.65556134476,74352.69914443395,76683.38572357628,962017.8990698435
10/16/2017,334564.4503808205,74168.35523881279,76726.08150541731,964352.4939954092
10/23/2017,333932.1032274496,73935.14990500531,76752.26045263949,966735.8437690904
10/30/2017,333315.3254720409,73713.52489399431,76756.25340540777,969050.0375411707
11/6/2017,332707.8699876056,73594.39635,76743.27831204451,971234.9754125419
11/13/2017,333624.6065,73538.44827,76721.85795216422,972748.4924949443
11/20/2017,334462.6562983856,73402.98043420255,76684.75566,974179.6955600377
11/27/2017,335257.48513815197,73150.65072916097,76615.96411039532,975467.5296235534
12/4/2017,336103.83034588565,72960.42462842996,76519.54064462168,976504.8112112769
12/11/2017,337075.1377294907,73044.87066,76441.34255655388,977258.3900476929
12/18/2017,338158.85184241564,73359.75611484906,76442.01011230494,977837.1542001674
12/25/2017,339275.89302670595,73581.06497474473,76539.34410851778,978429.8870003624
1/1/2018,340361.9065,73427.29301864364,76680.78857,979174.6767206396
1/8/2018,341423.73694990395,73018.53579705008,76782.23503016811,980083.7131236141
1/15/2018,342516.82939467183,72778.03008,76799.0975,981077.0709
1/22/2018,343676.8202608634,73019.14980404695,76759.17460971283,982071.6425575146
1/29/2018,344881.9187458126,73633.17968163152,76727.02311689386,983041.1906176924
2/5/2018,346079.40455820854,74228.81327940439,76740.90433382062,984016.7053022648
2/12/2018,347236.9059914028,74544.93166,76786.93896689068,985052.5378681782
2/19/2018,348360.0883,74661.77631924725,76827.21663824623,986190.4486981996
2/26/2018,349466.02639760927,74806.89418128056,76842.62122793637,987434.7780277359
3/5/2018,350552.76855473197,75041.53995961591,76844.19697290068,988747.2974533378
3/12/2018,351602.29611492134,75220.95261460876,76851.28165713555,990072.1832105546
3/19/2018,352608.46996721247,75241.94057613057,76869.83651939112,991380.5575
3/26/2018,353592.4612093783,75223.75953969285,76893.70831826821,992693.5993333278
4/2/2018,354586.82409240527,75374.45592535168,76918.22105256155,994052.9266981585
4/9/2018,355607.5295677909,75718.92442824284,76944.89454128846,995464.6392837509
4/16/2018,356644.6743451318,76050.47497474354,76975.49081346598,996883.0717173342
4/23/2018,357678.70796842134,76177.54695,77009.47615803147,998260.4530507417
4/30/2018,358702.09475032846,76152.13928103176,77048.74349245589,999605.5493658638
5/7/2018,359725.23286908644,76187.49108779865,77096.61499125583,1000973.0264286593
5/14/2018,360764.80532191525,76373.03919658666,77144.92409827684,1002385.8489495283
5/21/2018,361828.00768831006,76556.41686592955,77166.62245565913,1003783.5672009189
5/28/2018,362905.6745710005,76545.35917761213,77134.34461274213,1005069.8758929751
6/4/2018,363978.85522569733,76365.67119905751,77054.05443587761,1006213.4378186482
6/11/2018,365035.3274,76234.99635048222,76974.46377176065,1007281.2746548232
6/18/2018,366084.71260160854,76280.17634508289,76950.90124440049,1008358.1578108354
6/25/2018,367155.7994178193,76366.84077534721,76994.56965306256,1009449.0683918457
7/2/2018,368268.7957499059,76277.87030014618,77062.51257397026,1010494.5939195425
7/9/2018,369400.9880010381,76029.08774497965,77103.39309528662,1011494.156161812
7/16/2018,370483.1367,75914.89522305311,77110.44013805407,1012584.1354589193
7/23/2018,371445.4557278647,76194.25118830588,77121.53807597782,1013947.848908725
7/30/2018,372281.8176916763,76773.40896580442,77165.81646,1015628.0514788318
8/6/2018,373069.6842562465,77262.72170218347,77219.35506836345,1017447.8137083169
8/13/2018,373915.4313125014,77349.95260775732,77224.24177,1019148.8733782237
8/20/2018,374868.3956846173,77070.64585968672,77152.55312861779,1020620.9433352709
8/27/2018,375885.2066112075,76696.88023081615,77043.98189330363,1021986.9822846932
9/3/2018,376880.1428738969,76417.48635239167,76974.51923463985,1023459.1181953832
9/10/2018,377809.86244601046,76191.24655034457,76989.89622876553,1025124.3092703663
9/17/2018,378706.17344445596,75896.24165494341,77073.14334740292,1026884.4460543956
9/24/2018,379628.75407346216,75531.64243,77173.01867293076,1028594.3292586989
10/1/2018,380596.78550596477,75209.98739949765,77253.56008369582,1030225.1989636637
10/8/2018,381576.29015032557,74989.05449345932,77311.50806948639,1031872.9340418708
10/15/2018,382530.10862401087,74799.16980724303,77355.42598230008,1033622.3444734915
10/22/2018,383463.57955278544,74562.90103156745,77384.09432643375,1035438.5871167866
10/29/2018,384408.51342196856,74321.23752753114,77390.97611235818,1037205.3972661552
11/5/2018,385367.9432662797,74172.27206624378,77379.18508,1038846.3586622832
11/12/2018,386296.2226891798,74105.24477091899,77358.10853840491,1040375.3030951408
11/19/2018,387148.17092019983,73983.14061,77324.79553282936,1041822.9872337098
11/26/2018,387944.6361969175,73734.54182863288,77262.34924,1043144.3822295504
12/3/2018,388774.5749015695,73504.82418134643,77168.55851,1044232.5320211621
12/10/2018,389721.7178993366,73523.86507,77080.91914,1045032.8061153434
12/17/2018,390790.16037235694,73806.61985903453,77062.81622,1045629.5783773853
12/24/2018,391907.5204803187,74062.27920395347,77143.40616087071,1046206.6341397341
12/31/2018,393000.7974506916,73978.66021628692,77281.72895839292,1046919.6071011099
1/7/2019,394063.43810386176,73588.89899383126,77394.10599053533,1047803.6267147862
1/14/2019,395146.90845876007,73286.03301535809,77424.56872434742,1048789.0584835657
1/21/2019,396294.9085343298,73435.99836425223,77388.80701,1049787.2967864375
1/28/2019,397495.6408872688,74009.08930115122,77349.57041464899,1050760.3329628033
2/4/2019,398697.98248159373,74636.01556650916,77353.50487364987,1051730.9527552326
2/11/2019,399863.13849216927,75005.50927,77395.18008038582,1052752.1839165464
2/18/2019,400991.0057343652,75140.77811433442,77437.48526125822,1053870.256278468
2/25/2019,402099.4257,75268.79866944396,77455.87814702975,1055097.300128842
3/4/2019,403190.7710979049,75494.46143205743,77457.01357961966,1056401.7855880857
3/11/2019,404248.10971484485,75696.37222766461,77460.82436124411,1057727.9161140108
3/18/2019,405261.2188319643,75743.41489342994,77476.26423500007,1059039.0546186292
3/25/2019,406246.71939161443,75715.70140255007,77498.37863756935,1060348.0477670638
4/1/2019,407237.2915280719,75826.45262198529,77521.44978834933,1061697.0291452878
4/8/2019,408253.3731204944,76146.86849359213,77546.18136,1063101.5781925344
4/15/2019,409289.0650249806,76499.44582758645,77574.74932623107,1064523.2227026522
4/22/2019,410324.75344666315,76667.21419,77606.77937678096,1065909.3148602957
4/29/2019,411349.7163655322,76654.52137,77643.43636916559,1067256.6741493952
5/6/2019,412371.6292849492,76665.44470318012,77688.49194937423,1068616.4241426275
5/13/2019,413407.3016,76829.47102091368,77737.74610898514,1070023.192077662
5/20/2019,414466.495,77030.39711,77766.15142046192,1071430.9684109094
5/27/2019,415542.8670964937,77060.26419552155,77743.92067216421,1072742.4691319813
6/3/2019,416618.18795095227,76897.21927320906,77669.14418947266,1073908.9305233688
6/10/2019,417677.67696678685,76741.87742065942,77584.33416013852,1074982.9787707755
6/17/2019,418726.5353,76758.33786144671,77547.69561565552,1076054.9158177734
6/24/2019,419791.5116494269,76855.66413,77580.80634853004,1077147.1221864072
7/1/2019,420897.12976827286,76806.62957894913,77648.29975755465,1078204.276468085
7/8/2019,422029.9681113772,76570.20648153481,77695.71085775958,1079205.856820899
7/15/2019,423127.0550084162,76406.47538,77706.30454594288,1080265.1895618257
7/22/2019,424113.7320696594,76610.35838653556,77712.95845733481,1081570.6218712789
7/29/2019,424968.9989236195,77160.05064908895,77750.88180866047,1083201.5792802412
8/5/2019,425757.3888100069,77695.91458371245,77806.29749267756,1085016.1600002374
8/12/2019,426586.58231084637,77863.17255508763,77823.13928,1086753.2577901313
8/19/2019,427521.11709653377,77632.10586508513,77763.65871669746,1088263.1724701582
8/26/2019,428532.75594012375,77255.17781,77655.79402,1089632.0531821898
9/2/2019,429536.91808315984,76955.91784,77573.84986244322,1091073.1484596953
9/9/2019,430477.8827,76730.11082,77573.09182696132,1092706.6843012637
9/16/2019,431375.5620459223,76452.35266639771,77647.20335,1094461.7954255862
9/23/2019,432290.25550942234,76093.25957051096,77747.20469048199,1096187.3738856441
9/30/2019,433251.55255400756,75755.96753875643,77831.76196494009,1097827.585262808
10/7/2019,434232.4931074296,75519.18742922363,77892.56896,1099463.6715444839
10/14/2019,435191.92543797597,75331.58092447314,77929.18700557007,1101193.6371901112
10/21/2019,436126.7719629345,75104.44874068671,77951.62051290719,1103005.6651562254
10/28/2019,437067.9491976562,74855.94255426798,77953.03619760444,1104789.481
11/4/2019,438027.0295610264,74686.40000807545,77934.32675,1106454.1184412122
11/11/2019,438965.2087105418,74612.85343856545,77905.04640707116,1107999.7630032967
11/18/2019,439831.7095,74510.86861164232,77865.48028930265,1109462.453682698
11/25/2019,440632.8674197074,74280.55287864016,77799.80619,1110813.650984871
12/2/2019,441449.2938357464,74029.13521386957,77700.51795485237,1111950.6630742766
12/9/2019,442372.3927379403,73993.08659984644,77598.85545881133,1112800.4416781086
12/16/2019,443423.0262900352,74243.11444917788,77556.29886791295,1113421.4619824716
12/23/2019,444538.17750358215,74531.57145328884,77612.03127744999,1113988.0697428326
12/30/2019,445638.5388707936,74519.10180680669,77737.62583623035,1114670.288030352
1/6/2020,446703.83175134263,74162.04221057198,77852.29008896192,1115526.8140631902
1/13/2020,447779.21487575443,73809.60588227531,77890.20122144886,1116501.299946072
1/20/2020,448914.7936676369,73867.29096391509,77854.06326624312,1117501.976511421
1/27/2020,450109.3712015289,74386.44936678841,77802.60489091347,1118479.3198396193
2/3/2020,451315.25518902653,75033.91338,77789.52649262901,1119446.8353250772
2/10/2020,452488.1310502835,75457.95331,77818.69819845587,1120455.0111208716
2/17/2020,453621.3558652045,75619.90257021102,77855.37041387596,1121553.6617628084
2/24/2020,454732.3428002473,75734.48043685062,77870.19712416078,1122762.3646799831
3/2/2020,455827.6691329983,75946.59534175169,77864.77552642806,1124056.9105392427
3/9/2020,456892.43065538094,76166.12533655645,77858.77617,1125383.0229296838
3/16/2020,457913.0388513601,76242.02477236581,77864.07315921776,1126697.3922097443
3/23/2020,458901.1770369049,76212.44588710973,77877.40088591604,1128003.8508035936
3/30/2020,459888.65124900336,76285.86220762215,77892.24578032465,1129343.0712865258
4/6/2020,460899.8810110256,76575.91414630352,77908.29234559831,1130739.1097428612
4/13/2020,461933.42700036237,76941.78573248135,,1132162.0882880825
4/20/2020,462970.4020670854,77150.45886473049,77951.25617276905,1133556.7690821586
4/27/2020,463997.21484963375,,77978.63192940183,1134908.238194027
5/4/2020,465018.4855696322,77149.01104980949,78013.92113042426,1136261.5680291376
5/11/2020,466050.59428402275,77287.32876960114,78054.77677320343,1137660.730011565
5/18/2020,467105.56491537916,77498.30036765593,78080.30111663628,1139075.155698636
5/25/2020,468180.0181098844,,78059.46477870493,1140410.1267739292
6/1/2020,469256.95913622587,77429.08678968078,77983.10330879356,1141601.360545061
6/8/2020,470319.6219521004,77255.00306755766,77886.55128042173,1142684.8304714425
6/15/2020,471368.8720608206,77239.48408721184,77829.05198309396,1143752.5731021122
6/22/2020,472428.6261780177,77339.22191493846,77841.82728536824,1144843.965
6/29/2020,473526.47919250646,77328.44531143029,,1145911.7767136279
7/6/2020,474657.8503766974,77113.48664483023,,1146919.1519875214
7/13/2020,475767.3019706795,76910.70391831348,77950.05620747048,1147954.399180525
7/20/2020,476777.56797530374,77038.48817339302,77945.01047952884,1149204.4331341279
7/27/2020,477653.9181574091,77546.20250802819,77967.58402549053,1150781.323108317
8/3/2020,478446.5199,78116.33926,78014.36825814295,1152581.7055296872
8/10/2020,479261.3662209086,78362.83162037522,78033.28059,1154349.6947312052
8/17/2020,480176.46216341987,78189.02016,77978.42089585945,1155900.5319004417
8/24/2020,481179.97658082406,,,1157279.7178418338
8/31/2020,482191.44943860895,,77764.21788591321,1158693.8937543049
9/7/2020,483144.40418604336,77266.97287348977,77738.52482007565,1160293.1680311398
9/14/2020,484045.5916350189,,77793.24907677373,1162037.9005560805
9/21/2020,484953.41734632495,76655.64574515547,77883.45024001125,1163777.275893918
9/28/2020,485906.98640684417,,,1165429.7958472178
10/5/2020,486887.8879652707,,,1167057.7444636496
10/12/2020,487852.8495297373,,,1168767.844453256
10/19/2020,488790.2252711671,75645.03100089794,,1170571.7731094717
10/26/2020,489728.1150681175,75393.41867,,1172369.4754859423
11/2/2020,490685.4937,75204.04731842528,78072.79805675862,1174057.9725839363
11/9/2020,491631.74079027557,,,1175621.7827644483
11/16/2020,492512.9395861223,75033.85623635768,78007.98174372519,1177098.6037224405
11/23/2020,493321.5500837592,74825.45811211149,77948.25696175153,1178476.0128015755
11/30/2020,494127.6239359032,,77854.00056386164,1179659.2476019259
12/7/2020,495027.3836,74472.40786631228,,1180560.4419722464
12/14/2020,496057.9942362706,74681.13996821905,77691.15053328326,1181211.628304018
12/21/2020,497168.1821729004,74990.38603628999,77729.24680124456,1181773.5210420245
12/28/2020,498274.9662553776,75047.36106059086,,1182426.8556911137
1/4/2021,499344.5369881515,74735.15610342094,77970.36981997256,1183253.8508421415
1/11/2021,500413.5986065485,74347.32731721034,,1184214.244067327
1/18/2021,501536.69805680966,,,1185215.7328159586
1/25/2021,502723.44596395135,,,1186197.8957171368
2/1/2021,503931.3580275439,,,1187164.0197140204
2/8/2021,505111.7889067273,,,1188160.8059579765
2/15/2021,506251.0356348827,76097.76706,77984.03108449462,1189240.6989622167
2/22/2021,507364.8300309429,76204.02393326523,78003.55737914886,1190430.2555522984
3/1/2021,508463.58929169684,76399.15372959223,78000.45604420043,1191713.0132003939
3/8/2021,509535.2661055288,,77993.21378,1193037.6152296583
3/15/2021,510563.7624485065,,,1194355.3640297595
3/22/2021,511555.6366172522,76712.76419250357,78008.86856369681,1195660.747196515
3/29/2021,512540.84625603765,76752.97376786011,78023.66174,1196991.091844611
4/5/2021,513547.15097917186,,78039.28946346388,1198377.5822256412
4/12/2021,514577.88026589825,,,1199799.9289266036
4/19/2021,515615.6719220218,,78080.94922219777,1201202.6563059825
4/26/2021,516644.5028543326,77660.73082084447,78107.36356978705,1202559.8580229525
5/3/2021,517665.70090798236,,78141.02426956032,1203908.4002676883
5/10/2021,518694.66045181203,77747.94189456306,78181.82092846204,1205298.9561425562
5/17/2021,519745.2955730158,,,1206716.7214874027
5/24/2021,520817.24957080925,,78201.62255523224,1208072.8945744815
5/31/2021,521895.2255809244,,,1209290.1815261182
6/7/2021,522961.0702094818,77773.92733069988,78036.66187701318,1210386.3471535326
6/14/2021,524011.52686176484,77724.88817993645,77968.41467596657,1211451.2637288338
6/21/2021,525067.0441970613,,77968.95161278227,1212540.038967066
6/28/2021,526157.0472761521,77842.78808794107,78021.72830756482,1213616.969253109
7/5/2021,527285.1049965953,,78072.10280982094,1214633.0193219369
7/12/2021,528404.2688917685,77426.28046687177,,1215650.6619197354
7/19/2021,529436.8865192375,77479.84371609997,78078.79451244466,1216849.3051031781
7/26/2021,530336.0004570229,77934.54488413528,78094.95442986874,1218368.6532940962
8/2/2021,531136.4408,,78140.30547479392,1220146.0090742612
8/9/2021,531939.6118104485,78848.13654370105,78168.68205713434,1221938.5205076123
8/16/2021,532834.8284719434,,78127.98295435015,1223531.9422138135
8/23/2021,533827.4052398513,78380.48557123059,,1224928.6797875129
8/30/2021,534843.8928199888,78041.47045756257,77912.03735333584,1226321.1179259892
9/6/2021,535809.1218,,,1227884.617333479
9/13/2021,536715.8967581624,77555.22556767198,,1229613.6105733614
9/20/2021,537618.2158229228,77218.00602095861,,1231363.9653578321
9/27/2021,538563.3656342587,,78084.93091875718,1233031.0931627895
10/4/2021,539542.6722643038,76585.11715,78144.43969346315,1234654.7346138086
10/11/2021,540512.7671457004,76391.95400251332,,1236345.3839495608
10/18/2021,541453.7217621816,,78213.84412129792,1238137.6809449678
10/25/2021,542389.0583856592,75933.04345661089,,1239945.708583138
11/1/2021,543343.6816623269,75725.51979912918,78210.89739,1241657.6846906086
11/8/2021,544296.0636735772,75626.18424978522,,1243241.1881400952
11/15/2021,545191.6208655495,75552.34993270264,78149.75590552056,1244731.847168841
11/22/2021,546010.0702076993,75368.02926912878,,1246132.1751262888
11/29/2021,546809.1164766799,75098.38657330027,78007.01561947621,1247358.4865528317
12/6/2021,547686.8100842418,74962.17512175969,77899.90427992382,1248312.090886694
12/13/2021,548695.5909,75122.87327112022,77829.23316644352,1248998.8929089014
12/20/2021,549797.9267450119,75440.46073900048,,1249562.1811376552
12/27/2021,550909.9950746151,,,1250189.3134536876
1/3/2022,551985.1767,,78086.05516974893,1250985.2783509898
1/10/2022,553049.8447759232,74897.27156390538,78155.11452251064,1251928.3942888188
1/17/2022,554160.7878695762,,78140.52573067578,1252928.6892255642
1/24/2022,555338.2085,,,1253915.843788438
1/31/2022,556546.4746616179,75806.96376050853,,1254882.1702105324
2/7/2022,557734.0458776853,,78073.43008473869,1255869.3218783452
2/14/2022,558879.9255723731,,78112.00435623921,1256931.3524494579
2/21/2022,559996.9108652773,,,1258101.220332559
2/28/2022,561098.6594832215,,78136.02161064539,1259370.4458861249
3/7/2022,562176.6551,,78128.03333,1260691.8616986007
3/14/2022,563213.2470415344,,78129.02532840036,1262012.8104875132
3/21/2022,564209.8910682526,77215.25781491489,78140.38994396721,1263318.4559435784
3/28/2022,565193.7877412959,77227.69977594634,78155.09225876091,1264641.0610297765
4/4/2022,566195.2603065397,77443.56274906559,78170.40225,1266017.309948498
4/11/2022,567222.5523860885,,78188.64330220304,1267437.0552998334
4/18/2022,568260.6034658074,,78210.74644177045,1268846.8951888708
4/25/2022,569291.5066838495,78161.69952028825,,1270211.1522161574
5/2/2022,570313.1689482346,,78268.40601276742,1271556.7700355896
5/9/2022,571339.4591502359,78212.41808,78308.58637133887,1272938.2807239615
5/16/2022,572385.7491879228,,,1274356.2938073364
5/23/2022,573454.6828,78561.74569,78341.83725,1275730.9440149413
5/30/2022,574533.0639769874,78487.78424643645,78283.63136,1276974.9181257673
6/6/2022,575601.9577311416,,78187.74877426415,1278086.977478072
6/13/2022,576654.3112510653,78215.54850521337,78110.13889144888,1279151.0059873771
6/20/2022,577706.6313786914,78296.05048347203,78097.85653212381,1280235.7914593257
6/27/2022,578788.9762815735,78349.49366944202,,1281319.8846172886
7/4/2022,579912.1725275668,78198.21548546341,,1282346.567649653
7/11/2022,581038.3940621478,,78219.42290875789,1283352.7937236964
7/18/2022,582091.7111135928,77935.14673375811,,1284505.0001124474
7/25/2022,583014.7388074576,78327.6517,78223.41907037726,1285964.7520865428
8/1/2022,583826.4820036616,78925.47632222896,78265.72261218086,1287710.714471893
8/8/2022,584621.0399522122,,78301.71678799833,1289520.351741164
8/15/2022,585496.5314798043,,78275.24922071387,1291156.5177043367
8/22/2022,586475.5976,,78176.71821704821,1292577.5673377358
8/29/2022,587494.4950158555,,78062.16980677655,1293954.349
9/5/2022,588471.7927624764,,78005.45599104231,1295481.7558821805
9/12/2022,589386.0853573597,78101.67169966527,78034.89951407432,1297189.8676752057
9/19/2022,590284.5539656276,77779.53757252767,78118.75134604653,1298947.5543580547
9/26/2022,591220.9387055887,,78205.73544035704,1300630.7923474861
10/3/2022,592197.0859749524,77122.08822,78269.54722579567,1302254.1010753612
10/10/2022,593171.617,76920.85293109482,78313.31652,1303926.533860507
10/17/2022,594117.0328244115,,,1305704.160171464
10/24/2022,595050.7621337643,,78357.40323403498,1307518.6241469693
10/31/2022,596001.9064944222,,78348.55493914374,1309253.0867799295
11/7/2022,596958.4769143121,,78323.83773,1310857.738913065
11/14/2022,597867.6088,76066.83003168438,,1312362.4847919138
11/21/2022,598697.8474491674,75907.25870973719,78241.57055514789,1313782.8475020162
11/28/2022,599493.2513787328,,78159.31434987442,1315048.7241075828
12/5/2022,600350.6845771507,75462.33335291679,,1316054.8267146202
12/12/2022,601336.3061552151,,77970.36989009594,1316782.093061412
12/19/2022,602427.8657631329,75883.81527857066,77972.16289461356,1317353.1236078944
12/26/2022,603543.6274368889,76064.50437,78068.23102,1317957.521913101
1/2/2023,604625.3933891434,,78199.67929455392,1318721.583558282
1/9/2023,605687.6811886184,75457.14262696337,78283.33383506516,1319644.2974329502
1/16/2023,606787.1656341784,,,1320641.0436421384
1/23/2023,607953.9975103969,,78230.19272,1321632.9935826834
1/30/2023,609160.8341067407,,,1322600.9553858382
2/6/2023,610354.8715241266,,,1323580.2839204166
2/13/2023,611507.8967971138,,,1324625.5588669963
2/20/2023,612628.5785,77153.25347303713,,1325775.4651664707
2/27/2023,613733.0019355455,,78271.33960567934,1327029.5623164016
3/6/2023,614816.6652,77547.19848843961,,1328345.9828373252
3/13/2023,615861.3792361288,,,1329669.6257880966
3/20/2023,616863.7302275607,,78272.00088989582,1330976.6895481239
3/27/2023,617847.3566825896,,78286.52608349384,1332292.8840431129
4/3/2023,618844.2616797284,,,1333658.5609374424
4/10/2023,619867.5737257068,,,1335073.8142961494
4/17/2023,620905.2586805273,78555.86465156543,78340.64174431216,1336489.4854701196
4/24/2023,621938.1691749446,,,1337861.7602987306
5/1/2023,622960.7811384951,,78396.09047374479,1339206.4455495554
5/8/2023,623984.9326666893,,78435.22691986502,1340579.0189041253
5/15/2023,625026.9704756468,78877.52715421985,78472.72873,1341994.5122642461
5/22/2023,626092.4351406775,,,1343384.5653313827
5/29/2023,627170.5675434442,,,1344655.1863169693
6/5/2023,628242.249,,78339.44113955506,1345786.1246511263
6/12/2023,629297.0501285486,,78254.10400285985,1346851.6977364367
6/19/2023,630347.2257,,78228.79053,1347931.6457656932
6/26/2023,631422.3485775661,,78268.27707378441,1349020.6906883765
7/3/2023,632539.4537107504,78735.88513753423,78325.80882343785,1350059.0585427638
7/10/2023,633670.1484142938,,,1351059.5725911679
7/17/2023,634742.1612287957,,,1352171.0376047709
7/24/2023,635689.7067184626,,,1353570.5803920696
7/31/2023,636515.9607908581,79318.29875657013,78390.99507525294,1355277.4984564804
8/7/2023,637305.2708,79774.39830198722,,1357096.068764864
8/14/2023,638161.7921279294,79814.18757075665,,1358773.602201031
8/21/2023,639125.1092893084,79510.54739118888,78331.82799055957,1360224.9822008612
8/28/2023,640143.5875078109,79141.86136550641,78214.28427402038,1361592.8870697438
9/4/2023,641132.2490095583,78873.59358716114,,1363085.1392749792
9/11/2023,642055.7544648377,78644.90093805794,78158.24066942182,1364767.6701912524
9/18/2023,642952.2632152474,,78236.30715266636,1366528.3386347187
9/25/2023,643879.9112617882,,78325.71303953788,1368228.2948637146
10/2/2023,644851.4010329513,77662.32797712045,,1369855.2039484363
10/9/2023,645829.3952038285,,,1371511.420862495
10/16/2023,646779.9326007306,77257.01277328307,78473.65369767362,1373271.9544569508
10/23/2023,647713.1493393432,,78490.71358007105,1375088.7714040084
10/30/2023,648660.4361695771,76780.14250706199,78485.69924,1376844.0988352248
11/6/2023,649619.3195254878,76643.45908271338,78463.01124194637,1378471.1509677211
11/13/2023,650540.8548,,78431.60200216137,1379990.7037623064
11/20/2023,651384.3524796029,76442.39611,78386.51917,1381428.7141894202
11/27/2023,652179.4537944712,,78310.69838601233,1382730.4285963592
12/4/2023,653018.9100284312,,78205.58393953346,1383788.2528658197
12/11/2023,653980.5746935462,76025.05200212874,78114.31729243204,1384560.1169108502
12/18/2023,655058.5015064419,76322.66726764961,78098.33994168333,1385145.3212905615
12/25/2023,656175.9555590362,76553.24827,,1385731.1927697028
