date,dengue_no_split,zika,varicela,chicunguya
1/1/2007,945,,750,
1/8/2007,1624.05059,,1483.807746,
1/15/2007,1997.940927,,1982.631049,
1/22/2007,2372.782641,,2485.056389,
1/29/2007,2748.577049,,2991.106424,
2/5/2007,3125.325458,,3500.803914,
2/12/2007,3503.029168,,4014.171703,
2/19/2007,3881.689477,,4531.232725,
2/26/2007,4261.307682,,5052.010002,
3/5/2007,4641.885066,,5576.526647,
3/12/2007,5023.422913,,6104.805861,
3/19/2007,5405.922498,,6636.870934,
3/26/2007,5789.385093,,7172.745243,
4/2/2007,6173.811961,,7712.452252,
4/9/2007,6559.204363,,8256.015512,
4/16/2007,6945.563553,,8803.458655,
4/23/2007,7332.890778,,9354.805401,
4/30/2007,7721.187281,,9910.07956,
5/7/2007,8110.454299,,10469.30501,
5/14/2007,8500.69306,,11032.50573,
5/21/2007,8891.904788,,11599.70578,
5/28/2007,9284.090704,,12170.92928,
6/4/2007,9677.252023,,12746.20044,
6/11/2007,10071.38995,,13325.54357,
6/18/2007,10466.5057,,13908.98304,
6/25/2007,10862.60045,,14496.54329,
7/2/2007,11259.67541,,15088.24887,
7/9/2007,11657.73173,,15684.12436,
7/16/2007,12056.7706,,16284.19445,
7/23/2007,12456.7932,,16888.48389,
7/30/2007,12857.80069,,17497.01751,
8/6/2007,13259.79424,,18109.8202,
8/13/2007,13662.77498,,18726.91693,
8/20/2007,14066.74406,,19348.33277,
8/27/2007,14471.70262,,19974.09283,
9/3/2007,14877.65178,,20604.22226,
9/10/2007,15284.59268,,21238.74633,
9/17/2007,15692.52643,,21877.69034,
9/24/2007,16101.45416,,22521.07969,
10/1/2007,16511.37695,,23168.9398,
10/8/2007,16922.29589,,23821.29619,
10/15/2007,17334.21209,,24478.17441,
10/22/2007,17747.12662,,25139.60008,
10/29/2007,18161.04057,,25805.59889,
11/5/2007,18575.955,,26476.19658,
11/12/2007,18991.87098,,27151.41895,
11/19/2007,19408.78955,,27831.29184,
11/26/2007,19826.71175,,28515.84116,
12/3/2007,20245.63864,,29205.09287,
12/10/2007,20665.57125,,29899.07296,
12/17/2007,21086.5106,,30597.8075,
12/24/2007,21508.45771,,31301.32259,
12/31/2007,21931.41358,,32009.64439,
1/7/2008,22355.37921,,32722.79909,
1/14/2008,22780.3556,,33440.8129,
1/21/2008,23206.34375,,34163.71213,
1/28/2008,23633.34462,,34891.52309,
2/4/2008,24061.35919,,35624.27213,
2/11/2008,24490.38843,,36361.98565,
2/18/2008,24920.43326,,37104.69005,
2/25/2008,25351.49465,,37852.41181,
3/3/2008,25783.57354,,38605.17741,
3/10/2008,26216.67086,,39363.01339,
3/17/2008,26650.78754,,40125.94628,
3/24/2008,27085.92449,,40894.00262,
3/31/2008,27522.08261,,41667.20904,
4/7/2008,27959.26282,,42445.59214,
4/14/2008,28397.46599,,43229.17856,
4/21/2008,28836.693,,44017.99495,
4/28/2008,29276.94472,,44812.06797,
5/5/2008,29718.22203,,45611.42429,
5/12/2008,30160.52576,,46416.09061,
5/19/2008,30603.85678,,47226.09363,
5/26/2008,31048.21591,,48041.46005,
6/2/2008,31493.60399,,48862.2166,
6/9/2008,31940.02184,,49688.38995,
6/16/2008,32387.47026,,50520.00683,
6/23/2008,32835.95006,,51357.09396,
6/30/2008,33285.46204,,52199.67804,
7/7/2008,33736.00697,,53047.78578,
7/14/2008,34187.58564,,53901.44382,
7/21/2008,34640.19879,,54760.67887,
7/28/2008,35093.84719,,55625.51758,
8/4/2008,35548.53159,,56495.9866,
8/11/2008,36004.25271,,57372.11256,
8/18/2008,36461.01128,,58253.92205,
8/25/2008,36918.80802,,59141.44162,
9/1/2008,37377.64367,,60034.69785,
9/8/2008,37837.5189,,60933.71725,
9/15/2008,38298.4344,,61838.52631,
9/22/2008,38760.39086,,62749.15149,
9/29/2008,39223.38893,,63665.61914,
10/6/2008,39687.42929,,64587.95567,
10/13/2008,40152.51257,,65516.18739,
10/20/2008,40618.63943,,66450.3406,
10/27/2008,41085.81048,,67390.44152,
11/3/2008,41554.02636,,68336.51634,
11/10/2008,42023.28767,,69288.59109,
11/17/2008,42493.59501,,70246.69189,
11/24/2008,42964.94898,,71210.84473,
12/1/2008,43437.35014,,72181.07554,
12/8/2008,43910.79907,,73157.41018,
12/15/2008,44385.29633,,,
12/22/2008,44860.84247,,74139.87446,
12/29/2008,45337.43803,,75128.49401,
1/5/2009,45815.08352,,76123.29451,
1/12/2009,46293.77946,,77124.30152,
1/19/2009,46773.52637,,78131.54049,
1/26/2009,47254.32473,,79145.03682,
2/2/2009,47736.17504,,80164.8158,
2/9/2009,48219.07776,,81190.90256,
2/16/2009,48703.03336,,82223.3222,
2/23/2009,49188.04229,,83262.09974,
3/2/2009,49674.10499,,84307.26005,
3/9/2009,50161.22188,,85358.8279,
3/16/2009,50649.39339,,86416.82797,
3/23/2009,51138.61991,,87481.28474,
3/30/2009,51628.90186,,88552.22264,
4/6/2009,52120.2396,,89629.66598,
4/13/2009,52612.63352,,90713.63893,
4/20/2009,53106.08397,,91804.16553,
4/27/2009,53600.59131,,92901.26967,
5/4/2009,54096.15587,,94004.97507,
5/11/2009,54592.77798,,95115.30536,
5/18/2009,55090.45795,,96232.28401,
5/25/2009,55589.19609,,97355.93433,
6/1/2009,56088.9927,,98486.27949,
6/8/2009,56589.84804,,99623.34248,
6/15/2009,57091.76238,,100767.1461,
6/22/2009,57594.73599,,101917.713,
6/29/2009,58098.7691,,103075.0658,
7/6/2009,58603.86195,,104239.2266,
7/13/2009,59110.01476,,105410.2177,
7/20/2009,59617.22773,,106588.0611,
7/27/2009,60125.50105,,107772.7783,
8/3/2009,60634.83492,,108964.3911,
8/10/2009,61145.2295,,110162.9208,
8/17/2009,61656.68494,,111368.3885,
8/24/2009,62169.20141,,112580.8152,
8/31/2009,62682.77902,,113800.2217,
9/7/2009,63197.41791,,115026.6285,
9/14/2009,63713.11817,,116260.0559,
9/21/2009,64229.87991,,117500.5239,
9/28/2009,64747.7032,,118748.0525,
10/5/2009,65266.58811,,120002.6612,
10/12/2009,65786.53471,,121264.3696,
10/19/2009,66307.54304,,122533.1966,
10/26/2009,66829.61312,,123809.1612,
11/2/2009,67352.74497,,125092.282,
11/9/2009,67876.9386,,126382.5774,
11/16/2009,68402.19401,,127680.0656,
11/23/2009,68928.51118,,128984.7643,
11/30/2009,69455.89006,,130296.6913,
12/7/2009,69984.33062,,131615.8637,
12/14/2009,70513.83278,,132942.2986,
12/21/2009,71044.39648,,134276.0129,
1/4/2010,71576.02163,,135617.0228,
1/11/2010,72108.70813,,136965.3446,
1/18/2010,72642.45586,,138320.9941,
1/25/2010,73177.2647,,139683.987,
2/1/2010,73713.1345,,141054.3384,
2/8/2010,74250.0651,,142432.0632,
2/15/2010,74788.05636,,143817.1762,
2/22/2010,75327.10806,,145209.6915,
3/1/2010,75867.22004,,146609.6231,
3/8/2010,76408.39206,,148016.9847,
3/15/2010,76950.62391,,149431.7896,
3/22/2010,77493.91535,,150854.0507,
3/29/2010,78038.26612,,152283.7805,
4/5/2010,78583.67597,,153720.9913,
4/12/2010,79130.1446,,155165.6951,
4/19/2010,79677.67173,,156617.9033,
4/26/2010,80226.25704,,158077.627,
5/3/2010,80775.90022,,159544.8772,
5/10/2010,81326.60093,,161019.664,
5/17/2010,81878.35882,,162501.9976,
5/24/2010,82431.17352,,163991.8876,
5/31/2010,82985.04464,,165489.3432,
6/7/2010,83539.9718,,166994.3732,
6/14/2010,84095.95459,,168506.9862,
6/21/2010,84652.99258,,170027.19,
6/28/2010,85211.08532,,171554.9923,
7/5/2010,85770.23238,,173090.4003,
7/12/2010,86330.43328,,174633.4208,
7/19/2010,86891.68753,,176184.06,
7/26/2010,87453.99464,,177742.324,
8/2/2010,88017.35412,,179308.2181,
8/9/2010,88581.76541,,180881.7474,
8/16/2010,89147.22798,,182462.9165,
8/23/2010,89713.74128,,184051.7295,
8/30/2010,90281.30473,,185648.19,
9/6/2010,90849.91773,,187252.3013,
9/13/2010,91419.5797,,188864.066,
9/20/2010,91990.29001,,190483.4864,
9/27/2010,92562.04803,,192110.5643,
10/4/2010,93134.85311,,193745.301,
10/11/2010,93708.70458,,195387.6975,
10/18/2010,94283.60177,,197037.7539,
10/25/2010,94859.54398,,198695.4704,
11/1/2010,95436.53051,,200360.8463,
11/8/2010,96014.56065,,202033.8803,
11/15/2010,96593.63363,,203714.5707,
11/22/2010,97173.74871,,205402.9153,
11/29/2010,97754.90512,,207098.9113,
12/6/2010,98337.10206,,208802.5555,
12/13/2010,98920.33873,,210513.8442,
12/20/2010,99504.61431,,212232.7731,
12/27/2010,100089.928,,213959.3373,
1/3/2011,100676.2789,,215693.5315,
1/10/2011,101263.6661,,217435.35,
1/17/2011,101852.0889,,219184.7861,
1/24/2011,102441.5462,,220941.833,
1/31/2011,103032.0372,,222706.483,
2/7/2011,103623.5609,,224478.7282,
2/14/2011,104216.1165,,226258.5597,
2/21/2011,104809.7029,,228045.9684,
2/28/2011,105404.3191,,229840.9445,
3/7/2011,105999.9642,,231643.4775,
3/14/2011,106596.6372,,233453.5565,
3/21/2011,107194.337,,235271.1701,
3/28/2011,107793.0626,,237096.3059,
4/4/2011,108392.8129,,238928.9513,
4/11/2011,108993.5868,,240769.0931,
4/18/2011,109595.3834,,242616.7172,
4/25/2011,110198.2014,,244471.8091,
5/2/2011,110802.0397,,246334.3539,
5/9/2011,111406.8972,,248204.3357,
5/16/2011,112012.7728,,250081.7384,
5/23/2011,112619.6652,,251966.5448,
5/30/2011,113227.5733,,253858.7376,
6/6/2011,113836.4959,,255758.2985,
6/13/2011,114446.4318,,257665.2088,
6/20/2011,115057.3796,,259579.4491,
6/27/2011,115669.3383,,261500.9993,
7/4/2011,116282.3063,,263429.8388,
7/11/2011,116896.2826,,265365.9462,
7/18/2011,117511.2658,,267309.2997,
7/25/2011,118127.2546,,269259.8767,
8/1/2011,118744.2475,,271217.6541,
8/8/2011,119362.2434,,273182.608,
8/15/2011,119981.2408,,275154.7139,
8/22/2011,120601.2383,,277133.9467,
8/29/2011,121222.2345,,279120.2807,
9/5/2011,121844.228,,281113.6895,
9/12/2011,122467.2173,,283114.1461,
9/19/2011,123091.2011,,285121.6228,
9/26/2011,123716.1777,,287136.0912,
10/3/2011,124342.1458,,289157.5224,
10/10/2011,124969.1038,,291185.8867,
10/17/2011,125597.0502,,293221.1539,
10/24/2011,126225.9835,,295263.293,
10/31/2011,126855.902,,297312.2725,
11/7/2011,127486.8043,,299368.0601,
11/14/2011,128118.6888,,301430.6228,
11/21/2011,128751.5537,,303499.9272,
11/28/2011,129385.3976,,305575.939,
12/5/2011,130020.2188,,307658.6234,
12/12/2011,130656.0155,,309747.9448,
12/19/2011,131292.7861,,311843.8671,
12/26/2011,131930.529,,313946.3534,
1/2/2012,132569.2424,,316055.3661,
1/9/2012,133208.9246,,318170.8673,
1/16/2012,133849.5738,,320292.8181,
1/23/2012,134491.1882,,322421.179,
1/30/2012,135133.7662,,324555.9099,
2/6/2012,135777.3059,,326696.9701,
2/13/2012,136421.8055,,328844.3181,
2/20/2012,137067.2631,,330997.912,
2/27/2012,137713.677,,333157.709,
3/5/2012,138361.0452,,335323.6657,
3/12/2012,139009.3658,,337495.7381,
3/19/2012,139658.637,,339673.8817,
3/26/2012,140308.8568,,341858.0511,
4/2/2012,140960.0234,,344048.2005,
4/9/2012,141612.1346,,346244.2833,
4/16/2012,142265.1887,,348446.2522,
4/23/2012,142919.1835,,350654.0594,
4/30/2012,143574.1171,,352867.6566,
5/7/2012,144229.9875,,355086.9947,
5/14/2012,144886.7927,,357312.0238,
5/21/2012,145544.5305,,359542.6938,
5/28/2012,146203.1989,,361778.9535,
6/4/2012,146862.7958,,364020.7517,
6/11/2012,147523.3191,,366268.036,
6/18/2012,148184.7667,,368520.7537,
6/25/2012,148847.1364,,370778.8514,
7/2/2012,149510.426,,373042.275,
7/9/2012,150174.6335,,375310.9699,
7/16/2012,150839.7566,,377584.881,
7/23/2012,151505.793,,379863.9528,
7/30/2012,152172.7405,,382148.1286,
8/6/2012,152840.597,,384437.3517,
8/13/2012,153509.3602,,386731.5644,
8/20/2012,154179.0277,,389030.7086,
8/27/2012,154849.5973,,391334.7256,
9/3/2012,155521.0666,,393643.5564,
9/10/2012,156193.4333,,395957.1413,
9/17/2012,156866.6952,,398275.4198,
9/24/2012,157540.8497,,400598.3312,
10/1/2012,158215.8945,,402925.8138,
10/8/2012,158891.8272,,405257.8059,
10/15/2012,159568.6454,,407594.2448,
10/22/2012,160246.3466,,409935.0678,
10/29/2012,160924.9284,,412280.2114,
11/5/2012,161604.3884,,414629.6115,
11/12/2012,162284.724,,416983.2035,
11/19/2012,162965.9328,,419340.9224,
11/26/2012,163648.0121,,421702.7026,
12/3/2012,164330.9596,,424068.4781,
12/10/2012,165014.7725,,426438.1828,
12/17/2012,165699.4484,,428811.7495,
12/24/2012,166384.9847,,431189.1107,
12/31/2012,167071.3787,,433570.1987,
1/7/2013,167758.6278,,435954.9449,
1/14/2013,168446.7293,,438343.2807,
1/21/2013,169135.6807,,440735.137,
1/28/2013,169825.4792,,443130.4442,
2/4/2013,170516.1221,,445529.1321,
2/11/2013,171207.6068,,447931.1303,
2/18/2013,171899.9305,,450336.3678,
2/25/2013,172593.0905,,452744.7734,
3/4/2013,173287.084,,455156.2754,
3/11/2013,173981.9082,,457570.802,
3/18/2013,174677.5603,,459988.2805,
3/25/2013,175374.0375,,462408.6383,
4/1/2013,176071.3371,,464831.8022,
4/8/2013,176769.456,,467257.6987,
4/15/2013,177468.3916,,469686.2541,
4/22/2013,178168.1408,,472117.3941,
4/29/2013,178868.7008,,474551.0444,
5/6/2013,179570.0688,,476987.13,
5/13/2013,180272.2417,,479425.5761,
5/20/2013,180975.2166,,481866.3071,
5/27/2013,181678.9906,,484309.2474,
6/3/2013,182383.5607,,486754.3211,
6/10/2013,183088.9239,,489201.4519,
6/17/2013,183795.0771,,491650.5635,
6/24/2013,184502.0174,,494101.579,
7/1/2013,185209.7417,,496554.4216,
7/8/2013,185918.247,,499009.0141,
7/15/2013,186627.5301,,501465.279,
7/22/2013,187337.5879,,503923.1388,
7/29/2013,188048.4175,,506382.5156,
8/5/2013,188760.0155,,508843.3314,
8/12/2013,189472.3789,,511305.5082,
8/19/2013,190185.5047,,513768.9674,
8/26/2013,190899.3894,,516233.6306,
9/2/2013,191614.0301,,518699.4191,
9/9/2013,192329.4234,,521166.2542,
9/16/2013,193045.5662,,523634.0569,
9/23/2013,193762.4552,,526102.7481,
9/30/2013,194480.0871,,528572.2488,
10/7/2013,195198.4587,,531042.4797,
10/14/2013,195917.5667,,533513.3614,
10/21/2013,196637.4078,,535984.8144,
10/28/2013,197357.9787,,538456.7592,
11/4/2013,198079.276,,540929.1163,
11/11/2013,198801.2964,,543401.806,
11/18/2013,199524.0365,,545874.7487,
11/25/2013,200247.493,,548347.8647,
12/2/2013,200971.6625,,550821.0744,
12/9/2013,201696.5416,,553294.298,
12/16/2013,202422.1267,,555767.4558,
12/23/2013,203148.4146,,558240.4682,
12/30/2013,203875.4016,,560713.2555,
1/6/2014,204603.0844,,563185.7378,
1/13/2014,205331.4595,,565657.836,
1/20/2014,206060.5234,,568129.4702,
1/27/2014,206790.2724,,570600.5609,
2/3/2014,207520.7032,,573071.0288,
2/10/2014,208251.8122,,575540.7946,
2/17/2014,208983.5958,,578009.779,
2/24/2014,209716.0504,,580477.9028,
3/3/2014,210449.1725,,582945.0872,
3/10/2014,211182.9584,,585411.2532,
3/17/2014,211917.4045,,587876.322,
3/24/2014,212652.5072,,590340.2154,
3/31/2014,213388.2629,,592802.8547,
4/7/2014,214124.6678,,595264.1614,
4/14/2014,214861.7182,,597724.0573,
4/21/2014,215599.4106,,600182.465,
4/28/2014,216337.7411,,602639.3067,
5/5/2014,217076.7061,,605094.5045,
5/12/2014,217816.3019,,607547.981,
5/19/2014,218556.5246,,609999.6591,
5/26/2014,219297.3705,,612449.4628,
6/2/2014,220038.8359,,614897.3146,39
6/9/2014,220780.917,,617343.1382,994.2541572
6/16/2014,221523.6098,,619786.8573,1958.49653
6/23/2014,222266.9107,,622228.3969,2927.890369
6/30/2014,223010.8158,,624667.681,3902.003216
7/7/2014,223755.3213,,627104.6341,4880.393831
7/14/2014,224500.4232,,629539.181,5862.612918
7/21/2014,225246.1177,,631971.2476,6848.203947
7/28/2014,225992.4009,,634400.7597,7836.703944
8/4/2014,226739.2689,,636827.6428,8827.644381
8/11/2014,227486.7178,,639251.8231,9820.552084
8/18/2014,228234.7438,,641673.2273,10814.94997
8/25/2014,228983.3428,,644091.783,11810.35812
9/1/2014,229732.5108,,646507.4172,12806.29473
9/8/2014,230482.244,,648920.0574,13802.27702
9/15/2014,231232.5384,,651329.6315,14797.82207
9/22/2014,231983.3899,,653736.0686,15792.44778
9/29/2014,232734.7945,,656139.2975,16785.67381
10/6/2014,233486.7483,,658539.2472,17777.02254
10/13/2014,234239.2472,,660935.8471,18766.01999
10/20/2014,234992.2871,,663329.0276,19752.19672
10/27/2014,235745.864,,665718.7197,20735.08869
11/3/2014,236499.9739,,668104.8538,21714.23811
11/10/2014,237254.6126,,670487.3612,22689.19429
11/17/2014,238009.776,,672866.1735,23659.51443
11/24/2014,238765.4602,,675241.2238,24624.76442
12/1/2014,239521.6609,,677612.4443,25584.51956
12/8/2014,240278.3741,,679979.7683,26538.36526
12/15/2014,241035.5955,,682343.1292,27485.89777
12/22/2014,241793.3211,,684702.4613,28426.72469
12/29/2014,242551.5466,,687057.6993,29360.46564
1/5/2015,243310.268,,689408.7782,30286.75275
1/12/2015,244069.4809,,691755.6338,31205.23119
1/19/2015,244829.1813,,694098.2023,32115.55978
1/26/2015,245589.3648,,696436.4204,33017.41093
2/2/2015,246350.0274,,698770.2248,33910.47117
2/9/2015,247111.1646,,701099.5536,34794.44119
2/16/2015,247872.7724,,703424.345,35669.03763
2/23/2015,248634.8465,,705744.538,36533.9916
3/2/2015,249397.3826,,708060.0718,37389.04908
3/9/2015,250160.3765,,710370.8859,38233.97139
3/16/2015,250923.8238,,712676.9209,39068.53527
3/23/2015,251687.7202,,714978.1178,39892.53283
3/30/2015,252452.0614,,717274.4183,40705.77152
4/6/2015,253216.8432,,719565.7642,41508.07407
4/13/2015,253982.0612,,721852.0982,42299.27841
4/20/2015,254747.711,,724133.3635,43079.23753
4/27/2015,255513.7884,,726409.5039,43847.81932
5/4/2015,256280.2889,,728680.4638,44604.90638
5/11/2015,257047.2081,,730946.1881,45350.39575
5/18/2015,257814.5418,,733206.6224,46084.19872
5/25/2015,258582.2855,,735461.7128,46806.24045
6/1/2015,259350.4348,,737711.4062,47516.45975
6/8/2015,260118.9853,,739955.6497,48214.80863
6/15/2015,260887.9327,,742194.3915,48901.25207
6/22/2015,261657.2725,,744427.58,49575.76753
6/29/2015,262427.0002,,746655.1644,50238.34465
7/6/2015,263197.1114,,748877.0947,50888.9848
7/13/2015,263967.6017,,751093.3212,51527.70066
7/20/2015,264738.4665,,753303.7949,52154.51582
7/27/2015,265509.7015,,755508.4675,52769.4643
8/3/2015,266281.3021,78,757707.2913,53372.59015
8/10/2015,267053.2638,1767.510304,759900.2193,53963.94698
8/17/2015,267825.5822,3421.23685,762087.2052,54543.59752
8/24/2015,268598.2527,5063.805531,764268.2029,55111.61317
8/31/2015,269371.2709,6694.153384,766443.1673,55668.07356
9/7/2015,270144.6321,8311.25079,768612.0541,56213.06608
9/14/2015,270918.332,9914.103849,770774.8192,56746.68544
9/21/2015,271692.3659,11501.75651,772931.4194,57269.03327
9/28/2015,272466.7293,13073.29265,775081.8121,57780.21761
10/5/2015,273241.4177,14627.83771,777225.9553,58280.35256
10/12/2015,274016.4265,16164.56021,779363.8077,58769.55782
10/19/2015,274791.7511,17682.67311,781495.3288,59247.95826
10/26/2015,275567.3869,19181.43498,783620.4783,59715.68357
11/2/2015,276343.3294,20660.1508,785739.2172,60172.86783
11/9/2015,277119.574,22118.17263,787851.5064,60619.64914
11/16/2015,277896.116,23554.90002,789957.308,61056.16923
11/23/2015,278672.9509,24969.78027,792056.5845,61482.57314
11/30/2015,279450.074,26362.30852,794149.2993,61899.00884
12/7/2015,280227.4807,27732.02755,796235.4162,62305.62691
12/14/2015,281005.1664,29078.52744,798314.8998,62702.58021
12/21/2015,281783.1265,30401.44506,800387.7153,63090.02357
1/4/2016,282561.3563,31700.46341,802453.8282,63468.11351
1/11/2016,283339.8513,32975.31074,804513.2054,63837.00788
1/18/2016,284118.6067,34225.75963,806565.8139,64196.86566
1/25/2016,284897.6178,35451.62587,808611.6215,64547.84675
2/1/2016,285676.8801,36652.76728,810650.5967,64890.11165
2/8/2016,286456.3888,37829.08242,812682.7087,65223.82115
2/15/2016,287236.1393,38980.50912,814707.9268,65549.13627
2/22/2016,288016.1268,40107.02303,816726.2218,65866.21794
2/29/2016,288796.3468,41208.63609,818737.5646,66175.22682
3/7/2016,289576.7944,42285.39493,820741.9269,66476.32313
3/14/2016,290357.465,43337.37922,822739.2812,66769.66651
3/21/2016,291138.354,44364.69999,824729.6003,67055.41578
3/28/2016,291919.4565,45367.49795,826712.8577,67333.72881
4/4/2016,292700.7678,46345.9418,828689.0278,67604.76236
4/11/2016,293482.2833,47300.22646,830658.0854,67868.67197
4/18/2016,294263.9982,48230.57144,832620.0062,68125.61189
4/25/2016,295045.9079,49137.2191,834574.7663,68375.73491
5/2/2016,295828.0075,50020.43299,836522.3424,68619.19223
5/9/2016,296610.2924,50880.49623,838462.7121,68856.13342
5/16/2016,297392.7577,51717.70988,840395.8531,69086.70627
5/23/2016,298175.3987,52532.39137,842321.7445,69311.05676
5/30/2016,298958.2108,53324.87296,844240.3653,69529.32896
6/6/2016,299741.189,54095.50027,846151.6957,69741.66497
6/13/2016,300524.3287,54844.63086,848055.7161,69948.20488
6/20/2016,301307.6252,55572.63281,849952.4077,70149.08671
6/27/2016,302091.0735,56279.88343,851841.7521,70344.44634
7/4/2016,302874.669,56966.76796,853723.7319,70534.41752
7/11/2016,303658.4069,57633.67835,855598.3301,70719.13179
7/18/2016,304442.2824,58281.01217,857465.5302,70898.71846
7/25/2016,305226.2907,58909.17138,859325.3166,71073.3046
8/1/2016,306010.427,59518.56144,861177.674,71243.01501
8/8/2016,306794.6867,60109.59027,863022.5876,71407.97225
8/15/2016,307579.0648,60682.66729,864860.0437,71568.29655
8/22/2016,308363.5565,61238.20261,866690.0288,71724.10587
8/29/2016,309148.1572,61776.60625,868512.53,71875.51588
9/5/2016,309932.8619,62298.28721,870327.5352,72022.63994
9/12/2016,310717.6659,62803.653,872135.0328,72165.58914
9/19/2016,311502.5644,63293.10884,873935.0115,72304.47227
9/26/2016,312287.5525,63767.05705,875727.4608,72439.39582
10/3/2016,313072.6255,64225.89666,877512.3709,72570.46403
10/10/2016,313857.7785,64670.02276,879289.7325,72697.779
10/17/2016,314643.0068,65099.82619,881059.5366,72821.4407
10/24/2016,315428.3055,65515.69299,882821.7752,72941.54669
10/31/2016,316213.6697,65918.00404,884576.4403,73058.19225
11/7/2016,316999.0948,66307.13472,886323.5249,73171.47065
11/14/2016,317784.5758,66683.4547,888063.0224,73281.47301
11/21/2016,318570.1081,67047.32757,889794.9267,73388.28842
11/28/2016,319355.6866,67399.1107,891519.2325,73492.00382
12/5/2016,320141.3066,67739.15499,893235.9346,
12/12/2016,320926.9634,68067.80474,894945.0286,
12/19/2016,321712.652,68385.39745,896646.5105,
12/26/2016,322498.3676,68692.26376,898340.377,
1/2/2017,323284.1055,68988.72732,900026.6252,73592.70409
1/9/2017,324069.8607,69275.10473,901705.2527,73690.47209
1/16/2017,324855.6285,69551.70553,903376.2577,73785.38866
1/23/2017,325641.4041,69818.83211,905039.6388,73877.53272
1/30/2017,326427.1825,70076.77975,906695.3951,73966.98124
2/6/2017,327212.959,70325.83656,908343.5263,74053.80927
2/13/2017,327998.7288,70566.28359,909984.0324,74138.09004
2/20/2017,328784.487,70798.39478,911616.9141,74219.89492
2/27/2017,329570.2288,71022.43703,913242.1726,74299.29347
3/6/2017,330355.9494,71238.67029,914859.8094,74376.35349
3/13/2017,331141.644,71447.3476,916469.8264,74451.14105
3/20/2017,331927.3077,71648.71513,918072.2262,74523.72052
3/27/2017,332712.9357,71843.01235,919667.0118,74594.15459
4/3/2017,333498.5232,72030.47205,921254.1867,74662.50437
4/10/2017,334284.0654,72211.32044,922833.7547,74728.82931
4/17/2017,335069.5574,72385.77731,924405.7201,74793.18734
4/24/2017,335854.9945,72554.05608,925970.0877,74855.63483
5/1/2017,336640.3718,72716.36395,927526.8628,74916.22663
5/8/2017,337425.6844,72872.902,929076.0509,74975.01617
5/15/2017,338210.9277,73023.86529,930617.6582,75032.05541
5/22/2017,338996.0967,73169.44305,932151.6912,75087.39493
5/29/2017,339781.1867,73309.81871,933678.1568,75141.08392
6/5/2017,340566.1928,73445.17011,935197.0623,75193.17026
6/12/2017,341351.1103,73575.66958,936708.4155,75243.7005
6/19/2017,342135.9344,73701.48407,938212.2246,75292.71994
6/26/2017,342920.6602,73822.7753,939708.498,75340.2726
7/3/2017,343705.2829,73939.69987,941197.2449,75386.40131
7/10/2017,344489.7978,74052.40939,942678.4744,75431.1477
7/17/2017,345274.2001,74161.05062,944152.1963,75474.55226
7/24/2017,346058.4849,74265.76557,945618.4207,75516.65432
7/31/2017,346842.6475,74366.69165,947077.1582,75557.49214
8/7/2017,347626.6831,74463.96179,948528.4195,75597.1029
8/14/2017,348410.5869,74557.70455,949972.216,75635.52271
8/21/2017,349194.3541,74648.04425,951408.5591,75672.78669
8/28/2017,349977.98,74735.1011,952837.4608,75708.92896
9/4/2017,350761.4598,74818.99127,954258.9334,75743.98266
9/11/2017,351544.7887,74899.8271,955672.9895,75777.98001
9/18/2017,352327.962,74977.7171,957079.6422,75810.95229
9/25/2017,353110.9749,75052.76615,958478.9047,75842.92989
10/2/2017,353893.8226,75125.07557,959870.7906,75873.94233
10/9/2017,354676.5004,75194.74322,961255.314,75904.0183
10/16/2017,355459.0036,75261.86365,962632.4892,75933.18565
10/23/2017,356241.3273,75326.52813,964002.3307,75961.47142
10/30/2017,357023.4669,75388.82483,965364.8535,75988.90188
11/6/2017,357805.4177,75448.83884,966720.0728,76015.50254
11/13/2017,358587.1748,75506.65235,968068.0042,76041.29817
11/20/2017,359368.7337,75562.34467,969408.6634,76066.31281
11/27/2017,360150.0894,75615.99236,970742.0667,76090.56982
12/4/2017,360931.2374,75667.66931,972068.2304,76114.09187
12/11/2017,361712.173,75717.44682,973387.1712,76136.90096
12/18/2017,362492.8914,75765.3937,974698.9061,76159.01846
12/25/2017,363273.3879,75811.57632,976003.4524,76180.4651
1/1/2018,364053.6578,75856.05874,977300.8276,76201.26102
1/8/2018,364833.6965,75898.90274,978591.0494,76221.42575
1/15/2018,365613.4992,75940.16792,979874.1359,76240.97827
1/22/2018,366393.0613,75979.91176,981150.1055,76259.93697
1/29/2018,367172.3782,76018.1897,982418.9766,76278.31973
2/5/2018,367951.445,76055.05521,983680.7681,76296.14388
2/12/2018,368730.2573,76090.55986,984935.499,76313.42624
2/19/2018,369508.8104,76124.75336,986183.1886,76330.18314
2/26/2018,370287.0995,76157.68366,987423.8564,76346.43044
3/5/2018,371065.1201,76189.39697,988657.5221,76362.18349
3/12/2018,371842.8675,76219.93787,989884.2058,76377.45722
3/19/2018,372620.3371,76249.34931,991103.9276,76392.26609
3/26/2018,373397.5243,76277.67271,992316.7078,76406.62417
4/2/2018,374174.4244,76304.94799,993522.5672,76420.54507
4/9/2018,374951.0329,76331.21365,994721.5265,76434.042
4/16/2018,375727.3452,76356.50675,995913.6067,76447.12781
4/23/2018,376503.3566,76380.86306,997098.8291,76459.81492
4/30/2018,377279.0627,76404.31703,998277.215,76472.11542
5/7/2018,378054.4587,76426.90187,999448.7861,76484.041
5/14/2018,378829.5402,76448.64957,1000613.564,76495.60304
5/21/2018,379604.3025,76469.59097,1001771.571,76506.81255
5/28/2018,380378.7412,76489.75578,1002922.829,76517.68021
6/4/2018,381152.8517,76509.17265,1004067.361,76528.21641
6/11/2018,381926.6294,76527.86916,1005205.188,76538.43119
6/18/2018,382700.0698,76545.87188,1006336.334,76548.33431
6/25/2018,383473.1684,76563.20643,1007460.821,76557.93524
7/2/2018,384245.9207,76579.89749,1008578.672,76567.24315
7/9/2018,385018.3222,76595.96884,1009689.911,76576.26695
7/16/2018,385790.3684,76611.44337,1010794.56,76585.01526
7/23/2018,386562.0547,76626.34315,1011892.643,76593.49646
7/30/2018,387333.3767,76640.68943,1012984.184,76601.71868
8/6/2018,388104.33,76654.5027,1014069.206,76609.68979
8/13/2018,388874.9101,76667.80267,1015147.734,76617.41743
8/20/2018,389645.1125,76680.60835,1016219.79,76624.90901
8/27/2018,390414.9328,76692.93803,1017285.4,76632.17171
9/3/2018,391184.3665,76704.80936,1018344.586,76639.2125
9/10/2018,391953.4093,76716.23931,1019397.375,76646.03814
9/17/2018,392722.0566,76727.24425,1020443.789,76652.65517
9/24/2018,393490.3042,76737.83993,1021483.854,76659.06996
10/1/2018,394258.1475,76748.04152,1022517.595,76665.28867
10/8/2018,395025.5823,76757.86364,1023545.035,76671.31727
10/15/2018,395792.6041,76767.32035,1024566.2,76677.16155
10/22/2018,396559.2086,76776.42523,1025581.115,76682.82715
10/29/2018,397325.3914,76785.19131,1026589.805,76688.31949
11/5/2018,398091.1482,76793.63119,1027592.294,76693.64387
11/12/2018,398856.4746,76801.75697,1028588.609,76698.80541
11/19/2018,399621.3663,76809.58032,1029578.774,76703.80908
11/26/2018,400385.819,76817.11245,1030562.815,76708.6597
12/3/2018,401149.8284,76824.3642,1031540.757,76713.36193
12/10/2018,401913.3901,76831.34597,1032512.626,76717.9203
12/17/2018,402676.4999,76838.0678,1033478.448,76722.33921
12/24/2018,403439.1536,76844.53934,1034438.248,76726.62292
12/31/2018,404201.3468,76850.76991,1035392.051,76730.77554
1/7/2019,404963.0754,76856.76845,1036339.884,76734.80109
1/14/2019,405724.335,76862.54359,1037281.772,76738.70345
1/21/2019,406485.1214,76868.10365,1038217.742,76742.48637
1/28/2019,407245.4305,76873.45661,1039147.819,76746.15351
2/4/2019,408005.2579,76878.61017,1040072.03,76749.70841
2/11/2019,408764.5996,76883.57177,1040990.399,76753.15448
2/18/2019,409523.4513,76888.34853,1041902.955,76756.49507
2/25/2019,410281.8088,76892.94733,1042809.721,76759.73339
3/4/2019,411039.668,76897.37479,1043710.726,76762.87257
3/11/2019,411797.0248,76901.6373,1044605.995,76765.91564
3/18/2019,412553.8749,76905.74098,1045495.553,76768.86553
3/25/2019,413310.2143,76909.69175,1046379.428,76771.72511
4/1/2019,414066.0388,76913.4953,1047257.646,76774.49712
4/8/2019,414821.3444,76917.15711,1048130.233,76777.18424
4/15/2019,415576.1269,76920.68246,1048997.216,76779.78908
4/22/2019,416330.3824,76924.07642,1049858.62,76782.31415
4/29/2019,417084.1066,76927.3439,1050714.472,76784.76188
5/6/2019,417837.2956,76930.48959,1051564.799,76787.13465
5/13/2019,418589.9453,76933.51804,1052409.627,76789.43475
5/20/2019,419342.0516,76936.4336,1053248.982,76791.66439
5/27/2019,420093.6106,76939.24049,1054082.891,76793.82575
6/3/2019,420844.6183,76941.94275,1054911.38,76795.92089
6/10/2019,421595.0706,76944.54428,1055734.476,76797.95186
6/17/2019,422344.9636,76947.04883,1056552.205,76799.92062
6/24/2019,423094.2934,76949.46001,1057364.594,76801.82906
7/1/2019,423843.0558,76951.78131,1058171.668,76803.67904
7/8/2019,424591.2471,76954.01606,1058973.454,76805.47234
7/15/2019,425338.8633,76956.1675,1059769.98,76807.21071
7/22/2019,426085.9005,76958.23873,1060561.27,76808.89581
7/29/2019,426832.3548,76960.23273,1061347.352,76810.52929
8/5/2019,427578.2222,76962.15239,1062128.251,76812.11271
8/12/2019,428323.499,76964.00048,1062903.995,76813.64762
8/19/2019,429068.1812,76965.77966,1063674.61,76815.13551
8/26/2019,429812.265,76967.4925,1064440.121,76816.5778
9/2/2019,430555.7465,76969.14147,1065200.555,76817.97589
9/9/2019,431298.622,76970.72896,1065955.939,76819.33115
9/16/2019,432040.8877,76972.25725,1066706.298,76820.64487
9/23/2019,432782.5397,76973.72855,1067451.659,76821.91834
9/30/2019,433523.5742,76975.14499,1068192.049,76823.15279
10/7/2019,434263.9876,76976.5086,1068927.492,76824.3494
10/14/2019,435003.776,76977.82137,1069658.015,76825.50935
10/21/2019,435742.9357,76979.08518,1070383.645,76826.63374
10/28/2019,436481.4631,76980.30186,1071104.407,76827.72368
11/4/2019,437219.3543,76981.47317,1071820.328,76828.78021
11/11/2019,437956.6057,76982.6008,1072531.432,76829.80437
11/18/2019,438693.2136,76983.68637,1073237.747,76830.79714
11/25/2019,439429.1743,76984.73146,1073939.298,76831.75947
12/2/2019,440164.4842,76985.73758,1074636.111,76832.69232
12/9/2019,440899.1396,76986.70617,1075328.212,76833.59657
12/16/2019,441633.137,76987.63863,1076015.626,76834.47311
12/23/2019,442366.4727,76988.53632,1076698.379,76835.32278
12/30/2019,443099.1431,76989.40054,1077376.497,76836.14641
1/6/2020,443831.1446,76990.23251,1078050.005,76836.9448
1/13/2020,444562.4738,76991.03346,1078718.929,76837.71871
1/20/2020,445293.127,76991.80454,1079383.294,76838.4689
1/27/2020,446023.1006,76992.54685,1080043.126,76839.1961
2/3/2020,446752.3913,76993.26149,1080698.45,76839.901
2/10/2020,447480.9955,76993.94946,1081349.292,76840.5843
2/17/2020,448208.9096,76994.61178,1081995.676,76841.24665
2/24/2020,448936.1302,76995.24939,1082637.628,76841.8887
3/2/2020,449662.6538,76995.86322,1083275.173,76842.51107
3/9/2020,450388.4771,76996.45416,1083908.335,76843.11436
3/16/2020,451113.5965,76997.02305,1084537.141,76843.69916
3/23/2020,451838.0087,76997.57073,1085161.614,76844.26603
3/30/2020,452561.7103,76998.09797,1085781.781,76844.81552
4/6/2020,453284.6979,76998.60555,1086397.664,76845.34817
4/13/2020,454006.968,76999.0942,1087009.29,
4/20/2020,454728.5175,76999.56462,1087616.683,76845.86449
4/27/2020,455449.3429,,1088219.867,76846.36498
5/4/2020,456169.4409,77000.0175,1088818.867,76846.85012
5/11/2020,456888.8082,77000.45348,1089413.707,76847.3204
5/18/2020,457607.4416,77000.8732,1090004.412,76847.77626
5/25/2020,458325.3377,,1090591.006,76848.21814
6/1/2020,459042.4932,77001.27726,1091173.514,76848.64648
6/8/2020,459758.905,77001.66625,1091751.958,76849.06169
6/15/2020,460474.5698,77002.04074,1092326.364,76849.46416
6/22/2020,461189.4844,77002.40125,1092896.756,76849.8543
6/29/2020,461903.6456,77002.74831,1093463.156,
7/6/2020,462617.0503,77003.08243,1094025.59,
7/13/2020,463329.6952,77003.40409,1094584.08,76850.23248
7/20/2020,464041.5773,77003.71375,1095138.651,76850.59906
7/27/2020,464752.6934,77004.01186,1095689.325,76850.95441
8/3/2020,465463.0403,77004.29884,1096236.127,76851.29886
8/10/2020,466172.6151,77004.57512,1096779.081,76851.63275
8/17/2020,466881.4146,77004.8411,1097318.208,76851.9564
8/24/2020,467589.4358,,1097853.533,
8/31/2020,468296.6755,,1098385.078,76852.27013
9/7/2020,469003.1308,77005.09715,1098912.867,76852.57425
9/14/2020,469708.7986,,1099436.923,76852.86903
9/21/2020,470413.676,77005.34366,1099957.268,76853.15479
9/28/2020,471117.7599,,1100473.925,
10/5/2020,471821.0474,,1100986.918,
10/12/2020,472523.5356,,1101496.269,
10/19/2020,473225.2215,77005.58096,1102001.999,
10/26/2020,473926.1022,77005.80942,1102504.133,
11/2/2020,474626.1749,77006.02935,1103002.691,76853.43178
11/9/2020,475325.4365,,1103497.697,
11/16/2020,476023.8843,77006.24108,1103989.172,76853.70027
11/23/2020,476721.5155,77006.44491,1104477.139,76853.96054
11/30/2020,477418.3271,,1104961.619,76854.21283
12/7/2020,478114.3163,77006.64113,1105442.635,
12/14/2020,478809.4803,77006.83004,1105920.208,76854.45738
12/21/2020,479503.8164,77007.0119,1106394.36,76854.69443
12/28/2020,480197.3218,77007.18698,1106865.113,
1/4/2021,480889.9938,77007.35552,1107332.488,76854.92422
1/11/2021,481581.8296,77007.51778,1107796.506,
1/18/2021,482272.8265,,1108257.19,
1/25/2021,482962.9818,,1108714.56,
2/1/2021,483652.2928,,1109168.637,
2/8/2021,484340.7569,,1109619.443,
2/15/2021,485028.3714,77007.67399,1110066.998,76855.14695
2/22/2021,485715.1337,77007.82437,1110511.323,76855.36287
3/1/2021,486401.0412,77007.96914,1110952.44,76855.57216
3/8/2021,487086.0913,,1111390.368,76855.77503
3/15/2021,487770.2812,,1111825.129,
3/22/2021,488453.6086,77008.10851,1112256.742,76855.97168
3/29/2021,489136.0709,77008.24268,1112685.229,76856.16231
4/5/2021,489817.6656,,1113110.609,76856.34709
4/12/2021,490498.39,,1113532.903,
4/19/2021,491178.2418,,1113952.131,76856.5262
4/26/2021,491857.2185,77008.37184,1114368.313,76856.69983
5/3/2021,492535.3176,,1114781.468,76856.86813
5/10/2021,493212.5366,77008.49619,1115191.618,76857.03126
5/17/2021,493888.8732,,1115598.78,
5/24/2021,494564.325,,1116002.976,76857.1894
5/31/2021,495238.8894,,1116404.224,
6/7/2021,495912.5643,77008.6159,1116802.544,76857.34269
6/14/2021,496585.3471,77008.73114,1117197.955,76857.49128
6/21/2021,497257.2355,,1117590.476,76857.63531
6/28/2021,497928.2272,77008.84208,1117980.128,76857.77493
7/5/2021,498598.32,,1118366.928,76857.91026
7/12/2021,499267.5115,77008.94889,1118750.896,
7/19/2021,499935.7995,77009.05171,1119132.05,76858.04145
7/26/2021,500603.1817,77009.15069,1119510.409,76858.16861
8/2/2021,501269.6558,,1119885.993,76858.29188
8/9/2021,501935.2198,77009.24598,1120258.819,76858.41136
8/16/2021,502599.8713,,1120628.905,76858.52719
8/23/2021,503263.6081,77009.33772,1120996.272,
8/30/2021,503926.4282,77009.42604,1121360.935,76858.63946
9/6/2021,504588.3294,,1121722.915,
9/13/2021,505249.3095,77009.51106,1122082.228,
9/20/2021,505909.3664,77009.59291,1122438.894,
9/27/2021,506568.498,,1122792.929,76858.74828
10/4/2021,507226.7023,77009.6717,1123144.351,76858.85377
10/11/2021,507883.977,77009.74756,1123493.179,
10/18/2021,508540.3202,,1123839.43,76858.95603
10/25/2021,509195.7299,77009.82059,1124183.12,
11/1/2021,509850.204,77009.89089,1124524.269,76859.05515
11/8/2021,510503.7406,77009.95857,1124862.893,
11/15/2021,511156.3377,77010.02372,1125199.009,76859.15123
11/22/2021,511807.9933,77010.08645,1125532.634,
11/29/2021,512458.7055,77010.14683,1125863.786,76859.24437
12/6/2021,513108.4724,77010.20496,1126192.482,76859.33465
12/13/2021,513757.2921,77010.26092,1126518.737,76859.42216
12/20/2021,514405.1626,77010.3148,1126842.569,
12/27/2021,515052.0821,,1127163.996,
1/3/2022,515698.0487,,1127483.032,76859.50699
1/10/2022,516343.0607,77010.36666,1127799.695,76859.58922
1/17/2022,516987.1161,,1128114.001,76859.66892
1/24/2022,517630.2132,,1128425.966,
1/31/2022,518272.3502,77010.41659,1128735.607,
2/7/2022,518913.5251,,1129042.939,76859.74619
2/14/2022,519553.7364,,1129347.979,76859.82108
2/21/2022,520192.9823,,1129650.743,
2/28/2022,520831.261,,1129951.245,76859.89368
3/7/2022,521468.5709,,1130249.503,76859.96405
3/14/2022,522104.9103,,1130545.532,76860.03226
3/21/2022,522740.2775,77010.46466,1130839.346,76860.09838
3/28/2022,523374.6709,77010.51094,1131130.963,76860.16248
4/4/2022,524008.0888,77010.55548,1131420.396,76860.22461
4/11/2022,524640.5296,,1131707.662,76860.28483
4/18/2022,525271.9918,,1131992.775,76860.34321
4/25/2022,525902.4736,77010.59837,1132275.751,
5/2/2022,526531.9737,,1132556.604,76860.3998
5/9/2022,527160.4903,77010.63966,1132835.35,76860.45465
5/16/2022,527788.0221,,1133112.003,
5/23/2022,528414.5674,77010.6794,1133386.578,76860.50782
5/30/2022,529040.1248,77010.71767,1133659.09,76860.55936
6/6/2022,529664.6926,,1133929.553,76860.60932
6/13/2022,530288.2695,77010.7545,1134197.981,76860.65775
6/20/2022,530910.854,77010.78997,1134464.39,76860.70469
6/27/2022,531532.4448,77010.8241,1134728.793,
7/4/2022,532153.0404,77010.85697,1134991.205,
7/11/2022,532772.6393,,1135251.639,76860.7502
7/18/2022,533391.2403,77010.88861,1135510.111,
7/25/2022,534008.8419,77010.91907,1135766.632,76860.7943
8/1/2022,534625.4428,77010.94839,1136021.219,76860.83706
8/8/2022,535241.0417,,1136273.883,76860.87851
8/15/2022,535855.6373,,1136524.64,76860.91868
8/22/2022,536469.2282,,1136773.502,76860.95762
8/29/2022,537081.8132,,1137020.484,76860.99537
9/5/2022,537693.391,,1137265.598,76861.03196
9/12/2022,538303.9604,77010.97662,1137508.857,76861.06743
9/19/2022,538913.5201,77011.0038,1137750.276,76861.10181
9/26/2022,539522.0688,,1137989.868,76861.13514
10/3/2022,540129.6055,77011.02996,1138227.645,76861.16744
10/10/2022,540736.1288,77011.05515,1138463.62,76861.19876
10/17/2022,541341.6377,,1138697.807,
10/24/2022,541946.131,,1138930.218,76861.22911
10/31/2022,542549.6075,,1139160.866,76861.25854
11/7/2022,543152.0661,,1139389.764,76861.28706
11/14/2022,543753.5058,77011.07939,1139616.924,
11/21/2022,544353.9255,77011.10274,1139842.359,76861.31471
11/28/2022,544953.324,,1140066.081,76861.34151
12/5/2022,545551.7003,77011.12521,1140288.103,
12/12/2022,546149.0535,,1140508.438,76861.36748
12/19/2022,546745.3824,77011.14684,1140727.096,76861.39266
12/26/2022,547340.686,77011.16767,1140944.09,76861.41707
1/2/2023,547934.9634,,1141159.434,76861.44073
1/9/2023,548528.2135,77011.18772,1141373.137,76861.46367
1/16/2023,549120.4355,,1141585.213,
1/23/2023,549711.6284,,1141795.673,76861.4859
1/30/2023,550301.7912,,1142004.528,
2/6/2023,550890.923,,1142211.791,
2/13/2023,551479.0231,,1142417.474,
2/20/2023,552066.0903,77011.20702,1142621.587,
2/27/2023,552652.124,,1142824.142,76861.50745
3/6/2023,553237.1233,77011.2256,1143025.15,
3/13/2023,553821.0872,,1143224.623,
3/20/2023,554404.0151,,1143422.573,76861.52834
3/27/2023,554985.9061,,1143619.009,76861.54859
4/3/2023,555566.7594,,1143813.943,
4/10/2023,556146.5742,,1144007.387,
4/17/2023,556725.3499,77011.24349,1144199.35,76861.56822
4/24/2023,557303.0855,,1144389.845,
5/1/2023,557879.7806,,1144578.881,76861.58724
5/8/2023,558455.4342,,1144766.47,76861.60569
5/15/2023,559030.0458,77011.26071,1144952.622,76861.62356
5/22/2023,559603.6146,,1145137.347,
5/29/2023,560176.14,,1145320.656,
6/5/2023,560747.6214,,1145502.56,76861.64089
6/12/2023,561318.058,,1145683.069,76861.65769
6/19/2023,561887.4494,,1145862.193,76861.67397
6/26/2023,562455.7949,,1146039.943,76861.68975
7/3/2023,563023.0938,77011.27729,1146216.328,76861.70505
7/10/2023,563589.3457,,1146391.358,
7/17/2023,564154.55,,1146565.045,
7/24/2023,564718.706,,1146737.396,
7/31/2023,565281.8134,77011.29325,1146908.424,76861.71988
8/7/2023,565843.8716,77011.30861,1147078.136,
8/14/2023,566404.88,77011.3234,1147246.543,
8/21/2023,566964.8383,77011.33764,1147413.655,76861.73426
8/28/2023,567523.7459,77011.35135,1147579.482,76861.74819
9/4/2023,568081.6024,77011.36455,1147744.032,
9/11/2023,568638.4074,77011.37725,1147907.315,76861.7617
9/18/2023,569194.1604,,1148069.341,76861.77479
9/25/2023,569748.861,,1148230.119,76861.78748
10/2/2023,570302.5088,77011.38949,1148389.659,
10/9/2023,570855.1034,,1148547.969,
10/16/2023,571406.6445,77011.40126,1148705.058,76861.79979
10/23/2023,571957.1317,,1148860.936,76861.81171
10/30/2023,572506.5647,77011.4126,1149015.613,76861.82327
11/6/2023,573054.9431,77011.42351,1149169.096,76861.83447
11/13/2023,573602.2667,,1149321.394,76861.84534
11/20/2023,574148.5351,77011.43401,1149472.517,76861.85586
11/27/2023,574693.7481,,1149622.474,76861.86607
12/4/2023,575237.9054,,1149771.272,76861.87596
12/11/2023,575781.0067,77011.44413,1149918.921,76861.88555
12/18/2023,576323.0518,77011.45386,1150065.429,76861.89485
12/25/2023,576864.0405,77011.46323,1150210.806,
