DATE,dengue_no_split,zika,varicela,chicunguya
2007-01-01,315.0,,250.0,
2007-01-08,598.57859377563,,500.6496866941452,
2007-01-15,883.4116678386927,,753.9298968240619,
2007-01-22,1169.503309391439,,1009.866939149797,
2007-01-29,1456.8576050400734,,1268.4873581007123,
2007-02-05,1745.4786410927773,,1529.8179341256618,
2007-02-12,2035.3704992383718,,1793.885684967041,
2007-02-19,2326.537262365222,,2060.717867821455,
2007-02-26,2618.9830102846026,,2330.3419823125005,
2007-03-05,2912.7118186727166,,2602.785770431161,
2007-03-12,3207.727765239775,,2878.0772186741233,
2007-03-19,3504.0349198430777,,3156.244558170438,
2007-03-26,3801.6373531520367,,3437.316266171634,
2007-04-02,4100.53913269937,,3721.3210690915585,
2007-04-09,4400.744317114353,,4008.287943266332,
2007-04-16,4702.256970711052,,4298.246115602553,
2007-04-23,5005.081155136228,,4591.22506570816,
2007-04-30,5309.220914825797,,4887.25452735275,
2007-05-07,5614.680300928652,,5186.364489644766,
2007-05-14,5921.463365674019,,5488.585198149085,
2007-05-21,6229.574142411351,,5793.947156719863,
2007-05-28,6539.016665555537,,6102.481128811836,
2007-06-04,6849.794974647462,,6414.2181384041905,
2007-06-11,7161.913088649511,,6729.189471527934,
2007-06-18,7475.375036612153,,7047.426677845418,
2007-06-25,7790.18482799083,,7368.961571790278,
2007-07-02,8106.346483364701,,7693.826232925057,
2007-07-09,8423.863999471068,,8022.053008615971,
2007-07-16,8742.741376630962,,8353.67451505363,
2007-07-23,9062.982608512044,,8688.723638527095,
2007-07-30,9384.591681316495,,9027.233536720276,
2007-08-06,9707.572574160993,,9369.237638011575,
2007-08-13,10031.929260142148,,9714.769642986357,
2007-08-20,10357.665704347193,,10063.86352826655,
2007-08-27,10684.785864502192,,10416.553546406329,
2007-09-03,11013.293691046536,,10772.874227181077,
2007-09-10,11343.193126797676,,11132.860378235579,
2007-09-17,11674.488105379045,,11496.547082670033,
2007-09-24,12007.182553753257,,11863.969705104828,
2007-10-01,12341.280391551554,,12235.163891866803,
2007-10-08,12676.785530880094,,12610.165571689606,
2007-10-15,13013.701875165105,,12989.010956838727,
2007-10-22,13352.033310949802,,13371.736541107297,
2007-10-29,13691.783719457686,,13758.379101067781,
2007-11-05,14032.95697452128,,14148.975701287389,
2007-11-12,14375.556941315532,,14543.56369318068,
2007-11-19,14719.587480179965,,14942.1807160452,
2007-11-26,15065.052415817976,,15344.864697292447,
2007-12-03,15411.955588273704,,15751.653847977519,
2007-12-10,15760.300818152726,,16162.586670838296,
2007-12-17,16110.091916821897,,16577.70195990801,
2007-12-24,16461.332685530186,,16997.03880058229,
2007-12-31,16814.026904024184,,17420.6365705356,
2008-01-07,17168.17834407091,,17848.534936130047,
2008-01-14,17523.7907692492,,18280.773853182793,
2008-01-21,17880.86793129891,,18717.393573865294,
2008-01-28,18239.413569808006,,19158.43464422226,
2008-02-04,18599.431411862373,,19603.937904901803,
2008-02-11,18960.925171732903,,20053.94449033588,
2008-02-18,19323.898550525308,,20508.495819613338,
2008-02-25,19688.355234146118,,20967.633611500263,
2008-03-03,20054.29888944328,,21431.399881966412,
2008-03-10,20421.73317208886,,21899.836943104863,
2008-03-17,20790.661723010242,,22372.987403705716,
2008-03-24,21161.088167637587,,22850.894169792533,
2008-03-31,21533.016115561128,,23333.600441537797,
2008-04-07,21906.44916011393,,23821.14969290793,
2008-04-14,22281.39087804407,,24313.58570381254,
2008-04-21,22657.844829119742,,24810.952552974224,
2008-04-28,23035.81456526369,,25313.294614873827,
2008-05-05,23415.30362391472,,25820.65656004101,
2008-05-12,23796.315519936383,,26333.083355225623,
2008-05-19,24178.85375110805,,26850.620259091258,
2008-05-26,24562.921797841787,,27373.312798969448,
2008-06-02,24948.523122884333,,27901.206807866693,
2008-06-09,25335.66117104888,,28434.348414860666,
2008-06-16,25724.3393689394,,28972.78404162079,
2008-06-23,26114.56112460792,,29516.56040226668,
2008-06-30,26506.32982697338,,30065.72450324893,
2008-07-07,26899.648846000433,,30620.323637150228,
2008-07-14,27294.52153234929,,31180.405355662107,
2008-07-21,27690.951217018068,,31746.017513379455,
2008-07-28,28088.941211029887,,32317.208254940808,
2008-08-04,28488.494805201888,,32894.02601093054,
2008-08-11,28889.61526980996,,33476.519497297704,
2008-08-18,29292.305854335427,,34064.73771480471,
2008-08-25,29696.569786325097,,34658.729940623045,
2008-09-01,30102.410270623863,,35258.545697294176,
2008-09-08,30509.830491371453,,35864.234804049134,
2008-09-15,30918.833610601723,,36475.847360126674,
2008-09-22,31329.42276790738,,37093.43374004215,
2008-09-29,31741.60108012706,,37717.04459249228,
2008-10-06,32155.3716410771,,38346.73083926737,
2008-10-13,32570.737521216273,,38982.54365646094,
2008-10-20,32987.70176668465,,39624.5344761014,
2008-10-27,33406.267400570214,,40272.75497978926,
2008-11-03,33826.437418952584,,40927.25713212788,
2008-11-10,34248.2147949636,,41588.09315688163,
2008-11-17,34671.60247673094,,42255.31553568691,
2008-11-24,35096.60338704288,,42928.9770065546,
2008-12-01,35523.22042303532,,43609.13055033237,
2008-12-08,35951.456455916166,,44295.82935333252,
2008-12-15,36381.314330652356,,,
2008-12-22,36812.79686513543,,44989.12687216699,
2008-12-29,37245.90684837848,,45689.07680787891,
2008-12-29,37245.90684837848,,46395.73309921473,
2008-12-29,37680.64704358578,,45689.07680787891,
2008-12-29,37680.64704358578,,46395.73309921473,
2009-01-05,38117.020186550915,,47109.14991953224,
2009-01-12,38555.02898512781,,47829.381673410535,
2009-01-19,38994.67611891776,,48556.482993260026,
2009-01-26,39435.964238896966,,49290.50873234123,
2009-02-02,39878.895967140794,,50031.51393900812,
2009-02-09,40323.473896458745,,50779.55388497561,
2009-02-16,40769.70059008896,,51534.68405358493,
2009-02-23,41217.57858134061,,52296.96013139933,
2009-03-02,41667.11037326604,,53066.43800328672,
2009-03-09,42118.298438340425,,53843.17374724895,
2009-03-16,42571.145218111575,,54627.223629146814,
2009-03-23,43025.65312243253,,55418.644098989666,
2009-03-30,43481.82452710718,,56217.49181280285,
2009-04-06,43939.66177739203,,57023.823594652116,
2009-04-13,44399.16718646884,,57837.696431696415,
2009-04-20,44860.34303469211,,58659.16747571528,
2009-04-27,45323.19156926125,,59488.29403746128,
2009-05-04,45787.71500381827,,60325.13358090818,
2009-05-11,46253.91551811248,,61169.74371726811,
2009-05-18,46721.79525762051,,62022.18219897896,
2009-05-25,47191.35633317381,,62882.50691475719,
2009-06-01,47662.60082060844,,63750.7758821547,
2009-06-08,48135.530760355294,,64627.04724061489,
2009-06-15,48610.1481570974,,65511.37924537808,
2009-06-22,49086.454979375005,,66403.83026072383,
2009-06-29,49564.45315988362,,67304.45875312388,
2009-07-06,50044.1446005851,,68213.32328421623,
2009-07-13,50525.531163305044,,69130.48250364512,
2009-07-20,51008.61467125267,,70055.9951332733,
2009-07-27,51493.396909974515,,70989.91996257752,
2009-08-03,51979.87962703407,,71932.3158505112,
2009-08-10,52468.06453163177,,72883.24171160907,
2009-08-17,52957.95329423994,,73842.75650782883,
2009-08-24,53449.54754623771,,74810.91924025118,
2009-08-31,53942.84887956083,,75787.78894061595,
2009-09-07,54437.85884632915,,76773.42466273159,
2009-09-14,54934.5789584741,,77767.88546880335,
2009-09-21,55433.01068739593,,78771.23041781783,
2009-09-28,55933.155463546515,,79783.5185681209,
2009-10-05,56435.01467637718,,80804.80896225572,
2009-10-12,56938.58967755735,,81835.16061724722,
2009-10-19,57443.88177540898,,82874.6325147599,
2009-10-26,57950.89223495871,,83923.28359115124,
2009-11-02,58459.62227872759,,84981.17272731662,
2009-11-09,58970.07308635861,,86048.35873526335,
2009-11-16,59482.245794296265,,87124.90034135431,
2009-11-23,59996.14149539173,,88210.85618922114,
2009-11-30,60511.76123856753,,89306.28482341021,
2009-12-07,61029.10602847487,,90411.2446776703,
2009-12-14,61548.17682509869,,91525.79406353086,
2009-12-21,62068.97454341501,,92649.99115876108,
2010-01-04,62591.500053070486,,93783.89399556816,
2010-01-11,63115.75417795032,,94927.5604468435,
2010-01-18,63641.73769598454,,96081.04820622504,
2010-01-25,64169.451341591775,,97244.41478980333,
2010-02-01,64698.895801857114,,98417.71751916409,
2010-02-08,65230.0717157051,,99601.01350750774,
2010-02-15,65762.97967477143,,100794.35964663327,
2010-02-22,66297.62022303045,,101997.81259379536,
2010-03-01,66833.99385645986,,103211.42875832319,
2010-03-08,67372.10102267563,,104435.26428806782,
2010-03-15,67911.94212061167,,105669.37505572289,
2010-03-22,68453.51750016212,,106913.81664157659,
2010-03-29,68996.82746183127,,108168.64430763572,
2010-04-05,69541.8722563982,,109433.91300565004,
2010-04-12,70088.6520845592,,110709.67735504359,
2010-04-19,70637.16709659994,,111995.99162644893,
2010-04-26,71187.41739206016,,113292.90972666442,
2010-05-03,71739.40302215517,,114600.48518341035,
2010-05-10,72293.12398665398,,115918.77112983167,
2010-05-17,72848.58023227006,,117247.82028886676,
2010-05-24,73405.77165376395,,118587.68495740741,
2010-05-31,73964.69809362292,,119938.4169903472,
2010-06-07,74525.35934178531,,121300.06778472662,
2010-06-14,75087.75513523817,,122672.68826254457,
2010-06-21,75651.88515774906,,124056.32885439694,
2010-06-28,76217.74903950095,,125451.03948271275,
2010-07-05,76785.34635679424,,126856.86954469979,
2010-07-12,77354.67663169652,,128273.8678951636,
2010-07-19,77925.73933174461,,129702.08282906562,
2010-07-26,78498.53386960179,,131141.56206394732,
2010-08-02,79073.05960272998,,132592.352722086,
2010-08-09,79649.31583586335,,134054.501316607,
2010-08-16,80227.3018187955,,135528.05374336988,
2010-08-23,80807.01674326509,,137013.05524080992,
2010-08-30,81388.4597447738,,138509.55037974566,
2010-09-06,81971.62990230322,,140017.58304589987,
2010-09-13,82556.52623797953,,141537.19642115384,
2010-09-20,83143.14771682769,,143068.43296457082,
2010-09-27,83731.49324642122,,144611.33439327776,
2010-10-04,84321.56167659163,,146165.94166312367,
2010-10-11,84913.3517991826,,147732.29494916648,
2010-10-18,85506.8623476848,,149310.43363723904,
2010-10-25,86102.09199700505,,150900.3963271901,
2010-11-01,86699.03936311603,,152502.22075901926,
2010-11-08,87297.70300281048,,154115.94381448627,
2010-11-15,87898.08141683042,,155741.6014994979,
2010-11-22,88500.1730484739,,157379.22892397642,
2010-11-29,89103.97627731413,,159028.8602815941,
2010-12-06,89709.48942280561,,160690.52882935852,
2010-12-13,90316.71074403077,,162364.26686699688,
2010-12-20,90925.63843939453,,164050.10571621358,
2010-12-27,91536.2706464082,,165748.07572018355,
2011-01-03,92148.60544139892,,167458.2062566504,
2011-01-10,92762.6408392489,,169180.52562971413,
2011-01-17,93378.37479311973,,170915.06108558178,
2011-01-24,93995.80519422144,,172661.83879490197,
2011-01-31,94614.92987152934,,174420.883831881,
2011-02-07,95235.74659153074,,176192.22015328705,
2011-02-14,95858.25305796415,,177975.87057733536,
2011-02-21,96482.44691158086,,179771.8567624241,
2011-02-28,97108.32572989166,,181580.19918578118,
2011-03-07,97735.88702688366,,183400.91715473682,
2011-03-14,98365.12825397402,,185234.02882865816,
2011-03-21,98996.04681181163,,187079.55107343197,
2011-03-28,99628.64003036916,,188937.49949496984,
2011-04-04,100262.90517225862,,190807.88842201233,
2011-04-11,100898.83943593502,,192690.7308852449,
2011-04-18,101536.43995548785,,194586.03859636933,
2011-04-25,102175.70380042493,,196493.82192711532,
2011-05-02,102816.62797548622,,198414.089888148,
2011-05-09,103459.20942042768,,200346.85010793805,
2011-05-16,104103.44500984251,,202292.10885915905,
2011-05-23,104749.33155294508,,204249.8710859716,
2011-05-30,105396.86579339206,,206220.1402238086,
2011-06-06,106046.04440909624,,208202.9182523638,
2011-06-13,106696.8640120253,,210198.20567929745,
2011-06-20,107349.32114803046,,212206.00152035058,
2011-06-27,108003.41229666024,,214226.30327951163,
2011-07-04,108659.13387097418,,216259.10692905635,
2011-07-11,109316.48221737146,,218304.40688975155,
2011-07-18,109975.45362109691,,220362.19601091743,
2011-07-25,110636.04430884123,,222432.4656148851,
2011-08-01,111298.25043095648,,224515.20552508533,
2011-08-08,111962.06807064265,,226610.40385712683,
2011-08-15,112627.49324414879,,228718.04709146172,
2011-08-22,113294.52190066129,,230838.120058842,
2011-08-29,113963.14992216974,,232970.6059224978,
2011-09-05,114633.37312334031,,235115.48616046458,
2011-09-12,115305.18725141138,,237272.74054802954,
2011-09-19,115978.58798605949,,239442.34714017063,
2011-09-26,116653.5709393099,,241624.2822541967,
2011-10-03,117330.13165540248,,243818.52053382248,
2011-10-10,118008.26561072469,,246025.03497248143,
2011-10-17,118687.96821366996,,248243.7966865152,
2011-10-24,119369.23480456322,,250474.77500544488,
2011-10-31,120052.06065555662,,252717.93746002764,
2011-11-07,120736.44097054005,,254973.2497677952,
2011-11-14,121422.37088554353,,257240.67581887543,
2011-11-21,122109.84548039734,,259520.1776619181,
2011-11-28,122798.85976271331,,261811.71549029648,
2011-12-05,123489.40866740048,,264115.2476284653,
2011-12-12,124181.48706122488,,266430.7306152284,
2011-12-19,124875.08974281698,,268758.11921702325,
2011-12-26,125570.21144261211,,271097.3661980182,
2012-01-02,126266.8468228355,,273448.42242351174,
2012-01-09,126964.99047748,,275811.23685161024,
2012-01-16,127664.63693226874,,278185.7565234974,
2012-01-23,128365.78064465523,,280571.9265539348,
2012-01-30,129068.41600380093,,282969.69012211263,
2012-02-06,129772.53733059019,,285378.98846280575,
2012-02-13,130478.13887758553,,287799.76085781306,
2012-02-20,131185.2148290798,,290231.94473508,
2012-02-27,131893.75930104405,,292675.4756682962,
2012-03-05,132603.7663411945,,295130.28716181964,
2012-03-12,133315.22992897034,,297596.31076010317,
2012-03-19,134028.14397919923,,300073.4760443717,
2012-03-26,134742.5023483187,,302561.7106287256,
2012-04-02,135458.29881606996,,305060.9401566461,
2012-04-09,136175.52709370852,,307571.0882978961,
2012-04-16,136894.18082486838,,310092.0767458901,
2012-04-23,137614.25358562171,,312623.8252155185,
2012-04-30,138335.73888459057,,315166.2515510991,
2012-05-07,139058.63016297668,,317719.2717123404,
2012-05-14,139782.92079468071,,320282.7995925173,
2012-05-21,140508.60408639908,,322856.7471252829,
2012-05-28,141235.673277691,,325441.02428753674,
2012-06-04,141964.12154109776,,328035.5391024202,
2012-06-11,142693.9419822544,,330640.19764278084,
2012-06-18,143425.12763997167,,333254.90403527766,
2012-06-25,144157.67148640007,,335879.5604649186,
2012-07-02,144891.56642709672,,338514.06718022376,
2012-07-09,145626.80530118942,,341158.3225994259,
2012-07-16,146363.38088156283,,343812.2232879177,
2012-07-23,147101.28588303924,,346475.6638259515,
2012-07-30,147840.51295408607,,349148.53690356016,
2012-08-06,148581.05467300862,,351830.7333305925,
2012-08-13,149322.90355278552,,354522.14204733074,
2012-08-20,150066.05204125494,,357222.6501357034,
2012-08-27,150810.492521286,,359932.1428311318,
2012-09-03,151556.2173109874,,362650.5035350919,
2012-09-10,152303.2186639011,,365377.61382817477,
2012-09-17,153051.48876919597,,368113.3535456732,
2012-09-24,153801.0197518915,,370857.6007723734,
2012-10-01,154551.80367308855,,373610.23178735375,
2012-10-08,155303.83253014088,,376371.12112535536,
2012-10-15,156057.09825693816,,379140.14159532636,
2012-10-22,156811.59272409976,,381917.1642996073,
2012-10-29,157567.30773923546,,384702.05865397304,
2012-11-05,158324.23504717648,,387494.69240837544,
2012-11-12,159082.3663302511,,390294.9316550344,
2012-11-19,159841.69320982695,,393102.64083916694,
2012-11-26,160602.20725154132,,395917.6828197539,
2012-12-03,161363.8999548927,,398739.91887518764,
2012-12-10,162126.76275730878,,401569.2087264061,
2012-12-17,162890.78703530133,,404405.4105613977,
2012-12-24,163655.96410482377,,407248.3810603544,
2012-12-31,164422.28522150218,,410097.9754215926,
2013-01-07,165189.7415810153,,412954.04739290476,
2013-01-14,165958.32431937754,,415816.44931329787,
2013-01-21,166728.02451327443,,418685.03211438656,
2013-01-28,167498.83318041265,,421559.64535870403,
2013-02-04,168270.74127983302,,424440.1372711286,
2013-02-11,169043.7397122681,,427326.3547695428,
2013-02-18,169817.819320485,,430218.14349621534,
2013-02-25,170592.9708896652,,433115.3478499055,
2013-03-04,171369.1851477474,,436017.8110130802,
2013-03-11,172146.45276580006,,438925.37493923306,
2013-03-18,172924.7643584162,,441837.88045112044,
2013-03-25,173704.11048588902,,444755.1672632992,
2013-04-01,174484.48165358603,,447677.0740082115,
2013-04-08,175265.86830992252,,450603.4382714331,
2013-04-15,176048.26084852964,,453534.09662766755,
2013-04-22,176831.6496086195,,456468.8846773952,
2013-04-29,177616.0248754546,,459407.6370822862,
2013-05-06,178401.3768807128,,462350.1875519678,
2013-05-13,179187.69580300152,,465296.3689346686,
2013-05-20,179974.9717682153,,468246.01326425374,
2013-05-27,180763.194850035,,471198.951782383,
2013-06-03,181552.3550703749,,474155.0149778202,
2013-06-10,182342.44239979982,,477114.03262631595,
2013-06-17,183133.44675806165,,480075.83383113146,
2013-06-24,183925.35801449418,,483040.24706401676,
2013-07-01,184718.16598854214,,486007.10014040023,
2013-07-08,185511.86045023054,,488976.22029478103,
2013-07-15,186306.43112066388,,491947.4342815578,
2013-07-22,187101.86767228693,,494920.5683765486,
2013-07-29,187898.15972784162,,497895.44841896,
2013-08-05,188695.29686363786,,500871.89985378087,
2013-08-12,189493.2686093971,,503849.7477746904,
2013-08-19,190292.06444838643,,506828.8169674352,
2013-08-26,191091.6738179326,,509808.9319025129,
2013-09-02,191892.0861099586,,512789.91675212234,
2013-09-09,192693.29067151248,,515771.59555625916,
2013-09-16,193495.2768053338,,518753.7922064066,
2013-09-23,194298.0337703824,,521736.33048755676,
2013-09-30,195101.55078238994,,524719.0341218337,
2013-10-07,195905.81701443344,,527701.7268124521,
2013-10-14,196710.82159751654,,530684.23228807,
2013-10-21,197516.55362109095,,533666.3743128031,
2013-10-28,198323.00213371217,,536647.976647824,
2013-11-04,199130.156143561,,539628.8632644191,
2013-11-11,199938.0046190694,,542608.8583247736,
2013-11-18,200746.53648950905,,545587.7862174958,
2013-11-25,201555.74064222723,,548565.4716010094,
2013-12-02,202365.60592291504,,551541.7394470721,
2013-12-09,203176.12114453316,,554516.4150845408,
2013-12-16,203987.2750831619,,557489.3242252693,
2013-12-23,204799.05647850037,,560460.2928912193,
2013-12-30,205611.45403452218,,563429.1476305127,
2014-01-06,206424.45642008632,,566395.7155206278,
2014-01-13,207238.05226954818,,569359.8241908774,
2014-01-20,208052.23018342257,,572321.3018640131,
2014-01-27,208866.97872900963,,575279.9773979709,
2014-02-03,209682.28644105792,,578235.6803275794,
2014-02-10,210498.1418223977,,581188.2409000695,
2014-02-17,211314.53334461898,,584137.4899943992,
2014-02-24,212131.44944872707,,587083.2592979372,
2014-03-03,212948.87854581326,,590025.3813534081,
2014-03-10,213766.80901774764,,592963.6895628422,
2014-03-17,214585.22921783477,,595898.0182262436,
2014-03-24,215404.12747088075,,598828.2025800794,
2014-03-31,216223.49206329137,,601754.0788356587,
2014-04-07,217043.31125940382,,604675.4842165858,
2014-04-14,217863.57330089808,,607592.256871894,
2014-04-21,218684.2664039284,,610504.2360074148,
2014-04-28,219505.37875976413,,613411.2620041519,
2014-05-05,220326.89853553474,,616313.1763857827,
2014-05-12,221148.8138749078,,619209.8218539208,
2014-05-19,221971.11289877445,,622101.0423229933,
2014-05-26,222793.78370598704,,624986.6829550192,
2014-06-02,223616.81437405944,,627866.5901940018,13.0
2014-06-09,224440.19295986742,,630740.6118001789,631.9111756831408
2014-06-16,225263.9075003937,,633608.5968588963,1268.171927087009
2014-06-23,226087.94601345062,,636470.3955520391,1921.8803009614348
2014-06-30,226912.29649841785,,639325.8595561385,2593.105072453618
2014-07-07,227736.94693695754,,642174.8420221359,3281.883974224329
2014-07-14,228561.8852937743,,645017.1975437775,3988.221886575222
2014-07-21,229387.09951738268,,647852.782186091,4712.089106112719
2014-07-28,230212.57753500342,,650681.4535134658,5453.419697262347
2014-08-04,231038.30724701285,,653503.0706172138,6212.109882593155
2014-08-11,231864.2765513882,,656317.4941427782,6988.016625739634
2014-08-18,232690.4733330086,,659124.5863164514,7780.956268422306
2014-08-25,233516.88546369225,,661924.2109272107,8590.703314557672
2014-09-01,234343.5008028671,,664716.2332436442,9416.98944605887
2014-09-08,235170.307198368,,667500.5202542245,10259.502630390227
2014-09-15,235997.29248712957,,670276.9406095222,11117.886436387897
2014-09-22,236824.44449598342,,673045.3646328822,11991.739658631384
2014-09-29,237651.75104236603,,675805.6643402204,12880.61604513973
2014-10-06,238479.19993509352,,678557.7134592757,13784.024289794266
2014-10-13,239306.77897514403,,681301.3874480873,14701.42839680612
2014-10-20,240134.47595635802,,684036.563517265,15632.24814786017
2014-10-27,240962.27866628766,,686763.120657526,16575.85988267511
2014-11-03,241790.17488688976,,689480.9396355152,17531.59769511968
2014-11-10,242618.15239536017,,692189.9030177817,18498.754596963525
2014-11-17,243446.19896487892,,694889.895187296,19476.584457479417
2014-11-24,244274.30236506462,,697580.8023584336,20464.303668662906
2014-12-01,245102.45034562796,,700262.51259128,21461.093389853835
2014-12-08,245930.63065762073,,702934.9158053547,22466.101983055472
2014-12-15,246758.83105877042,,705597.9037711546,23478.447721876204
2014-12-22,247587.03930593282,,708251.3700748906,24497.221685387194
2014-12-29,249243.4303658232,,713529.321639426,26550.30163036287
2014-12-29,249243.4303658232,,713529.321639426,25521.49089770019
2014-12-29,249243.4303658232,,710895.2102279812,26550.30163036287
2014-12-29,249243.4303658232,,710895.2102279812,25521.49089770019
2014-12-29,248415.2431558296,,710895.2102279812,25521.49089770019
2014-12-29,248415.2431558296,,713529.321639426,25521.49089770019
2014-12-29,248415.2431558296,,710895.2102279812,26550.30163036287
2014-12-29,248415.2431558296,,713529.321639426,26550.30163036287
2015-01-05,250071.5886946544,,716153.60362041,27582.682876184583
2015-01-12,250899.7059032172,,718767.9573922306,28617.64998500049
2015-01-19,251727.7697553113,,721372.2860934436,29654.20833750069
2015-01-26,252555.7680183947,,723966.4947863072,30691.357278220356
2015-02-02,253383.6884643957,,726550.4904657081,31728.09385176748
2015-02-09,254211.51887043566,,729124.1820709035,32763.416680142283
2015-02-16,255039.24701961875,,731687.4804754928,33796.32988829911
2015-02-23,255866.8607018143,,734240.2984966189,34825.846905462444
2015-03-02,256694.34771442413,,736782.5508985147,35850.99416472018
2015-03-09,257521.69586317986,,739314.154394798,36870.81481914222
2015-03-16,258348.89296288788,,741835.0276499763,37884.372173160315
2015-03-23,259175.92683288455,,744345.0912803039,38890.753062188625
2015-03-30,260002.7852832973,,746844.2678564489,39889.07098276168
2015-04-06,260829.4561510682,,749332.4819080159,40878.46906602383
2015-04-13,261655.92728670686,,751809.6599111632,41858.12277623266
2015-04-20,262482.18655281514,,754275.7302910239,42827.24240396172
2015-04-27,263308.2218248397,,756730.6234195009,43785.07529217005
2015-05-04,264134.020991832,,759174.2716119811,44730.90776690841
2015-05-11,264959.57195714116,,761606.6091232747,45664.066869579256
2015-05-18,265784.86263920367,,764027.5721429065,46583.92170035094
2015-05-25,266609.8809722811,,766437.0988001749,47489.8846257329
2015-06-01,267434.6149071902,,768835.1291779727,48381.412018842995
2015-06-08,268259.0524120629,,771221.6052622795,49258.004930116236
2015-06-15,269083.1814730838,,773596.4709526151,50119.20941259712
2015-06-22,269906.99009527266,,775959.6720560789,50964.61648056656
2015-06-29,270730.4663031846,,778311.1562792063,51793.86206938326
2015-07-06,271553.59814170003,,780650.8732191771,52606.62649875134
2015-07-13,272376.37367676944,,782978.7743543312,53402.63390801847
2015-07-20,273198.7809961289,,785294.8130491972,54181.651455678046
2015-07-27,274020.8081927672,,787598.9445709363,54943.48823142052
2015-08-03,274842.4433799684,26.0,789891.1260169744,55687.994181744754
2015-08-10,275663.67470703274,1257.3753852024674,792171.3163283393,56415.05872404575
2015-08-17,276484.49034715444,2511.825607486069,794439.4762800783,57124.609325148165
2015-08-24,277304.8784980923,3788.289476364851,796695.5684689656,57816.609968312085
2015-08-31,278124.8273828998,5085.608702622354,798939.5573006868,58491.05947162211
2015-09-07,278944.3252506256,6402.530517563224,801171.4089763835,59147.989794544876
2015-09-14,279763.3603769839,7737.711167886853,803391.0914979354,59787.46425065398
2015-09-21,280581.9210650772,9089.720112845302,805598.5746861026,60409.57568496466
2015-09-28,281399.99564609677,10457.045403569937,807793.8300901651,61014.44462723285
2015-10-05,282217.57247998565,11838.099435962737,809976.8310039043,61602.21744436771
2015-10-12,283034.6399561912,13231.225764334202,812147.5524529666,62173.06445271522
2015-10-19,283851.18649430573,14634.70655760169,814305.971179314,62727.178096570075
2015-10-26,284667.20054480433,16046.7706759125,816452.0656251907,63264.77111364156
2015-11-02,285482.6705897078,17465.602317005396,818585.8159165233,63786.07471972704
2015-11-09,286297.5851433128,18889.35022841394,820707.2038679942,64291.33690086007
2015-11-16,287111.9327528551,20316.137266293168,822816.2130009606,64780.82065586746
2015-11-23,287925.70199581236,21744.070227466524,824912.8284418434,65254.80238313228
2015-11-30,288738.8814619854,23171.249863371253,826997.0369393155,65713.57028056681
2015-12-07,289551.4597899765,24595.780980214477,829068.8268492296,66157.42278898507
2015-12-14,290363.4256570712,26015.78249961883,831128.1881165802,66586.66721659154
2015-12-21,291174.7677759975,27429.397331282496,833175.1122571155,67001.61828138679
2016-01-04,291985.4748955667,28834.80200418085,835209.592338413,67402.59676223993
2016-01-11,292795.53580132127,30230.215944468975,837231.6229844317,67789.92836562544
2016-01-18,293604.9393161088,31613.91013405472,839241.2003916651,68163.9424752146
2016-01-25,294413.6743007824,32984.21542972326,841238.3222223148,68524.97106102854
2016-02-01,295221.72965475917,34339.530125670135,843222.9876213819,68873.34772719443
2016-02-08,296029.0943166837,35678.32678306848,845195.1971997842,69209.40668616444
2016-02-15,296835.75726503134,36999.15838847309,847154.9530146718,69533.48190326989
2016-02-22,297641.70751874894,38300.66362719238,849102.2585494146,69845.90633246303
2016-02-29,298446.93413782865,39581.57137031853,851037.1186932474,70147.01111278683
2016-03-07,299251.42622397095,40840.704317346215,852959.5397585109,70437.12492126226
2016-03-14,300055.1729211584,42076.98176368326,854869.529503569,70716.57337933779
2016-03-21,300858.1634163037,43289.42157267034,856767.0969729945,70985.67845275253
2016-03-28,301660.3869398162,44477.141224868596,858652.2525395975,71244.75798184425
2016-04-04,302461.83275435865,45639.35822569579,860525.0078871697,71494.12524402887
2016-04-11,303262.4901583046,46775.389689937234,862385.3759891987,71734.088533625
2016-04-18,304062.3485087007,47884.651214160025,864233.3710872829,71964.95083708316
2016-04-25,304861.3972077593,48966.65509864688,866069.0086692497,72187.00953296572
2016-05-02,305659.62570332736,50021.00802477449,867892.3054470047,72400.55612123758
2016-05-09,306457.02348941565,51047.408149540424,869703.279334046,72605.8760163486
2016-05-16,307253.5801067278,52045.64178688824,871501.9494226947,72803.24836435914
2016-05-23,308049.28514321893,53015.579648427665,873288.3361240774,72992.94589336216
2016-05-30,308844.1282346174,53957.1727841869,875062.4611223936,73175.23479947448
2016-06-06,309638.0990649611,54870.44822731614,876824.3470752686,73350.37466081232
2016-06-13,310431.18736708164,55755.50444816053,878574.0177547261,73518.6183809638
2016-06-20,311223.3829232007,56612.50664777309,880311.498026602,73680.21214836091
2016-06-27,312014.6755653769,57441.68195577711,882036.8138291314,73835.39542736858
2016-07-04,312805.0551760569,58243.314597688615,883749.992151238,73984.40097028017
2016-07-11,313594.51168859005,59017.74103425443,885451.0610107556,74127.45483391732
2016-07-18,314383.0350877121,59765.34518316388,887140.0494323969,74264.77642951906
2016-07-25,315170.61541008204,60486.55368253589,888816.9874255955,74396.57858270407
2016-08-01,315957.2427433431,61181.8313017413,890481.905963555,74523.06759426743
2016-08-08,316742.9072109163,61851.67647323012,892134.8371138796,74644.44333214313
2016-08-15,317527.5989976749,62496.61700423807,893775.813900426,74760.89932382107
2016-08-22,318311.3083462417,63117.20595730096,895404.8701963499,74872.62284953892
2016-08-29,319094.02555289865,63714.017742320895,897022.040778786,74979.79506272078
2016-09-05,319875.74096798897,64287.64441844821,898627.3613094762,75082.59110289067
2016-09-12,320656.4449963644,64838.69220805913,900220.8683154136,75181.1802117154
2016-09-19,321436.12809782475,65367.77824535221,901802.5991694853,75275.72587388754
2016-09-26,322214.7807875201,65875.52754051983,903372.592071116,75366.38593609631
2016-10-03,322992.393636398,66362.57017803937,904930.8860242292,75453.31273318082
2016-10-10,323768.9572715983,66829.53872980177,906477.5207964256,75536.6532316953
2016-10-17,324544.4623768851,67277.06589705497,908012.5369305685,75616.54919662327
2016-10-24,325318.89969302714,67705.78235650808,909535.9757191017,75693.1372892335
2016-10-31,326092.2600182146,68116.31481725723,911047.8791803569,75766.54921285063
2016-11-07,326864.53420847654,68509.28427089751,912548.2900388092,75836.91187211126
2016-11-14,327635.7131780237,68885.30443431437,914037.2517053708,75904.34750647843
2016-11-21,328405.78789968044,69244.98036902398,915514.8082576618,75968.97381176054
2016-11-28,329174.74940526485,69588.90726861358,916981.0044202656,76030.9040831998
2016-12-05,329942.5887803212,69917.66940648854,918435.885586232,
2016-12-12,330709.2971612215,70231.8392316401,919879.4978504777,
2016-12-19,331474.86575385183,70531.97660025209,921311.8878458738,
2016-12-26,332239.28582440317,70818.62812583894,922733.1027881056,
2017-01-02,333002.5486993566,71092.32668121159,924143.190461792,76090.24737419188
2017-01-09,333764.6457657367,71353.5909672007,925542.1992031187,76147.10860550404
2017-01-16,334525.56847147644,71602.92519752681,926930.1778824255,76201.58869756013
2017-01-23,335285.30832570046,71840.81888651848,928307.1758870259,76253.78471010178
2017-01-30,336043.8568990305,72067.74668812752,929673.2431041449,76303.78997683525
2017-02-06,336801.20582392067,72284.16833709925,931028.4299205169,76351.69421263039
2017-02-13,337557.3467948809,72490.52864257991,932372.7871947363,76397.58364059031
2017-02-20,338312.2715688497,72687.25753530115,933706.3662287593,76441.54112433642
2017-02-27,339065.97196540236,72874.77018111944,935029.2187606841,76483.64627554268
2017-03-06,339818.4398670718,73053.46712719649,936341.3969485909,76523.97556486726
2017-03-13,340569.667219609,73223.73449353129,937642.9533545226,76562.60243719071
2017-03-20,341319.64603224397,73385.94419935346,938933.9409285933,76599.59742857516
2017-03-27,342068.3683779612,73540.45421665907,940214.4129932225,76635.02825966477
2017-04-03,342815.82639345527,73687.60885226727,941484.4232307822,76668.95994044095
2017-04-10,343562.01227173954,73827.7390493378,942744.0256989673,76701.45487557352
2017-04-17,344306.91827254,73961.16270619631,943993.2747732922,76732.57295948267
2017-04-24,345050.53672311455,74088.18500728905,945232.2251387686,76762.37166594714
2017-05-01,345792.86001534015,74209.09876944125,946460.9317819029,76790.90614076704
2017-05-08,346533.88060587645,74324.1847929433,947679.4499763548,76818.22929488868
2017-05-15,347273.5910164118,74433.71221900731,948887.8352688178,76844.39188422263
2017-05-22,348011.983833842,74537.93889309466,950086.1434650496,76869.44259236753
2017-05-29,348749.05171043426,74637.11172471195,951274.4306160584,76893.42811243236
2017-06-05,349484.78736405075,74731.46705345064,952452.7530109435,76916.39322532713
2017-06-12,350219.1835782677,74821.2310121581,953621.1671741605,76938.3808709681
2017-06-19,350952.2332026139,74906.61987828463,954779.7298263237,76959.43222110718
2017-06-26,351683.9291526601,74987.8404334262,955928.4978820458,76979.58675081283
2017-07-03,352414.26441024244,75065.0903140828,957067.5284382403,76998.88230383396
2017-07-10,353143.2320235595,75138.55834940821,958196.8787616119,77017.35515679419
2017-07-17,353870.82510735095,75208.42490220815,959316.6062765047,77035.0400820002
2017-07-24,354597.03684301674,75274.86219966412,960426.7685527653,77051.97040855885
2017-07-31,355321.86047876626,75338.03464931995,961527.4232939109,77068.17807865888
2017-08-07,356045.28932867944,75398.09915706515,962618.6283319518,77083.69370360672
2017-08-14,356767.31677082926,75455.20543328673,963700.4416124672,77098.54661798477
2017-08-21,357487.936253041,75509.49628482014,964772.9211774692,77112.76493106037
2017-08-28,358207.14129050076,75561.10790625215,965836.1251585186,77126.3755761981
2017-09-04,358924.92546563596,75610.17015933245,966890.1117658764,77139.40435877442
2017-09-11,359641.28242815286,75656.80683866888,967934.939277947,77151.87600222975
2017-09-18,360356.2058951482,75701.13593567908,968970.6660308838,77163.81419233978
2017-09-25,361069.68965117633,75743.26989077777,969997.3504083604,77175.24161947519
2017-10-02,361781.7275483161,75783.31583337486,971015.0508317277,77186.18001946062
2017-10-09,362492.31350622326,75821.37581844628,972023.8257520273,77196.6502128169
2017-10-16,363201.44151219726,75857.54705218226,973023.7336379886,77206.67214273661
2017-10-23,363909.1056212187,75891.92210639268,974014.8329668269,77216.26491123438
2017-10-30,364615.29995600134,75924.58912919462,974997.1822155192,77225.44681382179
2017-11-06,365320.0187070146,75955.63204547763,975970.8398517221,77234.23537297547
2017-11-13,366023.25613253564,75985.13074760139,976935.8643249944,77242.64737131447
2017-11-20,366725.0065586567,76013.16128154099,977892.3140581548,77250.6988806203
2017-11-27,367425.2643792853,76039.79602402449,978840.247438848,77258.40529091656
2017-12-04,368124.0240561962,76065.10385101289,979779.7228099033,77265.7813385725
2017-12-11,368821.28011991084,76089.15030104667,980710.7984583974,77272.84113994986
2017-12-18,369517.02716879547,76111.99773102999,981633.5326141343,77279.59821095318
2017-12-25,370211.2598685622,76133.70546549559,982547.9834394455,77286.06549077481
2018-01-01,370903.97295276076,76154.32993922383,983454.2090213373,77292.25536619872
2018-01-08,371595.16122282296,76173.92483248562,984352.2673641667,77298.17970431596
2018-01-15,372284.819547981,76192.54120239615,985242.216382429,77303.84986750036
2018-01-22,372972.94286525995,76210.22760743648,986124.113893792,77309.27673102915
2018-01-29,373659.5261794701,76227.03022647649,986998.017612271,77314.47070486099
2018-02-05,374344.5645630881,76242.99297233671,987863.9851353616,77319.44176044315
2018-02-12,375028.0531562939,76258.15760031343,988722.0739400089,77324.19944598526
2018-02-19,375709.98716685176,76272.56381191313,989572.3413832411,77328.75289925933
2018-02-26,376390.36187006533,76286.24935354292,990414.8446915969,77333.11086642742
2018-03-05,377069.1726087257,76299.2501109466,991249.640955016,77337.28172329813
2018-03-12,377746.4147930145,76311.6001991257,992076.7871210277,77341.273490794
2018-03-19,378422.0839004442,76323.33204825222,992896.3399890438,77345.09384389222
2018-03-26,379096.17547573894,76334.47648531199,993708.3562048599,77348.75012786686
2018-04-02,379768.685130775,76345.06281201541,994512.8922545388,77352.24937593192
2018-04-09,380439.60854546726,76355.11887920648,995310.0044477582,77355.59832511842
2018-04-16,381108.94147162884,76364.67115738988,996099.7489269748,77358.80342086405
2018-04-23,381776.67972446233,76373.74480462074,996882.1816617772,77361.87083180249
2018-04-30,382442.81918536127,76382.36373091489,997657.3584411144,77364.80646319687
2018-05-07,383107.3558025211,76390.55065885186,998425.3348686174,77367.61597137898
2018-05-14,383770.28559081256,76398.32718098164,999186.1663580909,77370.30476788431
2018-05-21,384431.6046316698,76405.71381727606,999939.9081291705,77372.87803137302
2018-05-28,385091.309072949,76412.73006777465,1000686.6152031347,77375.34071867913
2018-06-04,385749.3951288089,76419.39446097612,1001426.34239503,77377.69757845253
2018-06-11,386405.8590795472,76425.72460198402,1002159.1442999244,77379.95315357298
2018-06-18,387060.6972714886,76431.73721998185,1002885.0753092319,77382.11179120094
2018-06-25,387713.90611679107,76437.44821103662,1003604.1895995662,77384.17765177041
2018-07-02,388365.4820933044,76442.87267705053,1004316.5411281586,77386.1547209248
2018-07-09,389015.4217444211,76448.02496664226,1005022.1836293414,77388.04681180418
2018-07-16,389663.7216788754,76452.91871327907,1005721.1706112623,77389.85757310688
2018-07-23,390310.37857058644,76457.56687033921,1006413.5553526878,77391.59049645811
2018-07-30,390955.38915847987,76461.98174261302,1007099.3909000158,77393.24892659485
2018-08-06,391598.75024626404,76466.1750208661,1007778.7300545201,77394.83606375754
2018-08-13,392240.45870792866,76470.15781237185,1008451.6253716573,77396.35496996343
2018-08-20,392880.51148448884,76473.94066936523,1009118.1291720122,77397.80857513845
2018-08-27,393518.90557605773,76477.53361489624,1009778.2935305685,77399.1996858716
2018-09-03,394155.63804707676,76480.9461716786,1010432.1702741235,77400.53098781407
2018-09-10,394790.7060261592,76484.18738655746,1011079.8109788969,77401.80505045503
2018-09-17,395424.1067058742,76487.265853405,1011721.2669681609,77403.02433232963
2018-09-24,396055.8373425305,76490.18973504752,1012356.5893101469,77404.1911881566
2018-10-01,396685.8952559829,76492.96678648144,1012985.828814812,77405.30787153542
2018-10-08,397314.27782939374,76495.60437490791,1013609.0360117629,77406.37653843313
2018-10-15,397940.98250903934,76498.10949782282,1014226.2611746266,77407.39925163984
2018-10-22,398566.00680404156,76500.48880194128,1014837.5543186069,77408.37798666954
2018-10-29,399189.3482861817,76502.74860158563,1015442.9651926905,77409.31463439763
2018-11-05,399811.00458961725,76504.8948950693,1016042.5432780683,77410.21100373566
2018-11-12,400430.97341067344,76506.93337914348,1016636.3377866969,77411.06882537901
2018-11-19,401049.2525075674,76508.8694652021,1017224.3976600021,77411.88975637406
2018-11-26,401665.8397001624,76510.70829384029,1017806.7715676799,77412.67538321763
2018-12-03,402280.73286972195,76512.45474820584,1018383.5079066455,77413.4272235483
2018-12-10,402893.9299598336,76514.11346557736,1018954.6548001096,77414.14672966301
2018-12-17,403505.4289858714,76515.68885102868,1019520.2600945085,77414.8352913335
2018-12-24,404115.22801785916,76517.18508905172,1020080.3713115752,77415.49423895776
2018-12-31,404723.32518413663,76518.60615436733,1020635.0357062966,77416.12484576553
2019-01-07,405329.7186735049,76519.95582151413,1021184.3002678528,77416.72833052278
2019-01-14,405934.40673501045,76521.23767605424,1021728.2117033601,77417.30586011708
2019-01-21,406537.3876776248,76522.45512391627,1022266.8164371923,77417.85855078697
2019-01-28,407138.6598700136,76523.61140015721,1022800.1606103629,77418.38746966422
2019-02-04,407738.22174022347,76524.70957678556,1023328.2900800854,77418.89363893867
2019-02-11,408336.0717754364,76525.75257208198,1023851.2504194006,77419.37803712487
2019-02-18,408932.2085216716,76526.74315805733,1024369.0869168788,77419.84160096943
2019-02-25,409526.63058347255,76527.68396746367,1024881.8445765078,77420.28522594273
2019-03-04,410119.3366236463,76528.57750046253,1025389.5681160092,77420.70976921916
2019-03-11,410710.3253629282,76529.42613203824,1025892.3019259423,77421.11605143547
2019-03-18,411299.59557970613,76530.23211812973,1026390.0901182517,77421.50485806912
2019-03-25,411887.1461097151,76530.99760118127,1026882.9765307382,77421.87694080174
2019-04-01,412472.97584569454,76531.724615857,1027371.0047125071,77422.23301858455
2019-04-08,413057.0837370753,76532.41509489715,1027854.2179239616,77422.57377974689
2019-04-15,413639.4687958285,76533.07087416202,1028332.6591369212,77422.89988310635
2019-04-22,414220.13009721786,76533.69369702041,1028806.3710348159,77423.21195921302
2019-04-29,414799.0667635426,76534.2852192223,1029275.3960129619,77423.5106113106
2019-05-06,415376.2779728249,76534.84701355547,1029739.776178956,77423.79641669244
2019-05-13,415951.7629586533,76535.3805739209,1030199.553353101,77424.06992787868
2019-05-20,416525.5210099146,76535.88731890172,1030654.7690678164,77424.33167365938
2019-05-27,417097.5514704585,76536.36859586835,1031105.4645298868,77424.58216004819
2019-06-03,417667.8537387699,76536.82568462938,1031551.6806642339,77424.82187130302
2019-06-10,418236.42726767063,76537.25980079919,1031993.458121717,77425.05127088726
2019-06-17,418803.27156395465,76537.67209865898,1032430.8372648656,77425.27080234885
2019-06-24,419368.3861880973,76538.06367457658,1032863.858168453,77425.4808902666
2019-07-01,419931.7707538828,76538.435569942,1033292.5606201068,77425.68194074929
2019-07-08,420493.4249280989,76538.78877388686,1033716.9841209948,77425.87434251606
2019-07-15,421053.3484301716,76539.12422561646,1034137.1678866073,77426.05846756697
2019-07-22,421611.54103183,76539.44281724095,1034553.1508475542,77426.23467195779
2019-07-29,422168.0025567487,76539.74539611489,1034964.9716504887,77426.40329641849
2019-08-05,422722.73288019747,76540.03276704997,1035372.6686583236,77426.56466688961
2019-08-12,423275.73192936927,76540.30569423735,1035776.2799182683,77426.71909539402
2019-08-19,423826.99969498813,76540.5649035722,1036175.8431979567,77426.86688055843
2019-08-26,424376.5362136066,76540.8110845238,1036571.3959953561,77427.00830823928
2019-09-02,424924.34156820923,76541.04489193112,1036962.975526005,77427.14365201443
2019-09-09,425470.4158921465,76541.26694756746,1037350.6187238991,77427.27317345142
2019-09-16,426014.7593687326,76541.47784206271,1037734.3622425273,77427.39712300897
2019-09-23,426557.37223095447,76541.67813642323,1038114.2424558848,77427.51574036479
2019-09-30,427098.2547610551,76541.86836341769,1038490.2954596281,77427.62925491482
2019-10-07,427637.40729026496,76542.04902897775,1038862.5570721924,77427.73788616061
2019-10-14,428174.8301983848,76542.22061365098,1039231.0628360212,77427.84184425324
2019-10-21,428710.523913458,76542.38357391208,1039595.8480183557,77427.94133023173
2019-10-28,429244.48891139776,76542.53834320605,1039956.9475846142,77428.03653642535
2019-11-04,429776.72571565956,76542.6853331849,1040314.3962275758,77428.12764681876
2019-11-11,430307.2348968163,76542.82493486255,1040668.2283788994,77428.21483743936
2019-11-18,430836.0170722604,76542.9575196132,1041018.4781976491,77428.29827715456
2019-11-25,431363.07290577143,76543.08344011754,1041365.1795715019,77428.37812738866
2019-12-02,431888.4031071961,76543.2030313015,1041708.3661179915,77428.45454252511
2019-12-09,432412.0084320307,76543.31661130488,1042048.0711858347,77428.52767022699
2019-12-16,432933.8896855861,76543.42448230088,1042384.3278562352,77428.59765177965
2019-12-23,433454.0477281213,76543.52693119645,1042717.1689442769,77428.6646227315
2019-12-30,433972.48345512897,76543.62423051149,1043046.6270003766,77428.72871266305
2020-01-06,434489.1978060603,76543.71663910896,1043372.7343114018,77428.7900454998
2020-01-13,435004.19176469743,76543.80440280586,1043695.5228794143,77428.84873975068
2020-01-20,435517.46635876596,76543.8877550289,1044015.0244443119,77428.90490879118
2020-01-27,436029.02265957743,76543.96691747755,1044331.270495981,77428.95866142958
2020-02-03,436538.86178168654,76544.04210077226,1044644.2922644317,77429.01010169089
2020-02-10,437046.98488248885,76544.11350502074,1044954.1207211316,77429.059329018
2020-02-17,437553.393161878,76544.18132025748,1045260.7865804955,77429.10643853247
2020-02-24,438058.08786189556,76544.24572675675,1045564.320301272,77429.1515212357
2020-03-02,438561.0702663213,76544.30689585209,1045864.7520880923,77429.19466444105
2020-03-09,439062.3417003229,76544.36499027163,1046162.1118929461,77429.23595166206
2020-03-16,439561.90353007615,76544.42016457021,1046456.4294167161,77429.27546270937
2020-03-23,440059.7571623996,76544.47256554663,1046747.7341106534,77429.31327395886
2020-03-30,440555.9040443525,76544.5223326683,1047036.0551596358,77429.34945844859
2020-04-06,441050.34566289186,76544.56959828734,1047321.4214993641,77429.38408629596
2020-04-13,441543.0835446641,76544.61448806524,1047603.8618286252,
2020-04-20,442034.11926829815,76544.65712122619,1047883.4046008661,77429.4172245264
2020-04-27,442523.45444884896,,1048160.0780257061,77429.44893722236
2020-05-04,443011.0907336101,76544.6976113841,1048433.9100704342,77429.4792856276
2020-05-11,443497.0298082903,76544.7360663563,1048704.9284615591,77429.5083283186
2020-05-18,443981.27339663357,76544.77258840948,1048973.1606863886,77429.53612136096
2020-05-25,444463.82326007634,,1049238.6339945644,77429.5627187416
2020-06-01,444944.6811973527,76544.80727460235,1049501.3753997236,77429.58817192912
2020-06-08,445423.84904414415,76544.84021710604,1049761.4116810188,77429.61253013462
2020-06-15,445901.3286726847,76544.8715037778,1050018.7693704814,77429.6358404234
2020-06-22,446377.1219914034,76544.90121788532,1050273.4747656435,77429.65814778209
2020-06-29,446851.2309445441,76544.92943842709,1050525.5539413095,
2020-07-06,447323.6575117931,76544.95624035597,1050775.032742627,
2020-07-13,447794.4037079066,76544.98169496655,1051021.9367866218,77429.67949538678
2020-07-20,448263.47158231586,76545.00587015599,1051266.2914637327,77429.69992465526
2020-07-27,448730.8632187471,76545.02883020788,1051508.121939443,77429.7194750905
2020-08-03,449196.5807348713,76545.05063616484,1051747.4531558082,77429.73818448186
2020-08-10,449660.62628187984,76545.07134591788,1051984.3098330647,77429.75608896464
2020-08-17,450123.0020441264,76545.091014646,1052218.7164712697,77429.77322307229
2020-08-24,450583.7102387324,,1052450.697351873,
2020-08-31,451042.75311519206,,1052680.2765284926,77429.78962005675
2020-09-07,451500.1329720691,76545.10969475657,1052907.4778358936,77429.80531167239
2020-09-14,451955.8521435186,,1053132.3249009177,77429.82032825798
2020-09-21,452409.9129813686,76545.12743593007,1053354.8411369026,77429.83469882607
2020-09-28,452862.31786902994,,1053575.0497452393,
2020-10-05,453313.06922110915,,1053792.9737169296,
2020-10-12,453762.1694831103,,1054008.635834135,
2020-10-19,454209.62113101035,76545.14428531379,1054222.058671765,
2020-10-26,454655.426670976,76545.16028767079,1054433.2645990178,
2020-11-02,455099.58863895386,76545.17548567057,1054642.2757809982,77429.84845111519
2020-11-09,455542.10960035026,,1054849.1141802892,
2020-11-16,455982.99214965105,76545.18991977721,1055053.8015505075,77429.86161167175
2020-11-23,456422.23891008645,76545.20362835377,1055256.359442465,77429.87420605868
2020-11-30,456859.85253325105,,1055456.809213996,77429.88625864685
2020-12-07,457295.8356987834,76545.21664782614,1055655.1720256582,
2020-12-14,457730.1911139563,76545.22901280224,1055851.4688422605,77429.8977927342
2020-12-21,458162.9215133786,76545.24075627327,1056045.7204343304,77429.90883062035
2020-12-28,458594.02965857834,76545.25190947205,1056237.9473796785,
2021-01-04,459023.5183376968,76545.26250205189,1056428.1700648963,77429.91939360648
2021-01-11,459451.39036509395,76545.27256219834,1056616.408686921,
2021-01-18,459877.6485809982,,1056802.6832544953,
2021-01-25,460302.29585811496,,1056987.0135897696,
2021-02-01,460725.33510132134,,1057169.419324018,
2021-02-08,461146.7692315206,,1057349.9199017584,
2021-02-15,461566.6011945158,76545.28211653978,1057528.5345893502,77429.92950212955
2021-02-22,461984.8339608535,76545.29119067639,1057705.2824717462,77429.93917579949
2021-03-01,462401.4705254659,76545.29980871826,1057880.1824539974,77429.9484333247
2021-03-08,462816.5139073655,,1058053.2532626912,77429.95729259402
2021-03-15,463229.96714934707,,1058224.513447404,
2021-03-22,463641.8333176449,76545.30799356848,1058393.9813821837,77429.96577072889
2021-03-29,464052.115501605,76545.31576696038,1058561.6752669737,77429.97388413548
2021-04-05,464460.8168134019,,1058727.6131291017,77429.98164837062
2021-04-12,464867.9403877109,,1058891.8128247112,
2021-04-19,465273.4893813804,,1059054.292036198,77429.98907862604
2021-04-26,465677.46697311103,76545.32314966619,1059215.0682749748,77429.99618925899
2021-05-03,466079.8763631731,,1059374.1588885859,77430.00299398601
2021-05-10,466480.7207730636,76545.33016135544,1059531.5810585693,77430.00950595737
2021-05-17,466880.0034451932,,1059687.3518018275,
2021-05-24,467277.72764220834,,1059841.4879720062,77430.01573773474
2021-05-31,467673.89664717764,,1059994.0062608644,
2021-06-07,468068.5137632862,76545.33682063222,1060144.9231996834,77430.02170146257
2021-06-14,468461.5823133737,76545.34314516932,1060294.2551606223,77430.02740868926
2021-06-21,468853.1056396365,,1060442.018358104,77430.03287042677
2021-06-28,469243.08710330725,76545.34915169328,1060588.228850156,77430.03809721768
2021-07-05,469631.5300843641,,1060732.9025371298,77430.04309912026
2021-07-12,470018.43798119575,76545.35485616326,1060876.0551634803,
2021-07-19,470403.8142103404,76545.36027382314,1061017.7023236305,77430.04788573831
2021-07-26,470787.66220611334,76545.3654191047,1061157.8594605848,77430.05246631801
2021-08-02,471169.9854203686,,1061296.5418672562,77430.05684978515
2021-08-09,471550.7873221338,76545.37030570209,1061433.764687769,77430.06104461849
2021-08-16,471930.0713973567,,1061569.5429187492,77430.06505894661
2021-08-23,472307.84114856273,76545.374946706,1061703.891410619,
2021-08-30,472684.1000945717,76545.37935454398,1061836.8248688728,77430.06890054047
2021-09-06,473058.8517701924,,1061968.3578553796,
2021-09-13,473432.099728398,76545.38354076445,1062098.5047896653,
2021-09-20,473803.8475435376,76545.38751647621,1062227.2799484357,
2021-09-27,474174.09879978,,1062354.6974669173,77430.07257689536
2021-10-04,474542.8570960164,76545.39129228145,1062480.7713433504,77430.07609517872
2021-10-11,474910.12604596466,76545.39487831295,1062605.515438363,
2021-10-18,475275.9092779234,,1062728.9434761852,77430.079462111
2021-10-25,475640.2104344964,76545.39828424156,1062851.0690458864,
2021-11-01,476003.03317230195,76545.40151911974,1062971.905602537,77430.08268412203
2021-11-08,476364.38116171956,76545.4045913443,1063091.4664684385,
2021-11-15,476724.25808662176,76545.40750908107,1063209.764834337,77430.0857674554
2021-11-22,477082.66764407605,76545.41028012335,1063326.8137605786,
2021-11-29,477439.61354412884,76545.41291189939,1063442.6261783093,77430.08871810138
2021-12-06,477795.09950947016,76545.41541150957,1063557.2148896381,77430.09154182673
2021-12-13,478149.12927524,76545.41778545082,1063670.592568703,77430.09424415976
2021-12-20,478501.70658872277,76545.4200399965,1063782.7717649415,
2021-12-27,478852.83520908654,,1063893.764903076,
2022-01-03,479202.51890714467,,1064003.5842842385,77430.09683042765
2022-01-10,479550.76146618277,76545.42218115926,1064112.242087081,77430.09930543602
2022-01-17,479897.5666805282,,1064219.7503688931,77430.10167392343
2022-01-24,480242.93835485727,,1064326.1210667416,
2022-01-31,480586.8803044632,76545.42421467602,1064431.3659985438,
2022-02-07,480929.3963550776,,1064535.4968641698,77430.103940472
2022-02-14,481270.49034260213,,1064638.5252465382,77430.10610947758
2022-02-21,481610.1661128253,,1064740.4626122043,
2022-02-28,481948.42752122134,,1064841.3203122616,77430.10818518698
2022-03-07,482285.2784326896,,1064941.109584637,77430.11017165333
2022-03-14,482620.722721301,,1065039.8415544927,77430.11207273602
2022-03-21,482954.7642700821,76545.42614604533,1065137.527235277,77430.11389199644
2022-03-28,483287.40697073936,76545.42798040807,1065234.17752973,77430.11563292891
2022-04-04,483618.65472345054,76545.42972251773,1065329.8032309562,77430.11729891598
2022-04-11,483948.51143661886,,1065424.415023394,77430.11889320612
2022-04-18,484276.9810266271,,1065518.0234838799,77430.12041892111
2022-04-25,484604.0674176067,76545.43137701601,1065610.639082618,
2022-05-02,484929.7745415941,,1065702.2721842006,77430.1218790859
2022-05-09,485254.10633986443,76545.4329483211,1065792.9330484197,77430.12327646464
2022-05-16,485577.0667594448,,1065882.6318312138,
2022-05-23,485898.65975399315,76545.4344406575,1065971.3785860166,77430.1246136874
2022-05-30,486218.8892838806,76545.43585805595,1066059.1832645386,77430.12589334697
2022-06-06,486537.75931595266,,1066146.0557177141,77430.12711792439
2022-06-13,486855.27382332087,76545.4372041747,1066232.0056966692,77430.12828981876
2022-06-20,487171.43678513914,76545.43848253042,1066317.0428536087,77430.12941131741
2022-06-27,487486.2521863803,76545.43969654292,1066401.176742822,
2022-07-04,487799.7240176499,76545.44084948301,1066484.4168215618,
2022-07-11,488111.856274955,,1066566.772450976,77430.1304846406
2022-07-18,488422.65295948833,76545.44194447994,1066648.2528970242,
2022-07-25,488732.1180774346,76545.44298454374,1066728.8673314452,77430.13151175529
2022-08-01,489040.25563976914,76545.44397251308,1066808.6248327047,77430.13249462843
2022-08-08,489347.0696620196,,1066887.534386672,77430.13343515247
2022-08-15,489652.5641641021,,1066965.6048876122,77430.1343351677
2022-08-22,489956.74317009,,1067042.845139064,77430.13519644737
2022-08-29,490259.6107086092,,1067119.26385469,77430.13602068275
2022-09-05,490561.17081237584,,1067194.8696591705,77430.13680954278
2022-09-12,490861.427517131,76545.44491083175,1067269.6710890234,77430.13756460696
2022-09-19,491160.3848620355,76545.44580195099,1067343.6765934601,77430.13828719407
2022-09-26,491458.0468894839,,1067416.8945352212,77430.13897866756
2022-10-03,491754.4176449105,76545.44664823264,1067489.3331914097,77430.13964037597
2022-10-10,492049.5011765808,76545.44745195657,1067561.0007545128,77430.14027358592
2022-10-17,492343.301535435,,1067631.9053334221,
2022-10-24,492635.822774902,,1067702.0549535379,77430.14087954909
2022-10-31,492927.06895070523,,1067771.4575578794,77430.14145944268
2022-11-07,493217.0441206619,,1067840.121007949,77430.14201443642
2022-11-14,493505.7523445636,76545.44821529835,1067908.0530844554,
2022-11-21,493793.19768392295,76545.4489403367,1067975.261488147,77430.14254561812
2022-11-28,494079.3842018619,,1068041.7538405731,77430.14305394143
2022-12-05,494364.31596289575,76545.44962900877,1068107.537684828,
2022-12-12,494647.9970327765,,1068172.6204863414,77430.14354036748
2022-12-19,494930.43143553287,76545.45028303564,1068237.0096336082,77430.1440058425
2022-12-26,495211.62333809584,76545.45090414584,1068300.7124392241,77430.14445126057
2023-01-02,495491.5767487511,,1068363.7361409664,77430.14487749338
2023-01-09,495770.29573743045,76545.45149398595,1068426.0879014507,77430.14528539032
2023-01-16,496047.7843742743,,1068487.774809353,
2023-01-23,496324.04672951996,,1068548.8038801774,77430.14567576349
2023-01-30,496599.0868733451,,1068609.1820569262,
2023-02-06,496872.90887575597,,1068668.916210845,
2023-02-13,497145.51680640876,,1068728.013142109,
2023-02-20,497416.9147345051,76545.4520541504,1068786.4795805365,
2023-02-27,497687.1067286357,,1068844.322186239,77430.1460493803
2023-03-06,497956.0968566239,76545.45258615166,1068901.5475503355,
2023-03-13,498223.8891854435,,1068958.1621959284,
2023-03-20,498490.4877810031,,1069014.1725792289,77430.14640691876
2023-03-27,498755.89670807123,,1069069.5850889385,77430.14674904197
2023-04-03,499020.1200301051,,1069124.4060474262,
2023-04-10,499283.1618091166,,1069178.641711466,
2023-04-17,499545.026105389,76545.45309146494,1069232.2982728928,77430.14707642049
2023-04-24,499805.716977261,,1069285.3818591833,
2023-05-01,500065.238481462,,1069337.8985341638,77430.14738969505
2023-05-08,500323.5946727395,,1069389.8542985916,77430.14768948406
2023-05-15,500580.7896036804,76545.45357140899,1069441.2550907806,77430.14797638357
2023-05-22,500836.8273245692,,1069492.1067872196,
2023-05-29,501091.7118832916,,1069542.4152035192,
2023-06-05,501345.44732514024,,1069592.186095558,77430.14825096726
2023-06-12,501598.0376927033,,1069641.4251586124,77430.1485137865
2023-06-19,501849.48702573776,,1069690.1380285695,77430.14876529574
2023-06-26,502099.799360998,,1069738.3302825764,77430.14900597185
2023-07-03,502348.9787321165,76545.45402718335,1069786.0074396431,77430.1492362842
2023-07-10,502597.02916945517,,1069833.174961172,
2023-07-17,502843.9546999857,,1069879.8382515684,
2023-07-24,503089.759347111,,1069926.0026588067,
2023-07-31,503334.4471305609,76545.45446000993,1069971.6734749526,77430.14945667982
2023-08-07,503578.02206625044,76545.45487104356,1070016.8559367657,
2023-08-14,503820.4881661162,76545.45526140928,1070061.5552265197,
2023-08-21,504061.8494379893,76545.45563217252,1070105.7764732167,77430.1496675834
2023-08-28,504302.10988707095,76545.45598436147,1070149.5247515365,77430.14986941963
2023-09-04,504541.27351812273,76545.45631887019,1070192.8050830364,
2023-09-11,504779.3443278298,76545.4566365555,1070235.6224367097,77430.15006258339
2023-09-18,505016.3263081014,,1070277.9817295447,77430.15024763346
2023-09-25,505252.2234462127,,1070319.8878270388,77430.15042445064
2023-10-02,505487.03972468525,76545.4569382444,1070361.3455436975,
2023-10-09,505720.7791211605,,1070402.3596435636,
2023-10-16,505953.4456082508,76545.45722476393,1070442.934840709,77430.15059369057
2023-10-23,506185.04315341264,,1070483.0757997185,77430.15075565875
2023-10-30,506415.57571882755,76545.45749686658,1070522.7871365026,77430.15091066808
2023-11-06,506645.0472612381,76545.45775531232,1070562.0734194666,77430.15105900168
2023-11-13,506873.4617318511,,1070600.9391683936,77430.15120096505
2023-11-20,507100.82307618856,76545.45800101757,1070639.388855569,77430.15133682638
2023-11-27,507327.13523394614,,1070677.4269063026,77430.15146686137
2023-12-04,507552.4021388665,,1070715.057699442,77430.15159127116
2023-12-11,507776.62771921605,76545.45823402703,1070752.2855678126,77430.15171031654
2023-12-18,507999.81590964645,76545.45845536143,1070789.1147986725,77430.15182422101
2023-12-25,508221.97063405067,76545.45866559446,1070825.5496342108,
