idx_city,elevation
COLOMBIA_ANTIOQUIA_CARACOLI,616.0
COLOMBIA_ANTIOQUIA_CAUCASIA,59.0
COLOMBIA_ANTIOQUIA_EL BAGRE,518.0
COLOMBIA_ANTIOQUIA_MUTATA,133.0
COLOMBIA_ANTIOQUIA_NECHI,31.0
COLOMBIA_ANTIOQUIA_NECOCLI,4.0
COLOMBIA_ANTIOQUIA_PUERTO BERRIO,114.0
COLOMBIA_ANTIOQUIA_PUERTO NARE (LA MAGDALENA ),131.0
COLOMBIA_ANTIOQUIA_REMEDIOS,719.0
COLOMBIA_ANTIOQUIA_SAN PEDRO DE URABA,136.0
COLOMBIA_ATLANTICO_MANATI,11.0
COLOMBIA_ATLANTICO_SANTA LUCIA,11.0
COLOMBIA_BOLIVAR_EL CARMEN DE BOLIVAR,158.0
COLOMBIA_BOLIVAR_EL GUAMO,70.0
COLOMBIA_BOLIVAR_MAGANGUE,16.0
COLOMBIA_BOLIVAR_MARIA LA BAJA,13.0
COLOMBIA_BOLIVAR_NOROSÌ,47.0
COLOMBIA_BOLIVAR_REGIDOR,36.0
COLOMBIA_BOLIVAR_RIO VIEJO,36.0
COLOMBIA_BOLIVAR_SAN JUAN NEPOMUCENO,168.0
COLOMBIA_BOLIVAR_SANTA ROSA DEL SUR,632.0
COLOMBIA_BOLIVAR_SOPLAVIENTO,6.0
COLOMBIA_BOYACA_OTANCHE,1028.0
COLOMBIA_CALDAS_LA DORADA,176.0
COLOMBIA_CALDAS_SALAMINA,1805.0
COLOMBIA_CAQUETA_CURILLO,230.0
COLOMBIA_CAQUETA_SAN VICENTE DEL CAGUAN,265.0
COLOMBIA_CAQUETA_SOLANO,151.0
COLOMBIA_CASANARE_PAZ DE ARIPORO,273.0
COLOMBIA_CASANARE_TRINIDAD,167.0
COLOMBIA_CASANARE_VILLANUEVA,288.0
COLOMBIA_CASANARE_YOPAL,336.0
COLOMBIA_CAUCA_ARGELIA,1316.0
COLOMBIA_CAUCA_BUENOS AIRES,1206.0
COLOMBIA_CAUCA_CALOTO,1099.0
COLOMBIA_CAUCA_LOPEZ (MICAY),36.0
COLOMBIA_CAUCA_PADILLA,1002.0
COLOMBIA_CAUCA_PATIA (EL BORDO),996.0
COLOMBIA_CAUCA_SANTANDER DE QUILICHAO,1064.0
COLOMBIA_CESAR_AGUACHICA,179.0
COLOMBIA_CESAR_AGUSTIN CODAZZI,134.0
COLOMBIA_CESAR_ASTREA,86.0
COLOMBIA_CESAR_BOSCONIA,74.0
COLOMBIA_CESAR_CURUMANI,56.0
COLOMBIA_CESAR_LA JAGUA DE IBIRICO,143.0
COLOMBIA_CESAR_PUEBLO BELLO,1088.0
COLOMBIA_CHOCO_ACANDI,8.0
COLOMBIA_CHOCO_BAJO BAUDO (PIZARRO),19.0
COLOMBIA_CHOCO_CONDOTO,218.0
COLOMBIA_CHOCO_RIOSUCIO,2.0
COLOMBIA_CHOCO_UNION PANAMERICANA,92.0
COLOMBIA_CORDOBA_AYAPEL,28.0
COLOMBIA_CORDOBA_LORICA,13.0
COLOMBIA_CORDOBA_LOS CORDOBAS,10.0
COLOMBIA_CORDOBA_MONTELIBANO,49.0
COLOMBIA_CORDOBA_MOÑITOS,0.0
COLOMBIA_CORDOBA_PLANETA RICA,89.0
COLOMBIA_CORDOBA_PUEBLO NUEVO,122.0
COLOMBIA_CORDOBA_PUERTO LIBERTADOR,181.0
COLOMBIA_CORDOBA_SAHAGUN,85.0
COLOMBIA_CORDOBA_SAN ANTERO,22.0
COLOMBIA_CORDOBA_TIERRALTA,51.0
COLOMBIA_CORDOBA_VALENCIA,82.0
COLOMBIA_CUNDINAMARCA_ANAPOIMA,688.0
COLOMBIA_CUNDINAMARCA_FUSAGASUGA,1582.0
COLOMBIA_CUNDINAMARCA_MEDINA,539.0
COLOMBIA_CUNDINAMARCA_PARATEBUENO,260.0
COLOMBIA_CUNDINAMARCA_VILLETA,
COLOMBIA_GUAJIRA_ALBANIA,95.0
COLOMBIA_GUAJIRA_DIBULLA,6.0
COLOMBIA_GUAJIRA_FONSECA,271.0
COLOMBIA_GUAJIRA_HATONUEVO,184.0
COLOMBIA_GUAJIRA_MAICAO,55.0
COLOMBIA_GUAJIRA_MANAURE,0.0
COLOMBIA_GUAJIRA_SAN JUAN DEL CESAR,215.0
COLOMBIA_GUAJIRA_URIBIA,21.0
COLOMBIA_GUAVIARE_CALAMAR,631.0
COLOMBIA_GUAVIARE_MIRAFLORES,221.0
COLOMBIA_HUILA_COLOMBIA,784.0
COLOMBIA_HUILA_GIGANTE,920.0
COLOMBIA_HUILA_GUADALUPE,889.0
COLOMBIA_HUILA_HOBO,606.0
COLOMBIA_HUILA_SUAZA,959.0
COLOMBIA_MAGDALENA_EL BANCO,33.0
COLOMBIA_MAGDALENA_EL RETEN,24.0
COLOMBIA_MAGDALENA_FUNDACION,41.0
COLOMBIA_MAGDALENA_NUEVA GRANADA,109.0
COLOMBIA_MAGDALENA_PIVIJAY,9.0
COLOMBIA_MAGDALENA_PLATO,24.0
COLOMBIA_MAGDALENA_SANTA ANA,32.0
COLOMBIA_MAGDALENA_SITIO NUEVO,28.0
COLOMBIA_META_CUBARRAL,
COLOMBIA_META_EL CASTILLO,350.0
COLOMBIA_META_GRANADA,338.0
COLOMBIA_META_LA URIBE,698.0
COLOMBIA_META_LEJANIAS,685.0
COLOMBIA_META_MAPIRIPAN,177.0
COLOMBIA_META_MESETAS,
COLOMBIA_META_PUERTO GAITAN,154.0
COLOMBIA_META_PUERTO LLERAS,238.0
COLOMBIA_META_PUERTO RICO,218.0
COLOMBIA_META_SAN CARLOS DE GUAROA,242.0
COLOMBIA_META_SAN MARTIN,419.0
COLOMBIA_NARIÑO_BARBACOAS,67.0
COLOMBIA_NARIÑO_CUMBITARA,1689.0
COLOMBIA_NORTE SANTANDER_ABREGO,1392.0
COLOMBIA_NORTE SANTANDER_CUCUTA,890.0
COLOMBIA_NORTE SANTANDER_OCAÑA,295.0
COLOMBIA_NORTE SANTANDER_SALAZAR,1564.0
COLOMBIA_PUTUMAYO_MOCOA,608.0
COLOMBIA_PUTUMAYO_ORITO,351.0
COLOMBIA_PUTUMAYO_PUERTO LEGUIZAMO,195.0
COLOMBIA_PUTUMAYO_VALLE DEL GUAMUEZ,327.0
COLOMBIA_PUTUMAYO_VILLAGARZON,426.0
COLOMBIA_SANTANDER_CIMITARRA,160.0
COLOMBIA_SANTANDER_SAN GIL,1150.0
COLOMBIA_SUCRE_MAJAGUAL,18.0
COLOMBIA_SUCRE_SAN MARCOS,26.0
COLOMBIA_SUCRE_TOLU,11.0
COLOMBIA_TOLIMA_ALPUJARRA,1310.0
COLOMBIA_TOLIMA_CHAPARRAL,860.0
COLOMBIA_TOLIMA_COYAIMA,360.0
COLOMBIA_TOLIMA_LERIDA,350.0
COLOMBIA_TOLIMA_LIBANO,1581.0
COLOMBIA_TOLIMA_NATAGAIMA,324.0
COLOMBIA_TOLIMA_ORTEGA,396.0
COLOMBIA_TOLIMA_PRADO,436.0
COLOMBIA_TOLIMA_PURIFICACION,311.0
COLOMBIA_VALLE_BUGA,976.0
COLOMBIA_VALLE_DAGUA,881.0
COLOMBIA_VALLE_EL DOVIO,1430.0
COLOMBIA_VALLE_SAN PEDRO,990.0
COLOMBIA_ANTIOQUIA_CACERES,95.0
COLOMBIA_ANTIOQUIA_SEGOVIA,680.0
COLOMBIA_ANTIOQUIA_VALDIVIA,1097.0
COLOMBIA_ANTIOQUIA_VIGIA DEL FUERTE,8.0
COLOMBIA_ATLANTICO_REPELON,13.0
COLOMBIA_BOLIVAR_ACHI,25.0
COLOMBIA_BOLIVAR_ARROYOHONDO,34.0
COLOMBIA_BOLIVAR_MONTECRISTO,624.0
COLOMBIA_BOLIVAR_SAN MARTIN DE LOBA,42.0
COLOMBIA_BOLIVAR_ZAMBRANO,13.0
COLOMBIA_BOYACA_MACANAL,2024.0
COLOMBIA_BOYACA_MONIQUIRA,1671.0
COLOMBIA_BOYACA_PUERTO BOYACA,144.0
COLOMBIA_CAQUETA_BELEN DE LOS ANDAQUIES,301.0
COLOMBIA_CAQUETA_PUERTO RICO,256.0
COLOMBIA_CASANARE_SABANALARGA,473.0
COLOMBIA_CASANARE_TAURAMENA,461.0
COLOMBIA_CAUCA_MERCADERES,1144.0
COLOMBIA_CAUCA_MIRANDA,1094.0
COLOMBIA_CAUCA_PIAMONTE,302.0
COLOMBIA_CAUCA_PUERTO TEJADA,971.0
COLOMBIA_CAUCA_SANTA ROSA,1707.0
COLOMBIA_CAUCA_SUAREZ,1099.0
COLOMBIA_CESAR_BECERRIL,114.0
COLOMBIA_CESAR_CHIRIGUANA,33.0
COLOMBIA_CESAR_EL COPEY,140.0
COLOMBIA_CESAR_PAILITAS,75.0
COLOMBIA_CHOCO_BELÉN DE BAJIRA,2.0
COLOMBIA_CHOCO_MEDIO BAUDO (BOCA DE PEPE),10.0
COLOMBIA_CORDOBA_PUERTO ESCONDIDO,7.0
COLOMBIA_CORDOBA_PURISIMA,9.0
COLOMBIA_CORDOBA_SAN BERNARDO DEL VIENTO,5.0
COLOMBIA_CORDOBA_SAN JOSE DE URE,98.0
COLOMBIA_CUNDINAMARCA_EL COLEGIO,992.0
COLOMBIA_CUNDINAMARCA_GUADUAS,993.0
COLOMBIA_CUNDINAMARCA_PUERTO SALGAR,181.0
COLOMBIA_GUAJIRA_BARRANCAS,154.0
COLOMBIA_GUAJIRA_DISTRACCION,610.0
COLOMBIA_HUILA_GARZON,828.0
COLOMBIA_MAGDALENA_ARACATACA,34.0
COLOMBIA_MAGDALENA_GUAMAL,27.0
COLOMBIA_MAGDALENA_ZAPAYAN,26.0
COLOMBIA_MAGDALENA_ZONA BANANERA,18.0
COLOMBIA_META_CABUYARO,182.0
COLOMBIA_META_FUENTE DE ORO,258.0
COLOMBIA_META_PUERTO LOPEZ,184.0
COLOMBIA_META_VISTAHERMOSA,298.0
COLOMBIA_NARIÑO_LEIVA,1589.0
COLOMBIA_NARIÑO_MOSQUERA,12.0
COLOMBIA_NARIÑO_RICAURTE,1212.0
COLOMBIA_NORTE SANTANDER_SARDINATA,300.0
COLOMBIA_SANTANDER_BARICHARA,1295.0
COLOMBIA_SANTANDER_PUENTE NACIONAL,1627.0
COLOMBIA_SUCRE_SAN BENITO ABAD,22.0
COLOMBIA_SUCRE_SAN ONOFRE,38.0
COLOMBIA_TOLIMA_DOLORES,1172.0
COLOMBIA_TOLIMA_ROVIRA,1486.0
COLOMBIA_VALLE_BUGALAGRANDE,944.0
COLOMBIA_VALLE_FLORIDA,1369.0
COLOMBIA_VALLE_JAMUNDI,973.0
COLOMBIA_VALLE_TULUA,976.0
COLOMBIA_VALLE_ZARZAL,920.0
COLOMBIA_ANTIOQUIA_BURITICA,1639.0
COLOMBIA_ANTIOQUIA_SAN JUAN DE URABA,23.0
COLOMBIA_ANTIOQUIA_TARAZA,103.0
COLOMBIA_BOLIVAR_SANTA ROSA,24.0
COLOMBIA_BOLIVAR_TIQUISIO (PUERTO RICO),22.0
COLOMBIA_CAQUETA_ALBANIA,276.0
COLOMBIA_CAQUETA_CARTAGENA DEL CHAIRA,222.0
COLOMBIA_CAQUETA_SAN JOSE DEL FRAGUA,391.0
COLOMBIA_CESAR_GAMARRA,53.0
COLOMBIA_CESAR_PELAYA,67.0
COLOMBIA_CORDOBA_LA APARTADA,39.0
COLOMBIA_CUNDINAMARCA_CAQUEZA,1697.0
COLOMBIA_CUNDINAMARCA_GUAYABAL DE SIQUIMA,1601.0
COLOMBIA_CUNDINAMARCA_SILVANIA,1480.0
COLOMBIA_HUILA_ISNOS (SAN JOSE DE ISNOS),1697.0
COLOMBIA_HUILA_LA PLATA,1027.0
COLOMBIA_META_SAN JUAN DE ARAMA,443.0
COLOMBIA_SANTANDER_SOCORRO,1218.0
COLOMBIA_SUCRE_COVEÑAS,9.0
COLOMBIA_SUCRE_GUARANDA,19.0
COLOMBIA_TOLIMA_SALDAÑA,312.0
COLOMBIA_VALLE_RIOFRIO,1537.0
COLOMBIA_VICHADA_CUMARIBO,159.0
COLOMBIA_ANTIOQUIA_ARBOLETES,12.0
COLOMBIA_BOLIVAR_BARRANCO DE LOBA,34.0
COLOMBIA_BOLIVAR_MOMPOS,20.0
COLOMBIA_BOLIVAR_SANTA CATALINA,19.0
COLOMBIA_BOYACA_SOATA,2414.0
COLOMBIA_CHOCO_MEDIO SAN JUAN,40.0
COLOMBIA_CUNDINAMARCA_NIMAIMA,1112.0
COLOMBIA_CUNDINAMARCA_SASAIMA,1161.0
COLOMBIA_HUILA_ALGECIRAS,1285.0
COLOMBIA_HUILA_IQUIRA,1112.0
COLOMBIA_HUILA_PAICOL,870.0
COLOMBIA_HUILA_PITAL,1136.0
COLOMBIA_HUILA_PITALITO,1415.0
COLOMBIA_HUILA_SAN AGUSTIN,2561.0
COLOMBIA_HUILA_TIMANA,1159.0
COLOMBIA_MAGDALENA_ARIGUANI (EL DIFICIL),123.0
COLOMBIA_MAGDALENA_SANTA BARBARA DE PINTO,23.0
COLOMBIA_NARIÑO_ROBERTO PAYAN (SAN JOSE),30.0
COLOMBIA_SANTANDER_EL PLAYON,1131.0
COLOMBIA_SANTANDER_OIBA,1823.0
COLOMBIA_SANTANDER_PUERTO WILCHES,66.0
COLOMBIA_SANTANDER_SABANA DE TORRES,133.0
COLOMBIA_TOLIMA_VENADILLO,333.0
COLOMBIA_VALLE_DARIEN,1518.0
COLOMBIA_ANTIOQUIA_LIBORINA,710.0
COLOMBIA_BOLIVAR_CORDOBA,19.0
COLOMBIA_BOLIVAR_SAN ESTANISLAO,16.0
COLOMBIA_BOLIVAR_SAN FERNANDO,13.0
COLOMBIA_CALDAS_NORCASIA,732.0
COLOMBIA_CAQUETA_SOLITA,218.0
COLOMBIA_CAQUETA_VALPARAISO,226.0
COLOMBIA_CESAR_SAN ALBERTO,118.0
COLOMBIA_CHOCO_BAGADO,113.0
COLOMBIA_CHOCO_CARMEN DEL DARIEN,6.0
COLOMBIA_CHOCO_UNGUIA,13.0
COLOMBIA_CORDOBA_BUENAVISTA,43.0
COLOMBIA_CORDOBA_CHIMA,8.0
COLOMBIA_CUNDINAMARCA_VERGARA,1523.0
COLOMBIA_MAGDALENA_SAN SEBASTIAN DE BUENAVISTA,27.0
COLOMBIA_NORTE SANTANDER_TIBU,59.0
COLOMBIA_PUTUMAYO_PUERTO GUZMAN,278.0
COLOMBIA_RISARALDA_SANTUARIO,1561.0
COLOMBIA_SUCRE_SUCRE,
COLOMBIA_VALLE_TRUJILLO,1313.0
COLOMBIA_AMAZONAS_PUERTO NARIÑO,88.0
COLOMBIA_ANTIOQUIA_PUERTO TRIUNFO,
COLOMBIA_ANTIOQUIA_SAN LUIS,1079.0
COLOMBIA_ANTIOQUIA_VEGACHI,833.0
COLOMBIA_ANTIOQUIA_YALI,
COLOMBIA_ATLANTICO_CANDELARIA,14.0
COLOMBIA_ATLANTICO_LURUACO,34.0
COLOMBIA_BOLIVAR_SAN JACINTO DEL CAUCA,27.0
COLOMBIA_BOLIVAR_SAN PABLO,62.0
COLOMBIA_BOYACA_CHITARAQUE,1577.0
COLOMBIA_CASANARE_OROCUE,134.0
COLOMBIA_CASANARE_PORE,284.0
COLOMBIA_CAUCA_CALDONO,1703.0
COLOMBIA_CESAR_RIO DE ORO,1175.0
COLOMBIA_CESAR_TAMALAMEQUE,35.0
COLOMBIA_CHOCO_CANTON DE SAN PABLO (MANAGRU),49.0
COLOMBIA_CHOCO_RIO IRO,364.0
COLOMBIA_CORDOBA_CANALETE,71.0
COLOMBIA_CUNDINAMARCA_LA VEGA,1175.0
COLOMBIA_META_BARRANCA DE UPIA,236.0
COLOMBIA_SANTANDER_BARBOSA,1565.0
COLOMBIA_SANTANDER_EL CARMEN DE CHUCURI,771.0
COLOMBIA_ANTIOQUIA_PEQUE,1208.0
COLOMBIA_ARAUCA_ARAUQUITA,150.0
COLOMBIA_BOLIVAR_PINILLOS,13.0
COLOMBIA_BOLIVAR_SIMITI,50.0
COLOMBIA_CESAR_CHIMICHAGUA,36.0
COLOMBIA_CHOCO_BOJAYA (BELLAVISTA),93.0
COLOMBIA_CUNDINAMARCA_LA MESA,1273.0
COLOMBIA_CUNDINAMARCA_UBALA,1882.0
COLOMBIA_CUNDINAMARCA_UTICA,505.0
COLOMBIA_NARIÑO_MAGUI (PAYAN),56.0
COLOMBIA_RISARALDA_PUEBLO RICO,1560.0
COLOMBIA_SANTANDER_PINCHOTE,1197.0
COLOMBIA_SUCRE_CAIMITO,24.0
COLOMBIA_TOLIMA_RIOBLANCO,1038.0
COLOMBIA_VALLE_ANDALUCIA,957.0
COLOMBIA_ANTIOQUIA_YOLOMBO,1466.0
COLOMBIA_ANTIOQUIA_ZARAGOZA,67.0
COLOMBIA_ARAUCA_CRAVO NORTE,106.0
COLOMBIA_BOLIVAR_ALTOS DEL ROSARIO,26.0
COLOMBIA_CAUCA_CORINTO,1907.0
COLOMBIA_CHOCO_CERTEGUI,48.0
COLOMBIA_CORDOBA_MOMIL,10.0
COLOMBIA_CUNDINAMARCA_LA PEÑA,1236.0
COLOMBIA_MAGDALENA_EL PIÑON,9.0
COLOMBIA_META_LA MACARENA,230.0
COLOMBIA_SANTANDER_ARATOCA,1759.0
COLOMBIA_SANTANDER_RIONEGRO,133.0
COLOMBIA_VALLE_ROLDANILLO,945.0
COLOMBIA_BOLIVAR_ARENAL,42.0
COLOMBIA_BOYACA_SAN PABLO DE BORBUR,560.0
COLOMBIA_CASANARE_NUNCHIA,225.0
COLOMBIA_CAUCA_MORALES,1766.0
COLOMBIA_CESAR_EL PASO,39.0
COLOMBIA_CHOCO_SIPI,297.0
COLOMBIA_CUNDINAMARCA_CAPARRAPI,1260.0
COLOMBIA_GUAJIRA_EL MOLINO,559.0
COLOMBIA_HUILA_ACEVEDO,1171.0
COLOMBIA_TOLIMA_CUNDAY,614.0
COLOMBIA_VICHADA_LA PRIMAVERA,91.0
COLOMBIA_CAUCA_GUACHENÈ,1000.0
COLOMBIA_CESAR_GONZALEZ,1301.0
COLOMBIA_CESAR_SAN MARTIN,113.0
COLOMBIA_CUNDINAMARCA_VIOTA,561.0
COLOMBIA_MAGDALENA_CHIVOLO,133.0
COLOMBIA_META_EL DORADO,547.0
COLOMBIA_NORTE SANTANDER_LA ESPERANZA,1205.0
COLOMBIA_SUCRE_LA UNION,56.0
COLOMBIA_TOLIMA_SAN ANTONIO,2653.0
COLOMBIA_AMAZONAS_LA PEDRERA (CD),71.0
COLOMBIA_BOLIVAR_HATILLO DE LOBA,28.0
COLOMBIA_BOYACA_CAMPOHERMOSO,840.0
COLOMBIA_SANTANDER_CHARALA,1280.0
COLOMBIA_ANTIOQUIA_BARBOSA,1300.0
COLOMBIA_ANTIOQUIA_SAN RAFAEL,1010.0
COLOMBIA_ATLANTICO_CAMPO DE LA CRUZ,9.0
COLOMBIA_CASANARE_AGUAZUL,280.0
COLOMBIA_CHOCO_NOVITA,89.0
COLOMBIA_CHOCO_NUQUI,4.0
COLOMBIA_NORTE SANTANDER_EL TARRA,584.0
COLOMBIA_TOLIMA_ATACO,454.0
COLOMBIA_AMAZONAS_TARAPACA (CD),65.0
COLOMBIA_ANTIOQUIA_ITUANGO,1600.0
COLOMBIA_BOLIVAR_EL PEÑON,25.0
COLOMBIA_CAUCA_PAEZ,1643.0
COLOMBIA_CUNDINAMARCA_LA PALMA,1458.0
COLOMBIA_CUNDINAMARCA_NOCAIMA,1104.0
COLOMBIA_NORTE SANTANDER_EL CARMEN,510.0
COLOMBIA_SANTANDER_LANDAZURI,924.0
COLOMBIA_SANTANDER_VELEZ,1362.0
COLOMBIA_TOLIMA_PLANADAS,3070.0
COLOMBIA_ATLANTICO_PIOJO,296.0
COLOMBIA_CASANARE_TAMARA,1122.0
COLOMBIA_CHOCO_EL CARMEN DE ATRATO,1525.0
COLOMBIA_CUNDINAMARCA_YACOPI,1281.0
COLOMBIA_ANTIOQUIA_MURINDO,6.0
COLOMBIA_BOLIVAR_MAHATES,9.0
COLOMBIA_CASANARE_MONTERREY,442.0
COLOMBIA_CAUCA_VILLARICA,970.0
COLOMBIA_HUILA_ELIAS,1300.0
COLOMBIA_RISARALDA_APIA,1624.0
COLOMBIA_VALLE_SEVILLA,1622.0
COLOMBIA_ANTIOQUIA_SONSON,2481.0
COLOMBIA_BOLIVAR_CALAMAR,10.0
COLOMBIA_CASANARE_HATO COROZAL,186.0
COLOMBIA_CUNDINAMARCA_BELTRAN,249.0
COLOMBIA_CUNDINAMARCA_SUTATAUSA,2600.0
COLOMBIA_HUILA_PALESTINA,1519.0
COLOMBIA_MAGDALENA_SAN ZENON,40.0
COLOMBIA_MAGDALENA_TENERIFE,22.0
COLOMBIA_NORTE SANTANDER_BUCARASICA,1096.0
COLOMBIA_ANTIOQUIA_DABEIBA,411.0
COLOMBIA_BOYACA_GARAGOA,1685.0
COLOMBIA_BOYACA_QUIPAMA,1302.0
COLOMBIA_CASANARE_MANI,171.0
COLOMBIA_CESAR_LA GLORIA,35.0
COLOMBIA_HUILA_TESALIA,827.0
COLOMBIA_RISARALDA_QUINCHIA,1835.0
COLOMBIA_SANTANDER_ENCISO,2048.0
COLOMBIA_SANTANDER_PALMAR,901.0
COLOMBIA_SANTANDER_SANTA HELENA DEL OPON,1111.0
COLOMBIA_TOLIMA_AMBALEMA,233.0
COLOMBIA_CALDAS_CHINCHINA,1380.0
COLOMBIA_SANTANDER_CAPITANEJO,1469.0
COLOMBIA_SANTANDER_SUAITA,1512.0
COLOMBIA_BOYACA_GUATEQUE,2157.0
COLOMBIA_BOYACA_PAJARITO,1485.0
COLOMBIA_CAUCA_INZA,1775.0
COLOMBIA_HUILA_SALADOBLANCO,1479.0
COLOMBIA_MAGDALENA_SABANAS DE SAN ANGEL,148.0
COLOMBIA_SANTANDER_PARAMO,1407.0
COLOMBIA_VAUPES_PACOA (CD),150.0
COLOMBIA_ARAUCA_PUERTO RONDON,141.0
COLOMBIA_BOLIVAR_TALAIGUA NUEVO,17.0
COLOMBIA_BOYACA_CHINAVITA,2425.0
COLOMBIA_CUNDINAMARCA_QUEBRADANEGRA,1363.0
COLOMBIA_HUILA_TARQUI,845.0
COLOMBIA_MAGDALENA_CERRO SAN ANTONIO,12.0
COLOMBIA_NORTE SANTANDER_CUCUTILLA,1288.0
COLOMBIA_SANTANDER_COROMORO,2111.0
COLOMBIA_SANTANDER_MALAGA,2209.0
COLOMBIA_SANTANDER_VILLANUEVA,1454.0
COLOMBIA_VAUPES_TARAIRA,124.0
COLOMBIA_ANTIOQUIA_LA PINTADA,595.0
COLOMBIA_BOLIVAR_MORALES,41.0
COLOMBIA_HUILA_AGRADO,792.0
COLOMBIA_NORTE SANTANDER_ARBOLEDAS,938.0
COLOMBIA_SANTANDER_CURITI,1870.0
COLOMBIA_ATLANTICO_SUAN,5.0
COLOMBIA_BOLIVAR_MARGARITA,20.0
COLOMBIA_CUNDINAMARCA_PANDI,916.0
COLOMBIA_MAGDALENA_PIJIÑO DEL CARMEN (PIJIÑO),19.0
COLOMBIA_NARIÑO_LA TOLA,1.0
COLOMBIA_BOYACA_ZETAQUIRA,1657.0
COLOMBIA_HUILA_YAGUARA,574.0
COLOMBIA_SANTANDER_CONFINES,1514.0
COLOMBIA_MAGDALENA_SALAMINA,7.0
COLOMBIA_NARIÑO_EL ROSARIO,1610.0
COLOMBIA_NORTE SANTANDER_CONVENCION,1011.0
COLOMBIA_VALLE_YOTOCO,998.0
COLOMBIA_BOLIVAR_CICUCO,15.0
COLOMBIA_BOYACA_MUZO,840.0
COLOMBIA_NORTE SANTANDER_CACHIRA,100.0
COLOMBIA_SANTANDER_SAN JOSE DE MIRANDA,1850.0
COLOMBIA_ANTIOQUIA_CAÑASGORDAS,1276.0
COLOMBIA_ANTIOQUIA_SANTA ROSA DE OSOS,2578.0
COLOMBIA_NORTE SANTANDER_HACARI,1041.0
COLOMBIA_RISARALDA_MISTRATO,1549.0
COLOMBIA_SANTANDER_CONTRATACION,1649.0
COLOMBIA_ANTIOQUIA_ANORI,1593.0
COLOMBIA_ANTIOQUIA_FRONTINO,1388.0
COLOMBIA_BOLIVAR_CANTAGALLO,62.0
COLOMBIA_CAUCA_BALBOA,1624.0
COLOMBIA_CAUCA_BOLIVAR,1307.0
COLOMBIA_CHOCO_ALTO BAUDO (PIE DE PATO),379.0
COLOMBIA_HUILA_LA ARGENTINA,1522.0
COLOMBIA_MAGDALENA_ALGARROBO,111.0
COLOMBIA_NORTE SANTANDER_TEORAMA,879.0
COLOMBIA_BOYACA_PAIPA,2514.0
COLOMBIA_SANTANDER_MOGOTES,1645.0
COLOMBIA_BOLIVAR_SAN JACINTO,240.0
COLOMBIA_CALDAS_AGUADAS,2177.0
COLOMBIA_NORTE SANTANDER_SAN CALIXTO,1627.0
COLOMBIA_ANTIOQUIA_SAN FRANCISCO,650.0
COLOMBIA_ANTIOQUIA_URAMITA,649.0
COLOMBIA_CHOCO_TADO,78.0
COLOMBIA_CUNDINAMARCA_CHOCONTA,2675.0
COLOMBIA_MAGDALENA_PUEBLOVIEJO,0.0
COLOMBIA_ANTIOQUIA_MACEO,948.0
COLOMBIA_SANTANDER_CHIMA,1145.0
COLOMBIA_SANTANDER_GUADALUPE,1445.0
COLOMBIA_CAUCA_SUCRE,1136.0
COLOMBIA_RISARALDA_GUATICA,1917.0
COLOMBIA_RISARALDA_SANTA ROSA DE CABAL,1697.0
COLOMBIA_SANTANDER_EL PEÑON,611.0
COLOMBIA_SANTANDER_PUERTO PARRA,122.0
COLOMBIA_SANTANDER_SAN ANDRES,1600.0
COLOMBIA_ANTIOQUIA_BRICENO,1450.0
COLOMBIA_BOYACA_EL ESPINO,2147.0
COLOMBIA_BOYACA_FIRAVITOBA,2744.0
COLOMBIA_BOYACA_SAN JOSE DE PARE,1664.0
COLOMBIA_CUNDINAMARCA_PULI,1280.0
COLOMBIA_AMAZONAS_LA CHORRERA (CD),118.0
COLOMBIA_BOLIVAR_SAN CRISTOBAL,15.0
COLOMBIA_CUNDINAMARCA_ANOLAIMA,1667.0
COLOMBIA_SANTANDER_CONCEPCION,2004.0
COLOMBIA_SANTANDER_SUCRE,838.0
COLOMBIA_ANTIOQUIA_AMALFI,1554.0
COLOMBIA_ANTIOQUIA_BETANIA,1557.0
COLOMBIA_HUILA_BARAYA,2340.0
COLOMBIA_NORTE SANTANDER_LA PLAYA,2572.0
COLOMBIA_ANTIOQUIA_CISNEROS,1035.0
COLOMBIA_BOYACA_TUNJA,2782.0
COLOMBIA_CUNDINAMARCA_ARBELAEZ,1365.0
COLOMBIA_MAGDALENA_CONCORDIA,15.0
COLOMBIA_NORTE SANTANDER_CHITAGA,2334.0
COLOMBIA_ANTIOQUIA_SAN JOSE DE LA MONTANA,2856.0
COLOMBIA_BOYACA_CHIQUINQUIRA,2566.0
COLOMBIA_BOYACA_SAN MATEO,2021.0
COLOMBIA_CUNDINAMARCA_VILLAPINZON,2745.0
COLOMBIA_HUILA_NATAGA,1402.0
COLOMBIA_NARIÑO_SAMANIEGO,1499.0
COLOMBIA_ANTIOQUIA_SALGAR,1297.0
COLOMBIA_SANTANDER_CALIFORNIA,2038.0
COLOMBIA_SANTANDER_SIMACOTA,166.0
COLOMBIA_SANTANDER_CERRITO,2504.0
COLOMBIA_VALLE_BOLIVAR,934.0
COLOMBIA_ANTIOQUIA_SAN ROQUE,1430.0
COLOMBIA_CUNDINAMARCA_FOMEQUE,1872.0
COLOMBIA_NORTE SANTANDER_PAMPLONITA,1742.0
COLOMBIA_CHOCO_JURADO,6.0
COLOMBIA_HUILA_ALTAMIRA,963.0
COLOMBIA_NARIÑO_MALLAMA (PIEDRANCHA),1807.0
COLOMBIA_SANTANDER_OCAMONTE,1404.0
COLOMBIA_VAUPES_CARURU,182.0
COLOMBIA_ANTIOQUIA_OLAYA,537.0
COLOMBIA_NORTE SANTANDER_PAMPLONA,2296.0
COLOMBIA_SANTANDER_MOLAGAVITA,2059.0
COLOMBIA_CALDAS_PALESTINA,1593.0
COLOMBIA_CAUCA_FLORENCIA,1584.0
COLOMBIA_CAUCA_JAMBALO,2320.0
COLOMBIA_CAUCA_LA SIERRA,1768.0
COLOMBIA_HUILA_OPORAPA,1382.0
COLOMBIA_NORTE SANTANDER_TOLEDO,1639.0
COLOMBIA_SANTANDER_GUAPOTA,1456.0
COLOMBIA_SANTANDER_JORDAN,888.0
COLOMBIA_BOYACA_COVARACHIA,2328.0
COLOMBIA_BOYACA_PAUNA,1155.0
COLOMBIA_CUNDINAMARCA_MACHETA,2073.0
COLOMBIA_CUNDINAMARCA_MANTA,1841.0
COLOMBIA_TOLIMA_VILLARICA,1688.0
COLOMBIA_ANTIOQUIA_SOPETRAN,754.0
COLOMBIA_SANTANDER_GALAN,936.0
COLOMBIA_SANTANDER_SAN MIGUEL,1918.0
COLOMBIA_HUILA_TERUEL,871.0
COLOMBIA_RISARALDA_BELEN DE UMBRIA,1490.0
ARUBA_EXTERIOR_EXTERIOR_ARUBA,36.0
COLOMBIA_AMAZONAS_LETICIA,81.0
COLOMBIA_ANTIOQUIA_APARTADO,29.0
COLOMBIA_ANTIOQUIA_CAREPA,10.0
COLOMBIA_ANTIOQUIA_CHIGORODO,46.0
COLOMBIA_ANTIOQUIA_COPACABANA,1421.0
COLOMBIA_ANTIOQUIA_ITAGUI,1567.0
COLOMBIA_ANTIOQUIA_MEDELLIN,1613.0
COLOMBIA_ANTIOQUIA_TURBO,5.0
COLOMBIA_ARAUCA_ARAUCA,133.0
COLOMBIA_ARAUCA_FORTUL,239.0
COLOMBIA_ARAUCA_SARAVENA,192.0
COLOMBIA_ATLANTICO_BARANOA,
COLOMBIA_ATLANTICO_BARRANQUILLA,
COLOMBIA_ATLANTICO_GALAPA,91.0
COLOMBIA_ATLANTICO_JUAN DE ACOSTA,47.0
COLOMBIA_ATLANTICO_MALAMBO,15.0
COLOMBIA_ATLANTICO_PALMAR DE VARELA,11.0
COLOMBIA_ATLANTICO_PUERTO COLOMBIA,14.0
COLOMBIA_ATLANTICO_SABANAGRANDE,17.0
COLOMBIA_ATLANTICO_SABANALARGA,98.0
COLOMBIA_ATLANTICO_SANTO TOMAS,10.0
COLOMBIA_ATLANTICO_SOLEDAD,25.0
COLOMBIA_BOLIVAR_ARJONA,62.0
COLOMBIA_BOLIVAR_CARTAGENA,6.0
COLOMBIA_BOLIVAR_CLEMENCIA,63.0
COLOMBIA_BOLIVAR_TURBACO,181.0
COLOMBIA_BOLIVAR_VILLANUEVA,102.0
COLOMBIA_CAQUETA_FLORENCIA,271.0
COLOMBIA_CAQUETA_LA MONTANITA,243.0
COLOMBIA_CAUCA_GUAPI,5.0
COLOMBIA_CESAR_MANAURE BALCON DEL CESAR,763.0
COLOMBIA_CESAR_SAN DIEGO,171.0
COLOMBIA_CESAR_VALLEDUPAR,171.0
COLOMBIA_CHOCO_LLORO,176.0
COLOMBIA_CHOCO_MEDIO ATRATO,36.0
COLOMBIA_CHOCO_QUIBDO,31.0
COLOMBIA_CORDOBA_CERETE,16.0
COLOMBIA_CORDOBA_CHINU,116.0
COLOMBIA_CORDOBA_COTORRA,11.0
COLOMBIA_CORDOBA_MONTERIA,19.0
COLOMBIA_CORDOBA_SAN ANDRES SOTAVENTO,109.0
COLOMBIA_CORDOBA_TUCHIN,49.0
COLOMBIA_CUNDINAMARCA_AGUA DE DIOS,393.0
COLOMBIA_CUNDINAMARCA_GIRARDOT,283.0
COLOMBIA_CUNDINAMARCA_NILO,335.0
COLOMBIA_CUNDINAMARCA_RICAURTE,285.0
COLOMBIA_CUNDINAMARCA_SOACHA,2561.0
COLOMBIA_CUNDINAMARCA_TOCAIMA,400.0
COLOMBIA_GUAJIRA_RIOHACHA,120.0
COLOMBIA_GUAJIRA_URUMITA,247.0
COLOMBIA_GUAJIRA_VILLANUEVA,230.0
COLOMBIA_GUAVIARE_EL RETORNO,201.0
COLOMBIA_GUAVIARE_SAN JOSE DEL GUAVIARE,187.0
COLOMBIA_HUILA_CAMPOALEGRE,534.0
COLOMBIA_HUILA_NEIVA,457.0
COLOMBIA_HUILA_PALERMO,553.0
COLOMBIA_MAGDALENA_SANTA MARTHA,628.0
COLOMBIA_META_ACACIAS,538.0
COLOMBIA_META_CASTILLA LA NUEVA,417.0
COLOMBIA_META_PUERTO CONCORDIA,220.0
COLOMBIA_META_VILLAVICENCIO,424.0
COLOMBIA_NARIÑO_EL CHARCO,0.0
COLOMBIA_NARIÑO_SANTA BARBARA (ISCUANDE),4.0
COLOMBIA_NARIÑO_TAMINANGO,1520.0
COLOMBIA_NARIÑO_TUMACO,5.0
COLOMBIA_NORTE SANTANDER_LOS PATIOS,402.0
COLOMBIA_NORTE SANTANDER_VILLA DEL ROSARIO,440.0
COLOMBIA_PUTUMAYO_SAN MIGUEL (LA DORADA),301.0
COLOMBIA_QUINDIO_ARMENIA,1479.0
COLOMBIA_RISARALDA_PEREIRA,1170.0
COLOMBIA_SAN ANDRES_SAN ANDRES,26.0
COLOMBIA_SANTANDER_BARRANCABERMEJA,82.0
COLOMBIA_SANTANDER_BUCARAMANGA,1215.0
COLOMBIA_SANTANDER_FLORIDABLANCA,928.0
COLOMBIA_SANTANDER_GIRON,688.0
COLOMBIA_SANTANDER_LEBRIJA,1016.0
COLOMBIA_SANTANDER_PIEDECUESTA,1004.0
COLOMBIA_SUCRE_COROZAL,157.0
COLOMBIA_SUCRE_LOS PALMITOS,182.0
COLOMBIA_SUCRE_MORROA,165.0
COLOMBIA_SUCRE_OVEJAS,259.0
COLOMBIA_SUCRE_SAMPUES,151.0
COLOMBIA_SUCRE_SAN JUAN DE BETULIA,146.0
COLOMBIA_SUCRE_SAN PEDRO,139.0
COLOMBIA_SUCRE_SINCE,138.0
COLOMBIA_SUCRE_SINCELEJO,214.0
COLOMBIA_SUCRE_TOLUVIEJO,71.0
COLOMBIA_TOLIMA_ARMERO (GUAYABAL),359.0
COLOMBIA_TOLIMA_ESPINAL,323.0
COLOMBIA_TOLIMA_FLANDES,285.0
COLOMBIA_TOLIMA_GUAMO,321.0
COLOMBIA_TOLIMA_HONDA,220.0
COLOMBIA_TOLIMA_IBAGUE,1180.0
COLOMBIA_TOLIMA_MARIQUITA,488.0
COLOMBIA_TOLIMA_MELGAR,322.0
COLOMBIA_VALLE_BUENAVENTURA,14.0
COLOMBIA_VALLE_CALI,1010.0
COLOMBIA_VALLE_CANDELARIA,982.0
COLOMBIA_VALLE_EL CERRITO,993.0
COLOMBIA_VALLE_PALMIRA,1007.0
COLOMBIA_VALLE_YUMBO,999.0
COLOMBIA_VAUPES_MITU,175.0
COLOMBIA_ANTIOQUIA_ANTIOQUIA,1483.0
COLOMBIA_ANTIOQUIA_ENVIGADO,1576.0
COLOMBIA_ARAUCA_TAME,314.0
COLOMBIA_CAQUETA_MILAN,220.0
COLOMBIA_CAQUETA_MORELIA,260.0
COLOMBIA_CESAR_ROBLES (LA PAZ),170.0
COLOMBIA_CORDOBA_SAN PELAYO,25.0
COLOMBIA_CUNDINAMARCA_FACATATIVA,2588.0
COLOMBIA_CUNDINAMARCA_TENJO,2567.0
COLOMBIA_HUILA_AIPE,399.0
COLOMBIA_META_CUMARAL,417.0
COLOMBIA_META_GUAMAL,523.0
COLOMBIA_META_RESTREPO,484.0
COLOMBIA_NORTE SANTANDER_CHINACOTA,1222.0
COLOMBIA_NORTE SANTANDER_SAN CAYETANO,424.0
COLOMBIA_SUCRE_CHALAN,284.0
COLOMBIA_SUCRE_EL ROBLE,95.0
COLOMBIA_SUCRE_PALMITO,35.0
COLOMBIA_TOLIMA_CARMEN DE APICALA,315.0
COLOMBIA_ANTIOQUIA_YONDO (CASABE),74.0
COLOMBIA_ATLANTICO_PONEDERA,12.0
COLOMBIA_CALDAS_VICTORIA,711.0
COLOMBIA_CORDOBA_SAN CARLOS,15.0
COLOMBIA_GUAINIA_PUERTO INIRIDA,98.0
COLOMBIA_HUILA_RIVERA,724.0
COLOMBIA_NARIÑO_EL TAMBO,2179.0
COLOMBIA_NARIÑO_POLICARPA,1047.0
COLOMBIA_NORTE SANTANDER_EL ZULIA,1095.0
COLOMBIA_NORTE SANTANDER_SANTIAGO,466.0
COLOMBIA_PUTUMAYO_PUERTO ASIS,257.0
COLOMBIA_QUINDIO_SALENTO,1992.0
COLOMBIA_SUCRE_BUENAVISTA,105.0
COLOMBIA_SUCRE_GALERAS (NUEVA GRANADA),93.0
COLOMBIA_TOLIMA_ALVARADO,415.0
COLOMBIA_TOLIMA_COELLO,299.0
COLOMBIA_TOLIMA_FALAN,971.0
COLOMBIA_VALLE_ALCALA,1226.0
COLOMBIA_VALLE_GUACARI,973.0
COLOMBIA_VALLE_RESTREPO,1403.0
COLOMBIA_ANTIOQUIA_SABANETA,1592.0
COLOMBIA_ATLANTICO_USIACURI,120.0
COLOMBIA_CAQUETA_EL PAUJIL,344.0
COLOMBIA_HUILA_VILLAVIEJA,385.0
COLOMBIA_MAGDALENA_CIENAGA,5.0
COLOMBIA_TOLIMA_FRESNO,1477.0
COLOMBIA_TOLIMA_SAN LUIS,483.0
COLOMBIA_TOLIMA_SUAREZ,293.0
COLOMBIA_CAQUETA_EL DONCELLO,365.0
COLOMBIA_CUNDINAMARCA_CAJICA,2556.0
COLOMBIA_PUTUMAYO_PUERTO CAICEDO,274.0
COLOMBIA_ANTIOQUIA_BELLO,1443.0
COLOMBIA_ANTIOQUIA_CALDAS,1750.0
COLOMBIA_ATLANTICO_TUBARA,241.0
COLOMBIA_CUNDINAMARCA_FUNZA,2546.0
COLOMBIA_CUNDINAMARCA_TOCANCIPA,2560.0
COLOMBIA_HUILA_TELLO,575.0
COLOMBIA_NARIÑO_IPIALES,2902.0
COLOMBIA_RISARALDA_DOSQUEBRADAS,1442.0
COLOMBIA_SANTANDER_SAN VICENTE DE CHUCURI,882.0
COLOMBIA_VALLE_CARTAGO,906.0
COLOMBIA_VALLE_OBANDO,942.0
COLOMBIA_VALLE_PRADERA,1062.0
COLOMBIA_BOYACA_CUBARA,359.0
COLOMBIA_CAUCA_TIMBIO,1784.0
COLOMBIA_QUINDIO_LA TEBAIDA,1195.0
COLOMBIA_TOLIMA_PALOCABILDO,1467.0
COLOMBIA_TOLIMA_PIEDRAS,393.0
COLOMBIA_VALLE_LA UNION,1457.0
COLOMBIA_VALLE_VIJES,974.0
COLOMBIA_CHOCO_BAHIA SOLANO (MUTIS),5.0
COLOMBIA_CUNDINAMARCA_SUPATA,1892.0
COLOMBIA_NORTE SANTANDER_DURANIA,958.0
COLOMBIA_SUCRE_COLOSO (RICAURTE),157.0
COLOMBIA_TOLIMA_ANZOATEGUI,1957.0
COLOMBIA_TOLIMA_ICONONZO,1286.0
COLOMBIA_VICHADA_PUERTO CARREÑO,56.0
COLOMBIA_CORDOBA_CIENAGA DE ORO,13.0
COLOMBIA_QUINDIO_MONTENEGRO,1281.0
COLOMBIA_CAUCA_TIMBIQUI,3.0
COLOMBIA_CUNDINAMARCA_GUATAQUI,254.0
COLOMBIA_NORTE SANTANDER_PUERTO SANTANDER,49.0
COLOMBIA_QUINDIO_CALARCA,1543.0
COLOMBIA_ANTIOQUIA_EBEJICO,1163.0
COLOMBIA_ANTIOQUIA_LA CEJA,2396.0
COLOMBIA_ANTIOQUIA_SAN JERONIMO,734.0
COLOMBIA_CALDAS_MANIZALES,2054.0
COLOMBIA_CAUCA_POPAYAN,1743.0
COLOMBIA_CHOCO_ATRATO,44.0
COLOMBIA_RISARALDA_LA CELIA,1387.0
COLOMBIA_CUNDINAMARCA_SAN FRANCISCO,2004.0
COLOMBIA_ANTIOQUIA_ANZA,649.0
COLOMBIA_CUNDINAMARCA_CACHIPAY,1409.0
COLOMBIA_VALLE_GINEBRA,1032.0
COLOMBIA_CUNDINAMARCA_JERUSALEN,300.0
COLOMBIA_QUINDIO_CIRCASIA,1677.0
COLOMBIA_RISARALDA_LA VIRGINIA,901.0
COLOMBIA_VALLE_EL AGUILA,1522.0
COLOMBIA_ANTIOQUIA_COCORNA,1281.0
COLOMBIA_CAUCA_EL TAMBO,1733.0
COLOMBIA_CUNDINAMARCA_SUBACHOQUE,2547.0
COLOMBIA_CUNDINAMARCA_GUAYABETAL,963.0
ECUADOR_EXTERIOR_EXTERIOR_ECUADOR,182.0
COLOMBIA_BOLIVAR_TURBANA,28.0
COLOMBIA_CUNDINAMARCA_UBAQUE,2542.0
COLOMBIA_SANTANDER_BETULIA,1835.0
COLOMBIA_SANTANDER_LOS SANTOS,1707.0
COLOMBIA_CUNDINAMARCA_TENA,1198.0
COLOMBIA_NORTE SANTANDER_BOCHALEMA,1063.0
COLOMBIA_TOLIMA_VALLE DE SAN JUAN,592.0
COLOMBIA_ANTIOQUIA_SANTA BARBARA,1809.0
COLOMBIA_CALDAS_MANZANARES,1848.0
COLOMBIA_NARIÑO_FRANCISCO PIZARRO (SALAHONDA),6.0
COLOMBIA_ANTIOQUIA_VENECIA,1332.0
COLOMBIA_NARIÑO_SAN LORENZO,2078.0
COLOMBIA_CUNDINAMARCA_LA CALERA,2791.0
COLOMBIA_CUNDINAMARCA_SIBATE,2690.0
COLOMBIA_QUINDIO_QUIMBAYA,1305.0
COLOMBIA_VALLE_CAICEDONIA,1302.0
GUATEMALA_EXTERIOR_EXTERIOR_GUATEMALA,886.0
COLOMBIA_ANTIOQUIA_CARMEN DE VIBORAL,2152.0
COLOMBIA_ANTIOQUIA_LA ESTRELLA,1754.0
COLOMBIA_SANTANDER_MATANZA,1577.0
COLOMBIA_NARIÑO_SANDONA,1811.0
COLOMBIA_SAN ANDRES_PROVIDENCIA,5.0
COLOMBIA_VALLE_TORO,958.0
COLOMBIA_CUNDINAMARCA_NARIÑO,263.0
COLOMBIA_VALLE_LA VICTORIA,919.0
COLOMBIA_CALDAS_VILLAMARIA,1890.0
COLOMBIA_VALLE_ANSERMANUEVO,964.0
COSTA RICA_EXTERIOR_COSTA RICA,1021.0
COLOMBIA_QUINDIO_CORDOBA,1520.0
COLOMBIA_ANTIOQUIA_AMAGA,1361.0
COLOMBIA_TOLIMA_MURILLO,3241.0
COLOMBIA_VALLE_LA CUMBRE,1564.0
COLOMBIA_CALDAS_NEIRA,1774.0
COLOMBIA_NORTE SANTANDER_GRAMALOTE,440.0
COLOMBIA_CUNDINAMARCA_ZIPAQUIRA,2612.0
COLOMBIA_NARIÑO_PASTO,2536.0
COLOMBIA_TOLIMA_VILLAHERMOSA,2517.0
COLOMBIA_ANTIOQUIA_BOLIVAR,2125.0
COLOMBIA_CAUCA_PIENDAMO,1873.0
COLOMBIA_CALDAS_MARQUETALIA,1550.0
COLOMBIA_CALDAS_SAMANA,1462.0
COLOMBIA_GUAJIRA_LA JAGUA DEL PILAR,202.0
COLOMBIA_CUNDINAMARCA_SAN ANTONIO DE TEQUENDAMA,1444.0
COLOMBIA_ANTIOQUIA_GUATAPE,1886.0
COLOMBIA_CAUCA_ROSAS,1718.0
ESTADOS UNIDOS DE AMÉRICA_EXTERIOR_EXTERIOR_ESTADOS UNIDOS,833.0
COLOMBIA_HUILA_SANTA MARIA,1380.0
COLOMBIA_SANTANDER_TONA,1950.0
INDIA_EXTERIOR_EXTERIOR_INDIA,955.0
COLOMBIA_CUNDINAMARCA_ZIPACON,2538.0
COLOMBIA_TOLIMA_CAJAMARCA,1809.0
COLOMBIA_CUNDINAMARCA_MOSQUERA,2550.0
FINLANDIA_EXTERIOR_FINLANDIA,0.0
COLOMBIA_ANTIOQUIA_GIRARDOTA,1405.0
CURACAO_EXTERIOR_CURACAO,0.0
COLOMBIA_CHOCO_SAN JOSE DEL PALMAR,1070.0
COLOMBIA_CUNDINAMARCA_CHIA,2553.0
COLOMBIA_RISARALDA_BALBOA,1168.0
COLOMBIA_NARIÑO_LA UNION,1772.0
COLOMBIA_SANTANDER_ZAPATOCA,1699.0
COLOMBIA_CAUCA_CAJIBIO,1828.0
COLOMBIA_ANTIOQUIA_RIONEGRO,2091.0
COLOMBIA_CAUCA_SILVIA,2495.0
COLOMBIA_QUINDIO_BUENAVISTA,1480.0
COMORAS_EXTERIOR_EXTERIOR_COMORAS ,258.0
